2026-07-10 14:41:54.729 +05:30 [INF] User profile is available. Using 'C:\Users\310508\AppData\Local\ASP.NET\DataProtection-Keys' as key repository and Windows DPAPI to encrypt keys at rest.
2026-07-10 14:41:57.527 +05:30 [INF] Executed DbCommand (291ms) [Parameters=[@normalizedName='?' (Size = 256)], CommandType='"Text"', CommandTimeout='30']
SELECT TOP(1) [a].[Id], [a].[ConcurrencyStamp], [a].[Name], [a].[NormalizedName]
FROM [AspNetRoles] AS [a]
WHERE [a].[NormalizedName] = @normalizedName
2026-07-10 14:41:57.667 +05:30 [INF] Executed DbCommand (4ms) [Parameters=[@normalizedName='?' (Size = 256)], CommandType='"Text"', CommandTimeout='30']
SELECT TOP(1) [a].[Id], [a].[ConcurrencyStamp], [a].[Name], [a].[NormalizedName]
FROM [AspNetRoles] AS [a]
WHERE [a].[NormalizedName] = @normalizedName
2026-07-10 14:41:57.675 +05:30 [INF] Executed DbCommand (2ms) [Parameters=[@normalizedName='?' (Size = 256)], CommandType='"Text"', CommandTimeout='30']
SELECT TOP(1) [a].[Id], [a].[ConcurrencyStamp], [a].[Name], [a].[NormalizedName]
FROM [AspNetRoles] AS [a]
WHERE [a].[NormalizedName] = @normalizedName
2026-07-10 14:41:57.684 +05:30 [INF] Executed DbCommand (1ms) [Parameters=[@normalizedName='?' (Size = 256)], CommandType='"Text"', CommandTimeout='30']
SELECT TOP(1) [a].[Id], [a].[ConcurrencyStamp], [a].[Name], [a].[NormalizedName]
FROM [AspNetRoles] AS [a]
WHERE [a].[NormalizedName] = @normalizedName
2026-07-10 14:41:57.695 +05:30 [INF] Executed DbCommand (2ms) [Parameters=[@normalizedName='?' (Size = 256)], CommandType='"Text"', CommandTimeout='30']
SELECT TOP(1) [a].[Id], [a].[ConcurrencyStamp], [a].[Name], [a].[NormalizedName]
FROM [AspNetRoles] AS [a]
WHERE [a].[NormalizedName] = @normalizedName
2026-07-10 14:41:57.700 +05:30 [INF] Executed DbCommand (0ms) [Parameters=[@normalizedName='?' (Size = 256)], CommandType='"Text"', CommandTimeout='30']
SELECT TOP(1) [a].[Id], [a].[ConcurrencyStamp], [a].[Name], [a].[NormalizedName]
FROM [AspNetRoles] AS [a]
WHERE [a].[NormalizedName] = @normalizedName
2026-07-10 14:41:57.772 +05:30 [INF] Executed DbCommand (25ms) [Parameters=[@normalizedEmail='?' (Size = 256)], CommandType='"Text"', CommandTimeout='30']
SELECT TOP(2) [a].[Id], [a].[AccessFailedCount], [a].[ConcurrencyStamp], [a].[Discriminator], [a].[Email], [a].[EmailConfirmed], [a].[LockoutEnabled], [a].[LockoutEnd], [a].[NormalizedEmail], [a].[NormalizedUserName], [a].[PasswordHash], [a].[PhoneNumber], [a].[PhoneNumberConfirmed], [a].[SecurityStamp], [a].[TwoFactorEnabled], [a].[UserName]
FROM [AspNetUsers] AS [a]
WHERE [a].[Discriminator] = N'User' AND [a].[NormalizedEmail] = @normalizedEmail
2026-07-10 14:41:58.459 +05:30 [INF] Configured endpoint appointment.events.queue, Consumer: HealthCare.Api.Consumers.AppointmentBookedConsumer
2026-07-10 14:41:59.058 +05:30 [INF] Now listening on: https://localhost:7234
2026-07-10 14:41:59.060 +05:30 [INF] Now listening on: http://localhost:5225
2026-07-10 14:41:59.094 +05:30 [INF] Bus started: "rabbitmq://localhost/"
2026-07-10 14:41:59.173 +05:30 [INF] Application started. Press Ctrl+C to shut down.
2026-07-10 14:41:59.177 +05:30 [INF] Hosting environment: Development
2026-07-10 14:41:59.181 +05:30 [INF] Content root path: C:\Users\310508\source\repos\UST-Live-01\HealthCare\HealthCare.Api
2026-07-10 14:43:18.757 +05:30 [INF] Request starting HTTP/2 OPTIONS https://localhost:7234/api/auth/login - null null
2026-07-10 14:43:18.832 +05:30 [INF] CORS policy execution successful.
2026-07-10 14:43:18.837 +05:30 [INF] API Request: OPTIONS /api/auth/login responded 204
2026-07-10 14:43:18.848 +05:30 [INF] Request finished HTTP/2 OPTIONS https://localhost:7234/api/auth/login - 204 null null 92.8452ms
2026-07-10 14:43:18.859 +05:30 [INF] Request starting HTTP/2 POST https://localhost:7234/api/auth/login - application/json 52
2026-07-10 14:43:18.875 +05:30 [INF] CORS policy execution successful.
2026-07-10 14:43:18.902 +05:30 [INF] Executing endpoint 'HealthCare.Api.Controllers.AuthController.Login (HealthCare.Api)'
2026-07-10 14:43:18.950 +05:30 [INF] Route matched with {action = "Login", controller = "Auth"}. Executing controller action with signature System.Threading.Tasks.Task`1[Microsoft.AspNetCore.Mvc.IActionResult] Login(HealthCare.Api.DTOs.Auth.LoginDto) on controller HealthCare.Api.Controllers.AuthController (HealthCare.Api).
2026-07-10 14:43:19.118 +05:30 [WRN] You do not have a valid license key for the Lucky Penny software AutoMapper. This is allowed for development and testing scenarios. If you are running in production you are required to have a licensed version. Please visit https://luckypennysoftware.com to obtain a valid license.
2026-07-10 14:43:19.372 +05:30 [INF] Executed DbCommand (11ms) [Parameters=[@normalizedEmail='?' (Size = 256)], CommandType='"Text"', CommandTimeout='30']
SELECT TOP(2) [a].[Id], [a].[AccessFailedCount], [a].[ConcurrencyStamp], [a].[Discriminator], [a].[Email], [a].[EmailConfirmed], [a].[LockoutEnabled], [a].[LockoutEnd], [a].[NormalizedEmail], [a].[NormalizedUserName], [a].[PasswordHash], [a].[PhoneNumber], [a].[PhoneNumberConfirmed], [a].[SecurityStamp], [a].[TwoFactorEnabled], [a].[UserName]
FROM [AspNetUsers] AS [a]
WHERE [a].[Discriminator] = N'User' AND [a].[NormalizedEmail] = @normalizedEmail
2026-07-10 14:43:19.515 +05:30 [INF] Executed action HealthCare.Api.Controllers.AuthController.Login (HealthCare.Api) in 556.7562ms
2026-07-10 14:43:19.519 +05:30 [INF] Executed endpoint 'HealthCare.Api.Controllers.AuthController.Login (HealthCare.Api)'
2026-07-10 14:43:19.529 +05:30 [ERR] Exception occurred while processing POST /api/auth/login
System.UnauthorizedAccessException: Invalid email or password
   at HealthCare.Api.Services.Implementations.AuthService.LoginAsync(LoginDto dto) in C:\Users\310508\source\repos\UST-Live-01\HealthCare\HealthCare.Api\Services\Implementations\AuthService.cs:line 104
   at HealthCare.Api.Controllers.AuthController.Login(LoginDto dto) in C:\Users\310508\source\repos\UST-Live-01\HealthCare\HealthCare.Api\Controllers\AuthController.cs:line 43
   at Microsoft.AspNetCore.Mvc.Infrastructure.ActionMethodExecutor.TaskOfIActionResultExecutor.Execute(ActionContext actionContext, IActionResultTypeMapper mapper, ObjectMethodExecutor executor, Object controller, Object[] arguments)
   at Microsoft.AspNetCore.Mvc.Infrastructure.ControllerActionInvoker.<InvokeActionMethodAsync>g__Awaited|12_0(ControllerActionInvoker invoker, ValueTask`1 actionResultValueTask)
   at Microsoft.AspNetCore.Mvc.Infrastructure.ControllerActionInvoker.<InvokeNextActionFilterAsync>g__Awaited|10_0(ControllerActionInvoker invoker, Task lastTask, State next, Scope scope, Object state, Boolean isCompleted)
   at Microsoft.AspNetCore.Mvc.Infrastructure.ControllerActionInvoker.Rethrow(ActionExecutedContextSealed context)
   at Microsoft.AspNetCore.Mvc.Infrastructure.ControllerActionInvoker.Next(State& next, Scope& scope, Object& state, Boolean& isCompleted)
   at Microsoft.AspNetCore.Mvc.Infrastructure.ControllerActionInvoker.<InvokeInnerFilterAsync>g__Awaited|13_0(ControllerActionInvoker invoker, Task lastTask, State next, Scope scope, Object state, Boolean isCompleted)
   at Microsoft.AspNetCore.Mvc.Infrastructure.ResourceInvoker.<InvokeFilterPipelineAsync>g__Awaited|20_0(ResourceInvoker invoker, Task lastTask, State next, Scope scope, Object state, Boolean isCompleted)
   at Microsoft.AspNetCore.Mvc.Infrastructure.ResourceInvoker.<InvokeAsync>g__Logged|17_1(ResourceInvoker invoker)
   at Microsoft.AspNetCore.Mvc.Infrastructure.ResourceInvoker.<InvokeAsync>g__Logged|17_1(ResourceInvoker invoker)
   at Microsoft.AspNetCore.Routing.EndpointMiddleware.<Invoke>g__AwaitRequestTask|7_0(Endpoint endpoint, Task requestTask, ILogger logger)
   at Microsoft.AspNetCore.Authorization.AuthorizationMiddleware.Invoke(HttpContext context)
   at Microsoft.AspNetCore.Authentication.AuthenticationMiddleware.Invoke(HttpContext context)
   at Swashbuckle.AspNetCore.SwaggerUI.SwaggerUIMiddleware.Invoke(HttpContext httpContext)
   at Swashbuckle.AspNetCore.Swagger.SwaggerMiddleware.Invoke(HttpContext httpContext, ISwaggerProvider swaggerProvider)
   at Program.<>c.<<<Main>$>b__0_8>d.MoveNext() in C:\Users\310508\source\repos\UST-Live-01\HealthCare\HealthCare.Api\Program.cs:line 179
--- End of stack trace from previous location ---
   at Microsoft.AspNetCore.Diagnostics.ExceptionHandlerMiddlewareImpl.<Invoke>g__Awaited|10_0(ExceptionHandlerMiddlewareImpl middleware, HttpContext context, Task task)
2026-07-10 14:43:19.584 +05:30 [INF] Request finished HTTP/2 POST https://localhost:7234/api/auth/login - 401 null application/json; charset=utf-8 725.1669ms
2026-07-10 14:43:30.131 +05:30 [INF] Request starting HTTP/2 OPTIONS https://localhost:7234/api/auth/login - null null
2026-07-10 14:43:30.135 +05:30 [INF] CORS policy execution successful.
2026-07-10 14:43:30.136 +05:30 [INF] API Request: OPTIONS /api/auth/login responded 204
2026-07-10 14:43:30.138 +05:30 [INF] Request finished HTTP/2 OPTIONS https://localhost:7234/api/auth/login - 204 null null 7.6069ms
2026-07-10 14:43:30.141 +05:30 [INF] Request starting HTTP/2 POST https://localhost:7234/api/auth/login - application/json 52
2026-07-10 14:43:30.145 +05:30 [INF] CORS policy execution successful.
2026-07-10 14:43:30.147 +05:30 [INF] Executing endpoint 'HealthCare.Api.Controllers.AuthController.Login (HealthCare.Api)'
2026-07-10 14:43:30.149 +05:30 [INF] Route matched with {action = "Login", controller = "Auth"}. Executing controller action with signature System.Threading.Tasks.Task`1[Microsoft.AspNetCore.Mvc.IActionResult] Login(HealthCare.Api.DTOs.Auth.LoginDto) on controller HealthCare.Api.Controllers.AuthController (HealthCare.Api).
2026-07-10 14:43:30.187 +05:30 [INF] Executed DbCommand (1ms) [Parameters=[@normalizedEmail='?' (Size = 256)], CommandType='"Text"', CommandTimeout='30']
SELECT TOP(2) [a].[Id], [a].[AccessFailedCount], [a].[ConcurrencyStamp], [a].[Discriminator], [a].[Email], [a].[EmailConfirmed], [a].[LockoutEnabled], [a].[LockoutEnd], [a].[NormalizedEmail], [a].[NormalizedUserName], [a].[PasswordHash], [a].[PhoneNumber], [a].[PhoneNumberConfirmed], [a].[SecurityStamp], [a].[TwoFactorEnabled], [a].[UserName]
FROM [AspNetUsers] AS [a]
WHERE [a].[Discriminator] = N'User' AND [a].[NormalizedEmail] = @normalizedEmail
2026-07-10 14:43:30.304 +05:30 [INF] Executed action HealthCare.Api.Controllers.AuthController.Login (HealthCare.Api) in 153.2576ms
2026-07-10 14:43:30.306 +05:30 [INF] Executed endpoint 'HealthCare.Api.Controllers.AuthController.Login (HealthCare.Api)'
2026-07-10 14:43:30.309 +05:30 [ERR] Exception occurred while processing POST /api/auth/login
System.UnauthorizedAccessException: Invalid email or password
   at HealthCare.Api.Services.Implementations.AuthService.LoginAsync(LoginDto dto) in C:\Users\310508\source\repos\UST-Live-01\HealthCare\HealthCare.Api\Services\Implementations\AuthService.cs:line 104
   at HealthCare.Api.Controllers.AuthController.Login(LoginDto dto) in C:\Users\310508\source\repos\UST-Live-01\HealthCare\HealthCare.Api\Controllers\AuthController.cs:line 43
   at Microsoft.AspNetCore.Mvc.Infrastructure.ActionMethodExecutor.TaskOfIActionResultExecutor.Execute(ActionContext actionContext, IActionResultTypeMapper mapper, ObjectMethodExecutor executor, Object controller, Object[] arguments)
   at Microsoft.AspNetCore.Mvc.Infrastructure.ControllerActionInvoker.<InvokeActionMethodAsync>g__Awaited|12_0(ControllerActionInvoker invoker, ValueTask`1 actionResultValueTask)
   at Microsoft.AspNetCore.Mvc.Infrastructure.ControllerActionInvoker.<InvokeNextActionFilterAsync>g__Awaited|10_0(ControllerActionInvoker invoker, Task lastTask, State next, Scope scope, Object state, Boolean isCompleted)
   at Microsoft.AspNetCore.Mvc.Infrastructure.ControllerActionInvoker.Rethrow(ActionExecutedContextSealed context)
   at Microsoft.AspNetCore.Mvc.Infrastructure.ControllerActionInvoker.Next(State& next, Scope& scope, Object& state, Boolean& isCompleted)
   at Microsoft.AspNetCore.Mvc.Infrastructure.ControllerActionInvoker.<InvokeInnerFilterAsync>g__Awaited|13_0(ControllerActionInvoker invoker, Task lastTask, State next, Scope scope, Object state, Boolean isCompleted)
   at Microsoft.AspNetCore.Mvc.Infrastructure.ResourceInvoker.<InvokeFilterPipelineAsync>g__Awaited|20_0(ResourceInvoker invoker, Task lastTask, State next, Scope scope, Object state, Boolean isCompleted)
   at Microsoft.AspNetCore.Mvc.Infrastructure.ResourceInvoker.<InvokeAsync>g__Logged|17_1(ResourceInvoker invoker)
   at Microsoft.AspNetCore.Mvc.Infrastructure.ResourceInvoker.<InvokeAsync>g__Logged|17_1(ResourceInvoker invoker)
   at Microsoft.AspNetCore.Routing.EndpointMiddleware.<Invoke>g__AwaitRequestTask|7_0(Endpoint endpoint, Task requestTask, ILogger logger)
   at Microsoft.AspNetCore.Authorization.AuthorizationMiddleware.Invoke(HttpContext context)
   at Microsoft.AspNetCore.Authentication.AuthenticationMiddleware.Invoke(HttpContext context)
   at Swashbuckle.AspNetCore.SwaggerUI.SwaggerUIMiddleware.Invoke(HttpContext httpContext)
   at Swashbuckle.AspNetCore.Swagger.SwaggerMiddleware.Invoke(HttpContext httpContext, ISwaggerProvider swaggerProvider)
   at Program.<>c.<<<Main>$>b__0_8>d.MoveNext() in C:\Users\310508\source\repos\UST-Live-01\HealthCare\HealthCare.Api\Program.cs:line 179
--- End of stack trace from previous location ---
   at Microsoft.AspNetCore.Diagnostics.ExceptionHandlerMiddlewareImpl.<Invoke>g__Awaited|10_0(ExceptionHandlerMiddlewareImpl middleware, HttpContext context, Task task)
2026-07-10 14:43:30.316 +05:30 [INF] Request finished HTTP/2 POST https://localhost:7234/api/auth/login - 401 null application/json; charset=utf-8 174.5484ms
2026-07-10 14:45:05.454 +05:30 [INF] Request starting HTTP/2 OPTIONS https://localhost:7234/api/auth/login - null null
2026-07-10 14:45:05.458 +05:30 [INF] CORS policy execution successful.
2026-07-10 14:45:05.459 +05:30 [INF] API Request: OPTIONS /api/auth/login responded 204
2026-07-10 14:45:05.460 +05:30 [INF] Request finished HTTP/2 OPTIONS https://localhost:7234/api/auth/login - 204 null null 6.5586ms
2026-07-10 14:45:05.463 +05:30 [INF] Request starting HTTP/2 POST https://localhost:7234/api/auth/login - application/json 52
2026-07-10 14:45:05.466 +05:30 [INF] CORS policy execution successful.
2026-07-10 14:45:05.471 +05:30 [INF] Executing endpoint 'HealthCare.Api.Controllers.AuthController.Login (HealthCare.Api)'
2026-07-10 14:45:05.472 +05:30 [INF] Route matched with {action = "Login", controller = "Auth"}. Executing controller action with signature System.Threading.Tasks.Task`1[Microsoft.AspNetCore.Mvc.IActionResult] Login(HealthCare.Api.DTOs.Auth.LoginDto) on controller HealthCare.Api.Controllers.AuthController (HealthCare.Api).
2026-07-10 14:45:05.495 +05:30 [INF] Executed DbCommand (6ms) [Parameters=[@normalizedEmail='?' (Size = 256)], CommandType='"Text"', CommandTimeout='30']
SELECT TOP(2) [a].[Id], [a].[AccessFailedCount], [a].[ConcurrencyStamp], [a].[Discriminator], [a].[Email], [a].[EmailConfirmed], [a].[LockoutEnabled], [a].[LockoutEnd], [a].[NormalizedEmail], [a].[NormalizedUserName], [a].[PasswordHash], [a].[PhoneNumber], [a].[PhoneNumberConfirmed], [a].[SecurityStamp], [a].[TwoFactorEnabled], [a].[UserName]
FROM [AspNetUsers] AS [a]
WHERE [a].[Discriminator] = N'User' AND [a].[NormalizedEmail] = @normalizedEmail
2026-07-10 14:45:05.593 +05:30 [INF] Executed action HealthCare.Api.Controllers.AuthController.Login (HealthCare.Api) in 119.644ms
2026-07-10 14:45:05.596 +05:30 [INF] Executed endpoint 'HealthCare.Api.Controllers.AuthController.Login (HealthCare.Api)'
2026-07-10 14:45:05.598 +05:30 [ERR] Exception occurred while processing POST /api/auth/login
System.UnauthorizedAccessException: Invalid email or password
   at HealthCare.Api.Services.Implementations.AuthService.LoginAsync(LoginDto dto) in C:\Users\310508\source\repos\UST-Live-01\HealthCare\HealthCare.Api\Services\Implementations\AuthService.cs:line 104
   at HealthCare.Api.Controllers.AuthController.Login(LoginDto dto) in C:\Users\310508\source\repos\UST-Live-01\HealthCare\HealthCare.Api\Controllers\AuthController.cs:line 43
   at Microsoft.AspNetCore.Mvc.Infrastructure.ActionMethodExecutor.TaskOfIActionResultExecutor.Execute(ActionContext actionContext, IActionResultTypeMapper mapper, ObjectMethodExecutor executor, Object controller, Object[] arguments)
   at Microsoft.AspNetCore.Mvc.Infrastructure.ControllerActionInvoker.<InvokeActionMethodAsync>g__Awaited|12_0(ControllerActionInvoker invoker, ValueTask`1 actionResultValueTask)
   at Microsoft.AspNetCore.Mvc.Infrastructure.ControllerActionInvoker.<InvokeNextActionFilterAsync>g__Awaited|10_0(ControllerActionInvoker invoker, Task lastTask, State next, Scope scope, Object state, Boolean isCompleted)
   at Microsoft.AspNetCore.Mvc.Infrastructure.ControllerActionInvoker.Rethrow(ActionExecutedContextSealed context)
   at Microsoft.AspNetCore.Mvc.Infrastructure.ControllerActionInvoker.Next(State& next, Scope& scope, Object& state, Boolean& isCompleted)
   at Microsoft.AspNetCore.Mvc.Infrastructure.ControllerActionInvoker.<InvokeInnerFilterAsync>g__Awaited|13_0(ControllerActionInvoker invoker, Task lastTask, State next, Scope scope, Object state, Boolean isCompleted)
   at Microsoft.AspNetCore.Mvc.Infrastructure.ResourceInvoker.<InvokeFilterPipelineAsync>g__Awaited|20_0(ResourceInvoker invoker, Task lastTask, State next, Scope scope, Object state, Boolean isCompleted)
   at Microsoft.AspNetCore.Mvc.Infrastructure.ResourceInvoker.<InvokeAsync>g__Logged|17_1(ResourceInvoker invoker)
   at Microsoft.AspNetCore.Mvc.Infrastructure.ResourceInvoker.<InvokeAsync>g__Logged|17_1(ResourceInvoker invoker)
   at Microsoft.AspNetCore.Routing.EndpointMiddleware.<Invoke>g__AwaitRequestTask|7_0(Endpoint endpoint, Task requestTask, ILogger logger)
   at Microsoft.AspNetCore.Authorization.AuthorizationMiddleware.Invoke(HttpContext context)
   at Microsoft.AspNetCore.Authentication.AuthenticationMiddleware.Invoke(HttpContext context)
   at Swashbuckle.AspNetCore.SwaggerUI.SwaggerUIMiddleware.Invoke(HttpContext httpContext)
   at Swashbuckle.AspNetCore.Swagger.SwaggerMiddleware.Invoke(HttpContext httpContext, ISwaggerProvider swaggerProvider)
   at Program.<>c.<<<Main>$>b__0_8>d.MoveNext() in C:\Users\310508\source\repos\UST-Live-01\HealthCare\HealthCare.Api\Program.cs:line 179
--- End of stack trace from previous location ---
   at Microsoft.AspNetCore.Diagnostics.ExceptionHandlerMiddlewareImpl.<Invoke>g__Awaited|10_0(ExceptionHandlerMiddlewareImpl middleware, HttpContext context, Task task)
2026-07-10 14:45:05.605 +05:30 [INF] Request finished HTTP/2 POST https://localhost:7234/api/auth/login - 401 null application/json; charset=utf-8 142.3196ms
2026-07-10 14:53:14.388 +05:30 [INF] User profile is available. Using 'C:\Users\310508\AppData\Local\ASP.NET\DataProtection-Keys' as key repository and Windows DPAPI to encrypt keys at rest.
2026-07-10 14:53:16.364 +05:30 [INF] Executed DbCommand (60ms) [Parameters=[@normalizedName='?' (Size = 256)], CommandType='"Text"', CommandTimeout='30']
SELECT TOP(1) [a].[Id], [a].[ConcurrencyStamp], [a].[Name], [a].[NormalizedName]
FROM [AspNetRoles] AS [a]
WHERE [a].[NormalizedName] = @normalizedName
2026-07-10 14:53:16.508 +05:30 [INF] Executed DbCommand (2ms) [Parameters=[@normalizedName='?' (Size = 256)], CommandType='"Text"', CommandTimeout='30']
SELECT TOP(1) [a].[Id], [a].[ConcurrencyStamp], [a].[Name], [a].[NormalizedName]
FROM [AspNetRoles] AS [a]
WHERE [a].[NormalizedName] = @normalizedName
2026-07-10 14:53:16.515 +05:30 [INF] Executed DbCommand (1ms) [Parameters=[@normalizedName='?' (Size = 256)], CommandType='"Text"', CommandTimeout='30']
SELECT TOP(1) [a].[Id], [a].[ConcurrencyStamp], [a].[Name], [a].[NormalizedName]
FROM [AspNetRoles] AS [a]
WHERE [a].[NormalizedName] = @normalizedName
2026-07-10 14:53:16.524 +05:30 [INF] Executed DbCommand (1ms) [Parameters=[@normalizedName='?' (Size = 256)], CommandType='"Text"', CommandTimeout='30']
SELECT TOP(1) [a].[Id], [a].[ConcurrencyStamp], [a].[Name], [a].[NormalizedName]
FROM [AspNetRoles] AS [a]
WHERE [a].[NormalizedName] = @normalizedName
2026-07-10 14:53:16.537 +05:30 [INF] Executed DbCommand (1ms) [Parameters=[@normalizedName='?' (Size = 256)], CommandType='"Text"', CommandTimeout='30']
SELECT TOP(1) [a].[Id], [a].[ConcurrencyStamp], [a].[Name], [a].[NormalizedName]
FROM [AspNetRoles] AS [a]
WHERE [a].[NormalizedName] = @normalizedName
2026-07-10 14:53:16.544 +05:30 [INF] Executed DbCommand (1ms) [Parameters=[@normalizedName='?' (Size = 256)], CommandType='"Text"', CommandTimeout='30']
SELECT TOP(1) [a].[Id], [a].[ConcurrencyStamp], [a].[Name], [a].[NormalizedName]
FROM [AspNetRoles] AS [a]
WHERE [a].[NormalizedName] = @normalizedName
2026-07-10 14:53:16.588 +05:30 [INF] Executed DbCommand (10ms) [Parameters=[@normalizedEmail='?' (Size = 256)], CommandType='"Text"', CommandTimeout='30']
SELECT TOP(2) [a].[Id], [a].[AccessFailedCount], [a].[ConcurrencyStamp], [a].[Discriminator], [a].[Email], [a].[EmailConfirmed], [a].[LockoutEnabled], [a].[LockoutEnd], [a].[NormalizedEmail], [a].[NormalizedUserName], [a].[PasswordHash], [a].[PhoneNumber], [a].[PhoneNumberConfirmed], [a].[SecurityStamp], [a].[TwoFactorEnabled], [a].[UserName]
FROM [AspNetUsers] AS [a]
WHERE [a].[Discriminator] = N'User' AND [a].[NormalizedEmail] = @normalizedEmail
2026-07-10 14:53:17.421 +05:30 [INF] Configured endpoint appointment.events.queue, Consumer: HealthCare.Api.Consumers.AppointmentBookedConsumer
2026-07-10 14:53:17.986 +05:30 [INF] Now listening on: https://localhost:7234
2026-07-10 14:53:17.988 +05:30 [INF] Now listening on: http://localhost:5225
2026-07-10 14:53:18.061 +05:30 [INF] Bus started: "rabbitmq://localhost/"
2026-07-10 14:53:18.084 +05:30 [INF] Application started. Press Ctrl+C to shut down.
2026-07-10 14:53:18.087 +05:30 [INF] Hosting environment: Development
2026-07-10 14:53:18.089 +05:30 [INF] Content root path: C:\Users\310508\source\repos\UST-Live-01\HealthCare\HealthCare.Api
2026-07-10 14:53:54.543 +05:30 [INF] Request starting HTTP/2 OPTIONS https://localhost:7234/api/auth/login - null null
2026-07-10 14:53:54.594 +05:30 [INF] CORS policy execution successful.
2026-07-10 14:53:54.601 +05:30 [INF] API Request: OPTIONS /api/auth/login responded 204
2026-07-10 14:53:54.612 +05:30 [INF] Request finished HTTP/2 OPTIONS https://localhost:7234/api/auth/login - 204 null null 70.4745ms
2026-07-10 14:53:54.617 +05:30 [INF] Request starting HTTP/2 POST https://localhost:7234/api/auth/login - application/json 52
2026-07-10 14:53:54.629 +05:30 [INF] CORS policy execution successful.
2026-07-10 14:53:54.643 +05:30 [INF] Executing endpoint 'HealthCare.Api.Controllers.AuthController.Login (HealthCare.Api)'
2026-07-10 14:53:54.661 +05:30 [INF] Route matched with {action = "Login", controller = "Auth"}. Executing controller action with signature System.Threading.Tasks.Task`1[Microsoft.AspNetCore.Mvc.IActionResult] Login(HealthCare.Api.DTOs.Auth.LoginDto) on controller HealthCare.Api.Controllers.AuthController (HealthCare.Api).
2026-07-10 14:53:54.783 +05:30 [WRN] You do not have a valid license key for the Lucky Penny software AutoMapper. This is allowed for development and testing scenarios. If you are running in production you are required to have a licensed version. Please visit https://luckypennysoftware.com to obtain a valid license.
2026-07-10 14:53:54.888 +05:30 [INF] Executed DbCommand (8ms) [Parameters=[@normalizedEmail='?' (Size = 256)], CommandType='"Text"', CommandTimeout='30']
SELECT TOP(2) [a].[Id], [a].[AccessFailedCount], [a].[ConcurrencyStamp], [a].[Discriminator], [a].[Email], [a].[EmailConfirmed], [a].[LockoutEnabled], [a].[LockoutEnd], [a].[NormalizedEmail], [a].[NormalizedUserName], [a].[PasswordHash], [a].[PhoneNumber], [a].[PhoneNumberConfirmed], [a].[SecurityStamp], [a].[TwoFactorEnabled], [a].[UserName]
FROM [AspNetUsers] AS [a]
WHERE [a].[Discriminator] = N'User' AND [a].[NormalizedEmail] = @normalizedEmail
2026-07-10 14:53:55.027 +05:30 [INF] Executed action HealthCare.Api.Controllers.AuthController.Login (HealthCare.Api) in 357.566ms
2026-07-10 14:53:55.032 +05:30 [INF] Executed endpoint 'HealthCare.Api.Controllers.AuthController.Login (HealthCare.Api)'
2026-07-10 14:53:55.043 +05:30 [ERR] Exception occurred while processing POST /api/auth/login
System.UnauthorizedAccessException: Invalid email or password
   at HealthCare.Api.Services.Implementations.AuthService.LoginAsync(LoginDto dto) in C:\Users\310508\source\repos\UST-Live-01\HealthCare\HealthCare.Api\Services\Implementations\AuthService.cs:line 104
   at HealthCare.Api.Controllers.AuthController.Login(LoginDto dto) in C:\Users\310508\source\repos\UST-Live-01\HealthCare\HealthCare.Api\Controllers\AuthController.cs:line 43
   at Microsoft.AspNetCore.Mvc.Infrastructure.ActionMethodExecutor.TaskOfIActionResultExecutor.Execute(ActionContext actionContext, IActionResultTypeMapper mapper, ObjectMethodExecutor executor, Object controller, Object[] arguments)
   at Microsoft.AspNetCore.Mvc.Infrastructure.ControllerActionInvoker.<InvokeActionMethodAsync>g__Awaited|12_0(ControllerActionInvoker invoker, ValueTask`1 actionResultValueTask)
   at Microsoft.AspNetCore.Mvc.Infrastructure.ControllerActionInvoker.<InvokeNextActionFilterAsync>g__Awaited|10_0(ControllerActionInvoker invoker, Task lastTask, State next, Scope scope, Object state, Boolean isCompleted)
   at Microsoft.AspNetCore.Mvc.Infrastructure.ControllerActionInvoker.Rethrow(ActionExecutedContextSealed context)
   at Microsoft.AspNetCore.Mvc.Infrastructure.ControllerActionInvoker.Next(State& next, Scope& scope, Object& state, Boolean& isCompleted)
   at Microsoft.AspNetCore.Mvc.Infrastructure.ControllerActionInvoker.<InvokeInnerFilterAsync>g__Awaited|13_0(ControllerActionInvoker invoker, Task lastTask, State next, Scope scope, Object state, Boolean isCompleted)
   at Microsoft.AspNetCore.Mvc.Infrastructure.ResourceInvoker.<InvokeFilterPipelineAsync>g__Awaited|20_0(ResourceInvoker invoker, Task lastTask, State next, Scope scope, Object state, Boolean isCompleted)
   at Microsoft.AspNetCore.Mvc.Infrastructure.ResourceInvoker.<InvokeAsync>g__Logged|17_1(ResourceInvoker invoker)
   at Microsoft.AspNetCore.Mvc.Infrastructure.ResourceInvoker.<InvokeAsync>g__Logged|17_1(ResourceInvoker invoker)
   at Microsoft.AspNetCore.Routing.EndpointMiddleware.<Invoke>g__AwaitRequestTask|7_0(Endpoint endpoint, Task requestTask, ILogger logger)
   at Microsoft.AspNetCore.Authorization.AuthorizationMiddleware.Invoke(HttpContext context)
   at Microsoft.AspNetCore.Authentication.AuthenticationMiddleware.Invoke(HttpContext context)
   at Swashbuckle.AspNetCore.SwaggerUI.SwaggerUIMiddleware.Invoke(HttpContext httpContext)
   at Swashbuckle.AspNetCore.Swagger.SwaggerMiddleware.Invoke(HttpContext httpContext, ISwaggerProvider swaggerProvider)
   at Program.<>c.<<<Main>$>b__0_8>d.MoveNext() in C:\Users\310508\source\repos\UST-Live-01\HealthCare\HealthCare.Api\Program.cs:line 175
--- End of stack trace from previous location ---
   at Microsoft.AspNetCore.Diagnostics.ExceptionHandlerMiddlewareImpl.<Invoke>g__Awaited|10_0(ExceptionHandlerMiddlewareImpl middleware, HttpContext context, Task task)
2026-07-10 14:53:55.107 +05:30 [INF] Request finished HTTP/2 POST https://localhost:7234/api/auth/login - 401 null application/json; charset=utf-8 489.8832ms
2026-07-10 14:58:18.131 +05:30 [INF] Usage Telemetry: {"id":"2c700000-e56a-1944-4b5d-08dede64e036","created":"2026-07-10T14:53:17.2941071\u002B05:30","host":{"framework_version":"10.0.8","mass_transit_version":"8.5.10.0","operating_system_version":"Microsoft Windows NT 10.0.26200.0","time_zone_info":"(UTC\u002B05:30) Chennai, Kolkata, Mumbai, New Delhi","commit_hash":"62ab339afa3bac2e9b3fe1769d0d35d7e44778e9"},"bus":[{"created":"2026-07-10T14:53:17.2982645\u002B05:30","configured":"2026-07-10T14:53:17.6409543\u002B05:30","started":"2026-07-10T14:53:18.0601527\u002B05:30","name":"IBus","endpoints":[{"name":"appointment.events.queue","type":"RabbitMQ","prefetch_count":16,"consumer_count":1,"message_count":1},{"name":"_bus_","type":"RabbitMQ","prefetch_count":16}]}]}
2026-07-10 15:10:46.441 +05:30 [INF] User profile is available. Using 'C:\Users\310508\AppData\Local\ASP.NET\DataProtection-Keys' as key repository and Windows DPAPI to encrypt keys at rest.
2026-07-10 15:10:47.701 +05:30 [INF] Executed DbCommand (43ms) [Parameters=[@normalizedName='?' (Size = 256)], CommandType='"Text"', CommandTimeout='30']
SELECT TOP(1) [a].[Id], [a].[ConcurrencyStamp], [a].[Name], [a].[NormalizedName]
FROM [AspNetRoles] AS [a]
WHERE [a].[NormalizedName] = @normalizedName
2026-07-10 15:10:47.768 +05:30 [INF] Executed DbCommand (1ms) [Parameters=[@normalizedName='?' (Size = 256)], CommandType='"Text"', CommandTimeout='30']
SELECT TOP(1) [a].[Id], [a].[ConcurrencyStamp], [a].[Name], [a].[NormalizedName]
FROM [AspNetRoles] AS [a]
WHERE [a].[NormalizedName] = @normalizedName
2026-07-10 15:10:47.773 +05:30 [INF] Executed DbCommand (1ms) [Parameters=[@normalizedName='?' (Size = 256)], CommandType='"Text"', CommandTimeout='30']
SELECT TOP(1) [a].[Id], [a].[ConcurrencyStamp], [a].[Name], [a].[NormalizedName]
FROM [AspNetRoles] AS [a]
WHERE [a].[NormalizedName] = @normalizedName
2026-07-10 15:10:47.778 +05:30 [INF] Executed DbCommand (1ms) [Parameters=[@normalizedName='?' (Size = 256)], CommandType='"Text"', CommandTimeout='30']
SELECT TOP(1) [a].[Id], [a].[ConcurrencyStamp], [a].[Name], [a].[NormalizedName]
FROM [AspNetRoles] AS [a]
WHERE [a].[NormalizedName] = @normalizedName
2026-07-10 15:10:47.784 +05:30 [INF] Executed DbCommand (0ms) [Parameters=[@normalizedName='?' (Size = 256)], CommandType='"Text"', CommandTimeout='30']
SELECT TOP(1) [a].[Id], [a].[ConcurrencyStamp], [a].[Name], [a].[NormalizedName]
FROM [AspNetRoles] AS [a]
WHERE [a].[NormalizedName] = @normalizedName
2026-07-10 15:10:47.786 +05:30 [INF] Executed DbCommand (0ms) [Parameters=[@normalizedName='?' (Size = 256)], CommandType='"Text"', CommandTimeout='30']
SELECT TOP(1) [a].[Id], [a].[ConcurrencyStamp], [a].[Name], [a].[NormalizedName]
FROM [AspNetRoles] AS [a]
WHERE [a].[NormalizedName] = @normalizedName
2026-07-10 15:10:47.812 +05:30 [INF] Executed DbCommand (11ms) [Parameters=[@normalizedEmail='?' (Size = 256)], CommandType='"Text"', CommandTimeout='30']
SELECT TOP(2) [a].[Id], [a].[AccessFailedCount], [a].[ConcurrencyStamp], [a].[Discriminator], [a].[Email], [a].[EmailConfirmed], [a].[LockoutEnabled], [a].[LockoutEnd], [a].[NormalizedEmail], [a].[NormalizedUserName], [a].[PasswordHash], [a].[PhoneNumber], [a].[PhoneNumberConfirmed], [a].[SecurityStamp], [a].[TwoFactorEnabled], [a].[UserName]
FROM [AspNetUsers] AS [a]
WHERE [a].[Discriminator] = N'User' AND [a].[NormalizedEmail] = @normalizedEmail
2026-07-10 15:10:48.139 +05:30 [INF] Configured endpoint appointment.events.queue, Consumer: HealthCare.Api.Consumers.AppointmentBookedConsumer
2026-07-10 15:10:48.496 +05:30 [INF] Now listening on: https://localhost:7234
2026-07-10 15:10:48.498 +05:30 [INF] Now listening on: http://localhost:5225
2026-07-10 15:10:48.512 +05:30 [INF] Bus started: "rabbitmq://localhost/"
2026-07-10 15:10:48.573 +05:30 [INF] Application started. Press Ctrl+C to shut down.
2026-07-10 15:10:48.575 +05:30 [INF] Hosting environment: Development
2026-07-10 15:10:48.578 +05:30 [INF] Content root path: C:\Users\310508\source\repos\UST-Live-01\HealthCare\HealthCare.Api
2026-07-10 15:11:15.698 +05:30 [INF] User profile is available. Using 'C:\Users\310508\AppData\Local\ASP.NET\DataProtection-Keys' as key repository and Windows DPAPI to encrypt keys at rest.
2026-07-10 15:11:18.474 +05:30 [INF] Executed DbCommand (62ms) [Parameters=[@normalizedName='?' (Size = 256)], CommandType='"Text"', CommandTimeout='30']
SELECT TOP(1) [a].[Id], [a].[ConcurrencyStamp], [a].[Name], [a].[NormalizedName]
FROM [AspNetRoles] AS [a]
WHERE [a].[NormalizedName] = @normalizedName
2026-07-10 15:11:18.668 +05:30 [INF] Executed DbCommand (10ms) [Parameters=[@normalizedName='?' (Size = 256)], CommandType='"Text"', CommandTimeout='30']
SELECT TOP(1) [a].[Id], [a].[ConcurrencyStamp], [a].[Name], [a].[NormalizedName]
FROM [AspNetRoles] AS [a]
WHERE [a].[NormalizedName] = @normalizedName
2026-07-10 15:11:18.678 +05:30 [INF] Executed DbCommand (4ms) [Parameters=[@normalizedName='?' (Size = 256)], CommandType='"Text"', CommandTimeout='30']
SELECT TOP(1) [a].[Id], [a].[ConcurrencyStamp], [a].[Name], [a].[NormalizedName]
FROM [AspNetRoles] AS [a]
WHERE [a].[NormalizedName] = @normalizedName
2026-07-10 15:11:18.687 +05:30 [INF] Executed DbCommand (3ms) [Parameters=[@normalizedName='?' (Size = 256)], CommandType='"Text"', CommandTimeout='30']
SELECT TOP(1) [a].[Id], [a].[ConcurrencyStamp], [a].[Name], [a].[NormalizedName]
FROM [AspNetRoles] AS [a]
WHERE [a].[NormalizedName] = @normalizedName
2026-07-10 15:11:18.700 +05:30 [INF] Executed DbCommand (4ms) [Parameters=[@normalizedName='?' (Size = 256)], CommandType='"Text"', CommandTimeout='30']
SELECT TOP(1) [a].[Id], [a].[ConcurrencyStamp], [a].[Name], [a].[NormalizedName]
FROM [AspNetRoles] AS [a]
WHERE [a].[NormalizedName] = @normalizedName
2026-07-10 15:11:18.706 +05:30 [INF] Executed DbCommand (1ms) [Parameters=[@normalizedName='?' (Size = 256)], CommandType='"Text"', CommandTimeout='30']
SELECT TOP(1) [a].[Id], [a].[ConcurrencyStamp], [a].[Name], [a].[NormalizedName]
FROM [AspNetRoles] AS [a]
WHERE [a].[NormalizedName] = @normalizedName
2026-07-10 15:11:18.763 +05:30 [INF] Executed DbCommand (8ms) [Parameters=[@normalizedEmail='?' (Size = 256)], CommandType='"Text"', CommandTimeout='30']
SELECT TOP(2) [a].[Id], [a].[AccessFailedCount], [a].[ConcurrencyStamp], [a].[Discriminator], [a].[Email], [a].[EmailConfirmed], [a].[LockoutEnabled], [a].[LockoutEnd], [a].[NormalizedEmail], [a].[NormalizedUserName], [a].[PasswordHash], [a].[PhoneNumber], [a].[PhoneNumberConfirmed], [a].[SecurityStamp], [a].[TwoFactorEnabled], [a].[UserName]
FROM [AspNetUsers] AS [a]
WHERE [a].[Discriminator] = N'User' AND [a].[NormalizedEmail] = @normalizedEmail
2026-07-10 15:11:19.452 +05:30 [INF] Configured endpoint appointment.events.queue, Consumer: HealthCare.Api.Consumers.AppointmentBookedConsumer
2026-07-10 15:11:20.046 +05:30 [INF] Bus started: "rabbitmq://localhost/"
2026-07-10 15:11:20.047 +05:30 [INF] Now listening on: https://localhost:7234
2026-07-10 15:11:20.049 +05:30 [INF] Now listening on: http://localhost:5225
2026-07-10 15:11:20.154 +05:30 [INF] Application started. Press Ctrl+C to shut down.
2026-07-10 15:11:20.156 +05:30 [INF] Hosting environment: Development
2026-07-10 15:11:20.159 +05:30 [INF] Content root path: C:\Users\310508\source\repos\UST-Live-01\HealthCare\HealthCare.Api
2026-07-10 15:11:59.647 +05:30 [INF] Request starting HTTP/2 OPTIONS https://localhost:7234/api/auth/login - null null
2026-07-10 15:11:59.749 +05:30 [INF] CORS policy execution successful.
2026-07-10 15:11:59.754 +05:30 [INF] API Request: OPTIONS /api/auth/login responded 204
2026-07-10 15:11:59.765 +05:30 [INF] Request finished HTTP/2 OPTIONS https://localhost:7234/api/auth/login - 204 null null 124.4366ms
2026-07-10 15:11:59.773 +05:30 [INF] Request starting HTTP/2 POST https://localhost:7234/api/auth/login - application/json 51
2026-07-10 15:11:59.789 +05:30 [INF] CORS policy execution successful.
2026-07-10 15:11:59.813 +05:30 [INF] Executing endpoint 'HealthCare.Api.Controllers.AuthController.Login (HealthCare.Api)'
2026-07-10 15:11:59.837 +05:30 [INF] Route matched with {action = "Login", controller = "Auth"}. Executing controller action with signature System.Threading.Tasks.Task`1[Microsoft.AspNetCore.Mvc.IActionResult] Login(HealthCare.Api.DTOs.Auth.LoginDto) on controller HealthCare.Api.Controllers.AuthController (HealthCare.Api).
2026-07-10 15:11:59.948 +05:30 [WRN] You do not have a valid license key for the Lucky Penny software AutoMapper. This is allowed for development and testing scenarios. If you are running in production you are required to have a licensed version. Please visit https://luckypennysoftware.com to obtain a valid license.
2026-07-10 15:12:00.094 +05:30 [INF] Executed DbCommand (6ms) [Parameters=[@normalizedEmail='?' (Size = 256)], CommandType='"Text"', CommandTimeout='30']
SELECT TOP(2) [a].[Id], [a].[AccessFailedCount], [a].[ConcurrencyStamp], [a].[Discriminator], [a].[Email], [a].[EmailConfirmed], [a].[LockoutEnabled], [a].[LockoutEnd], [a].[NormalizedEmail], [a].[NormalizedUserName], [a].[PasswordHash], [a].[PhoneNumber], [a].[PhoneNumberConfirmed], [a].[SecurityStamp], [a].[TwoFactorEnabled], [a].[UserName]
FROM [AspNetUsers] AS [a]
WHERE [a].[Discriminator] = N'User' AND [a].[NormalizedEmail] = @normalizedEmail
2026-07-10 15:12:00.306 +05:30 [INF] Executed DbCommand (4ms) [Parameters=[@userId='?' (Size = 450)], CommandType='"Text"', CommandTimeout='30']
SELECT [a0].[Name]
FROM [AspNetUserRoles] AS [a]
INNER JOIN [AspNetRoles] AS [a0] ON [a].[RoleId] = [a0].[Id]
WHERE [a].[UserId] = @userId
2026-07-10 15:12:00.326 +05:30 [INF] Executed DbCommand (5ms) [Parameters=[@userId='?' (Size = 450)], CommandType='"Text"', CommandTimeout='30']
SELECT TOP(1) [p].[PatientId], [p].[CreatedDate], [p].[DateOfBirth], [p].[FullName], [p].[Gender], [p].[InsuranceId], [p].[IsActive], [p].[PhoneNumber], [p].[UserId]
FROM [Patients] AS [p]
WHERE [p].[UserId] = @userId
2026-07-10 15:12:00.454 +05:30 [INF] Executed DbCommand (1ms) [Parameters=[@userId='?' (Size = 450)], CommandType='"Text"', CommandTimeout='30']
SELECT [a0].[Name]
FROM [AspNetUserRoles] AS [a]
INNER JOIN [AspNetRoles] AS [a0] ON [a].[RoleId] = [a0].[Id]
WHERE [a].[UserId] = @userId
2026-07-10 15:12:00.529 +05:30 [INF] Executing OkObjectResult, writing value of type 'HealthCare.Api.DTOs.Auth.AuthResponseDto'.
2026-07-10 15:12:00.548 +05:30 [INF] Executed action HealthCare.Api.Controllers.AuthController.Login (HealthCare.Api) in 703.2649ms
2026-07-10 15:12:00.551 +05:30 [INF] Executed endpoint 'HealthCare.Api.Controllers.AuthController.Login (HealthCare.Api)'
2026-07-10 15:12:00.557 +05:30 [INF] API Request: POST /api/auth/login responded 200
2026-07-10 15:12:00.569 +05:30 [INF] Request finished HTTP/2 POST https://localhost:7234/api/auth/login - 200 null application/json; charset=utf-8 795.978ms
2026-07-10 15:12:00.932 +05:30 [INF] Request starting HTTP/2 OPTIONS https://localhost:7234/api/appointments/patient/upcoming - null null
2026-07-10 15:12:00.932 +05:30 [INF] Request starting HTTP/2 OPTIONS https://localhost:7234/api/records/my-records - null null
2026-07-10 15:12:00.936 +05:30 [INF] CORS policy execution successful.
2026-07-10 15:12:00.937 +05:30 [INF] CORS policy execution successful.
2026-07-10 15:12:00.938 +05:30 [INF] API Request: OPTIONS /api/appointments/patient/upcoming responded 204
2026-07-10 15:12:00.939 +05:30 [INF] API Request: OPTIONS /api/records/my-records responded 204
2026-07-10 15:12:00.940 +05:30 [INF] Request finished HTTP/2 OPTIONS https://localhost:7234/api/appointments/patient/upcoming - 204 null null 8.5733ms
2026-07-10 15:12:00.942 +05:30 [INF] Request finished HTTP/2 OPTIONS https://localhost:7234/api/records/my-records - 204 null null 10.2371ms
2026-07-10 15:12:00.943 +05:30 [INF] Request starting HTTP/2 GET https://localhost:7234/api/records/my-records - null null
2026-07-10 15:12:00.944 +05:30 [INF] Request starting HTTP/2 GET https://localhost:7234/api/appointments/patient/upcoming - null null
2026-07-10 15:12:00.953 +05:30 [INF] CORS policy execution successful.
2026-07-10 15:12:00.955 +05:30 [INF] CORS policy execution successful.
2026-07-10 15:12:01.053 +05:30 [INF] Executing endpoint 'HealthCare.Api.Controllers.AppointmentController.GetAppointmentByPatient (HealthCare.Api)'
2026-07-10 15:12:01.054 +05:30 [INF] Executing endpoint 'HealthCare.Api.Controllers.HealthRecordController.GetHealthRecordByPatient (HealthCare.Api)'
2026-07-10 15:12:01.065 +05:30 [INF] Route matched with {action = "GetAppointmentByPatient", controller = "Appointment"}. Executing controller action with signature System.Threading.Tasks.Task`1[Microsoft.AspNetCore.Mvc.IActionResult] GetAppointmentByPatient() on controller HealthCare.Api.Controllers.AppointmentController (HealthCare.Api).
2026-07-10 15:12:01.067 +05:30 [INF] Route matched with {action = "GetHealthRecordByPatient", controller = "HealthRecord"}. Executing controller action with signature System.Threading.Tasks.Task`1[Microsoft.AspNetCore.Mvc.IActionResult] GetHealthRecordByPatient() on controller HealthCare.Api.Controllers.HealthRecordController (HealthCare.Api).
2026-07-10 15:12:01.143 +05:30 [INF] Executed DbCommand (11ms) [Parameters=[@id='?' (DbType = Int32)], CommandType='"Text"', CommandTimeout='30']
SELECT [h].[RecordId], [p].[FullName] AS [PatientName], [d].[FullName] AS [DoctorName], [h].[VisitDate], [h].[Diagnosis], [h].[Prescription], [h].[Notes]
FROM [HealthRecords] AS [h]
INNER JOIN [Patients] AS [p] ON [h].[PatientId] = [p].[PatientId]
INNER JOIN [Doctors] AS [d] ON [h].[DoctorId] = [d].[DoctorId]
WHERE [h].[PatientId] = @id
2026-07-10 15:12:01.149 +05:30 [INF] Executing OkObjectResult, writing value of type 'System.Collections.Generic.List`1[[HealthCare.Api.DTOs.HealthRecord.HealthRecordListDto, HealthCare.Shared, Version=1.0.0.0, Culture=neutral, PublicKeyToken=null]]'.
2026-07-10 15:12:01.161 +05:30 [INF] Executed action HealthCare.Api.Controllers.HealthRecordController.GetHealthRecordByPatient (HealthCare.Api) in 91.8019ms
2026-07-10 15:12:01.163 +05:30 [INF] Executed endpoint 'HealthCare.Api.Controllers.HealthRecordController.GetHealthRecordByPatient (HealthCare.Api)'
2026-07-10 15:12:01.165 +05:30 [INF] API Request: GET /api/records/my-records responded 200
2026-07-10 15:12:01.167 +05:30 [INF] Request finished HTTP/2 GET https://localhost:7234/api/records/my-records - 200 null application/json; charset=utf-8 224.1351ms
2026-07-10 15:12:01.408 +05:30 [INF] Executed DbCommand (15ms) [Parameters=[@id='?' (DbType = Int32)], CommandType='"Text"', CommandTimeout='30']
SELECT [a].[AppointmentId], [a].[PatientId], [p].[FullName] AS [PatientName], [d].[FullName] AS [DoctorName], [a].[ScheduledDate], [a].[TimeSlot], [a].[Status]
FROM [Appointments] AS [a]
INNER JOIN [Patients] AS [p] ON [a].[PatientId] = [p].[PatientId]
INNER JOIN [Doctors] AS [d] ON [a].[DoctorId] = [d].[DoctorId]
WHERE [a].[PatientId] = @id AND [a].[ScheduledDate] >= CAST(CONVERT(date, GETDATE()) AS date)
2026-07-10 15:12:01.413 +05:30 [INF] Executing OkObjectResult, writing value of type 'System.Collections.Generic.List`1[[HealthCare.Api.DTOs.Appointment.AppointmentListDto, HealthCare.Shared, Version=1.0.0.0, Culture=neutral, PublicKeyToken=null]]'.
2026-07-10 15:12:01.426 +05:30 [INF] Executed action HealthCare.Api.Controllers.AppointmentController.GetAppointmentByPatient (HealthCare.Api) in 357.9919ms
2026-07-10 15:12:01.428 +05:30 [INF] Executed endpoint 'HealthCare.Api.Controllers.AppointmentController.GetAppointmentByPatient (HealthCare.Api)'
2026-07-10 15:12:01.430 +05:30 [INF] API Request: GET /api/appointments/patient/upcoming responded 200
2026-07-10 15:12:01.432 +05:30 [INF] Request finished HTTP/2 GET https://localhost:7234/api/appointments/patient/upcoming - 200 null application/json; charset=utf-8 487.7499ms
2026-07-10 15:12:14.343 +05:30 [INF] Request starting HTTP/2 OPTIONS https://localhost:7234/api/doctors/available?specialisation=Cardiologist&date=2026-07-25 - null null
2026-07-10 15:12:14.347 +05:30 [INF] CORS policy execution successful.
2026-07-10 15:12:14.348 +05:30 [INF] API Request: OPTIONS /api/doctors/available responded 204
2026-07-10 15:12:14.350 +05:30 [INF] Request finished HTTP/2 OPTIONS https://localhost:7234/api/doctors/available?specialisation=Cardiologist&date=2026-07-25 - 204 null null 7.1932ms
2026-07-10 15:12:14.353 +05:30 [INF] Request starting HTTP/2 GET https://localhost:7234/api/doctors/available?specialisation=Cardiologist&date=2026-07-25 - null null
2026-07-10 15:12:14.359 +05:30 [INF] CORS policy execution successful.
2026-07-10 15:12:14.364 +05:30 [INF] Executing endpoint 'HealthCare.Api.Controllers.DoctorController.GetAvailableDoctors (HealthCare.Api)'
2026-07-10 15:12:14.376 +05:30 [INF] Route matched with {action = "GetAvailableDoctors", controller = "Doctor"}. Executing controller action with signature System.Threading.Tasks.Task`1[Microsoft.AspNetCore.Mvc.IActionResult] GetAvailableDoctors(System.String, System.DateOnly) on controller HealthCare.Api.Controllers.DoctorController (HealthCare.Api).
2026-07-10 15:12:14.732 +05:30 [INF] Cache MISS for key: doctors:available:cardiologist:2026-07-25
2026-07-10 15:12:14.799 +05:30 [INF] Executed DbCommand (30ms) [Parameters=[@specialisation='?' (Size = 50), @date='?' (DbType = Date)], CommandType='"Text"', CommandTimeout='30']
SELECT [d].[DoctorId], [d].[FullName], [d].[Specialisation], [d].[ConsultationFee], [d].[IsActive]
FROM [Doctors] AS [d]
WHERE [d].[Specialisation] = @specialisation AND [d].[IsActive] = CAST(1 AS bit) AND NOT EXISTS (
    SELECT 1
    FROM [DoctorLeaves] AS [d0]
    WHERE [d].[DoctorId] = [d0].[DoctorId] AND [d0].[LeaveDate] = @date) AND EXISTS (
    SELECT 1
    FROM (
        SELECT [d1].[TimeSlot]
        FROM [DoctorAvailableSlots] AS [d1]
        WHERE [d].[DoctorId] = [d1].[DoctorId]
        EXCEPT
        SELECT [a].[TimeSlot]
        FROM [Appointments] AS [a]
        WHERE [d].[DoctorId] = [a].[DoctorId] AND [a].[ScheduledDate] = @date AND [a].[Status] <> N'Cancelled'
    ) AS [e])
2026-07-10 15:12:14.858 +05:30 [INF] Cache SET for key: doctors:available:cardiologist:2026-07-25 with 5 minutes TTL
2026-07-10 15:12:14.859 +05:30 [INF] Executing OkObjectResult, writing value of type 'System.Collections.Generic.List`1[[HealthCare.Api.DTOs.Doctor.DoctorListDto, HealthCare.Shared, Version=1.0.0.0, Culture=neutral, PublicKeyToken=null]]'.
2026-07-10 15:12:14.863 +05:30 [INF] Executed action HealthCare.Api.Controllers.DoctorController.GetAvailableDoctors (HealthCare.Api) in 483.3472ms
2026-07-10 15:12:14.865 +05:30 [INF] Executed endpoint 'HealthCare.Api.Controllers.DoctorController.GetAvailableDoctors (HealthCare.Api)'
2026-07-10 15:12:14.866 +05:30 [INF] API Request: GET /api/doctors/available responded 200
2026-07-10 15:12:14.869 +05:30 [INF] Request finished HTTP/2 GET https://localhost:7234/api/doctors/available?specialisation=Cardiologist&date=2026-07-25 - 200 null application/json; charset=utf-8 515.3029ms
2026-07-10 15:12:16.998 +05:30 [INF] Request starting HTTP/2 OPTIONS https://localhost:7234/api/appointments/available-slots?date=2026-07-25&doctorId=3 - null null
2026-07-10 15:12:17.002 +05:30 [INF] CORS policy execution successful.
2026-07-10 15:12:17.003 +05:30 [INF] API Request: OPTIONS /api/appointments/available-slots responded 204
2026-07-10 15:12:17.005 +05:30 [INF] Request finished HTTP/2 OPTIONS https://localhost:7234/api/appointments/available-slots?date=2026-07-25&doctorId=3 - 204 null null 7.1223ms
2026-07-10 15:12:17.008 +05:30 [INF] Request starting HTTP/2 GET https://localhost:7234/api/appointments/available-slots?date=2026-07-25&doctorId=3 - null null
2026-07-10 15:12:17.011 +05:30 [INF] CORS policy execution successful.
2026-07-10 15:12:17.013 +05:30 [INF] Executing endpoint 'HealthCare.Api.Controllers.AppointmentController.GetAvailableTimeSlots (HealthCare.Api)'
2026-07-10 15:12:17.071 +05:30 [INF] Route matched with {action = "GetAvailableTimeSlots", controller = "Appointment"}. Executing controller action with signature System.Threading.Tasks.Task`1[Microsoft.AspNetCore.Mvc.IActionResult] GetAvailableTimeSlots(System.DateOnly, Int32) on controller HealthCare.Api.Controllers.AppointmentController (HealthCare.Api).
2026-07-10 15:12:17.089 +05:30 [INF] Executed DbCommand (4ms) [Parameters=[@doctorId='?' (DbType = Int32)], CommandType='"Text"', CommandTimeout='30']
SELECT [d].[TimeSlot]
FROM [DoctorAvailableSlots] AS [d]
WHERE [d].[DoctorId] = @doctorId
2026-07-10 15:12:17.102 +05:30 [INF] Executed DbCommand (4ms) [Parameters=[@date='?' (DbType = Date), @doctorId='?' (DbType = Int32)], CommandType='"Text"', CommandTimeout='30']
SELECT [a].[TimeSlot]
FROM [Appointments] AS [a]
WHERE [a].[ScheduledDate] = @date AND [a].[DoctorId] = @doctorId AND [a].[Status] <> N'Cancelled'
2026-07-10 15:12:17.105 +05:30 [INF] Executing OkObjectResult, writing value of type 'System.Collections.Generic.List`1[[System.String, System.Private.CoreLib, Version=10.0.0.0, Culture=neutral, PublicKeyToken=7cec85d7bea7798e]]'.
2026-07-10 15:12:17.107 +05:30 [INF] Executed action HealthCare.Api.Controllers.AppointmentController.GetAvailableTimeSlots (HealthCare.Api) in 32.8432ms
2026-07-10 15:12:17.109 +05:30 [INF] Executed endpoint 'HealthCare.Api.Controllers.AppointmentController.GetAvailableTimeSlots (HealthCare.Api)'
2026-07-10 15:12:17.110 +05:30 [INF] API Request: GET /api/appointments/available-slots responded 200
2026-07-10 15:12:17.111 +05:30 [INF] Request finished HTTP/2 GET https://localhost:7234/api/appointments/available-slots?date=2026-07-25&doctorId=3 - 200 null application/json; charset=utf-8 103.0406ms
2026-07-10 15:12:26.832 +05:30 [INF] Request starting HTTP/2 OPTIONS https://localhost:7234/api/appointments/book - null null
2026-07-10 15:12:26.836 +05:30 [INF] CORS policy execution successful.
2026-07-10 15:12:26.837 +05:30 [INF] API Request: OPTIONS /api/appointments/book responded 204
2026-07-10 15:12:26.839 +05:30 [INF] Request finished HTTP/2 OPTIONS https://localhost:7234/api/appointments/book - 204 null null 7.1823ms
2026-07-10 15:12:26.842 +05:30 [INF] Request starting HTTP/2 POST https://localhost:7234/api/appointments/book - application/json 64
2026-07-10 15:12:26.844 +05:30 [INF] CORS policy execution successful.
2026-07-10 15:12:26.845 +05:30 [INF] Executing endpoint 'HealthCare.Api.Controllers.AppointmentController.BookAppointment (HealthCare.Api)'
2026-07-10 15:12:26.856 +05:30 [INF] Route matched with {action = "BookAppointment", controller = "Appointment"}. Executing controller action with signature System.Threading.Tasks.Task`1[Microsoft.AspNetCore.Mvc.IActionResult] BookAppointment(HealthCare.Shared.DTOs.Appointment.CreateAppointmentDto) on controller HealthCare.Api.Controllers.AppointmentController (HealthCare.Api).
2026-07-10 15:12:26.933 +05:30 [INF] Executed DbCommand (14ms) [Parameters=[@date='?' (DbType = Date), @doctorId='?' (DbType = Int32), @timeSlot='?' (Size = 20)], CommandType='"Text"', CommandTimeout='30']
SELECT CASE
    WHEN EXISTS (
        SELECT 1
        FROM [Appointments] AS [a]
        WHERE [a].[ScheduledDate] = @date AND [a].[DoctorId] = @doctorId AND [a].[TimeSlot] = @timeSlot AND [a].[Status] <> N'Cancelled') THEN CAST(1 AS bit)
    ELSE CAST(0 AS bit)
END
2026-07-10 15:12:27.249 +05:30 [INF] Executed DbCommand (17ms) [Parameters=[@p0='?' (Size = 500), @p1='?' (DbType = DateTimeOffset), @p2='?' (DbType = Int32), @p3='?' (DbType = Int32), @p4='?' (DbType = Date), @p5='?' (Size = 20), @p6='?' (Size = 20)], CommandType='"Text"', CommandTimeout='30']
SET IMPLICIT_TRANSACTIONS OFF;
SET NOCOUNT ON;
INSERT INTO [Appointments] ([CancellationReason], [CreatedDate], [DoctorId], [PatientId], [ScheduledDate], [Status], [TimeSlot])
OUTPUT INSERTED.[AppointmentId]
VALUES (@p0, @p1, @p2, @p3, @p4, @p5, @p6);
2026-07-10 15:12:27.309 +05:30 [INF] Appointment booked: AppointmentId 1018
2026-07-10 15:12:27.325 +05:30 [INF] Executed DbCommand (3ms) [Parameters=[@patientId='?' (DbType = Int32)], CommandType='"Text"', CommandTimeout='30']
SELECT TOP(1) [p].[PatientId], [p].[CreatedDate], [p].[DateOfBirth], [p].[FullName], [p].[Gender], [p].[InsuranceId], [p].[IsActive], [p].[PhoneNumber], [p].[UserId]
FROM [Patients] AS [p]
WHERE [p].[PatientId] = @patientId
2026-07-10 15:12:27.628 +05:30 [INF] Executing OkObjectResult, writing value of type '<>f__AnonymousType0`1[[System.String, System.Private.CoreLib, Version=10.0.0.0, Culture=neutral, PublicKeyToken=7cec85d7bea7798e]]'.
2026-07-10 15:12:27.634 +05:30 [INF] Executed action HealthCare.Api.Controllers.AppointmentController.BookAppointment (HealthCare.Api) in 776.5931ms
2026-07-10 15:12:27.635 +05:30 [INF] Executed endpoint 'HealthCare.Api.Controllers.AppointmentController.BookAppointment (HealthCare.Api)'
2026-07-10 15:12:27.637 +05:30 [INF] API Request: POST /api/appointments/book responded 200
2026-07-10 15:12:27.638 +05:30 [INF] Request finished HTTP/2 POST https://localhost:7234/api/appointments/book - 200 null application/json; charset=utf-8 796.4816ms
2026-07-10 15:12:27.706 +05:30 [INF] Executed DbCommand (4ms) [Parameters=[@p0='?' (DbType = DateTime2), @p1='?' (DbType = Int32), @p2='?' (DbType = Boolean), @p3='?' (Size = 500)], CommandType='"Text"', CommandTimeout='30']
SET IMPLICIT_TRANSACTIONS OFF;
SET NOCOUNT ON;
INSERT INTO [Notifications] ([CreatedAtUtc], [DoctorId], [IsRead], [Message])
OUTPUT INSERTED.[NotificationId]
VALUES (@p0, @p1, @p2, @p3);
2026-07-10 15:12:27.713 +05:30 [INF] Notification created for DoctorId 3 from AppointmentId 1018
2026-07-10 15:16:20.081 +05:30 [INF] Usage Telemetry: {"id":"78080000-e56a-1944-57d7-08dede676533","created":"2026-07-10T15:11:19.4051865\u002B05:30","host":{"framework_version":"10.0.8","mass_transit_version":"8.5.10.0","operating_system_version":"Microsoft Windows NT 10.0.26200.0","time_zone_info":"(UTC\u002B05:30) Chennai, Kolkata, Mumbai, New Delhi","commit_hash":"62ab339afa3bac2e9b3fe1769d0d35d7e44778e9"},"bus":[{"created":"2026-07-10T15:11:19.4074233\u002B05:30","configured":"2026-07-10T15:11:19.5658178\u002B05:30","started":"2026-07-10T15:11:20.0438950\u002B05:30","name":"IBus","endpoints":[{"name":"appointment.events.queue","type":"RabbitMQ","prefetch_count":16,"consumer_count":1,"message_count":1},{"name":"_bus_","type":"RabbitMQ","prefetch_count":16}]}]}
2026-07-10 15:34:16.397 +05:30 [INF] User profile is available. Using 'C:\Users\310508\AppData\Local\ASP.NET\DataProtection-Keys' as key repository and Windows DPAPI to encrypt keys at rest.
2026-07-10 15:34:22.541 +05:30 [INF] Executed DbCommand (234ms) [Parameters=[@normalizedName='?' (Size = 256)], CommandType='"Text"', CommandTimeout='30']
SELECT TOP(1) [a].[Id], [a].[ConcurrencyStamp], [a].[Name], [a].[NormalizedName]
FROM [AspNetRoles] AS [a]
WHERE [a].[NormalizedName] = @normalizedName
2026-07-10 15:34:22.871 +05:30 [INF] Executed DbCommand (15ms) [Parameters=[@normalizedName='?' (Size = 256)], CommandType='"Text"', CommandTimeout='30']
SELECT TOP(1) [a].[Id], [a].[ConcurrencyStamp], [a].[Name], [a].[NormalizedName]
FROM [AspNetRoles] AS [a]
WHERE [a].[NormalizedName] = @normalizedName
2026-07-10 15:34:22.886 +05:30 [INF] Executed DbCommand (2ms) [Parameters=[@normalizedName='?' (Size = 256)], CommandType='"Text"', CommandTimeout='30']
SELECT TOP(1) [a].[Id], [a].[ConcurrencyStamp], [a].[Name], [a].[NormalizedName]
FROM [AspNetRoles] AS [a]
WHERE [a].[NormalizedName] = @normalizedName
2026-07-10 15:34:22.902 +05:30 [INF] Executed DbCommand (2ms) [Parameters=[@normalizedName='?' (Size = 256)], CommandType='"Text"', CommandTimeout='30']
SELECT TOP(1) [a].[Id], [a].[ConcurrencyStamp], [a].[Name], [a].[NormalizedName]
FROM [AspNetRoles] AS [a]
WHERE [a].[NormalizedName] = @normalizedName
2026-07-10 15:34:22.918 +05:30 [INF] Executed DbCommand (2ms) [Parameters=[@normalizedName='?' (Size = 256)], CommandType='"Text"', CommandTimeout='30']
SELECT TOP(1) [a].[Id], [a].[ConcurrencyStamp], [a].[Name], [a].[NormalizedName]
FROM [AspNetRoles] AS [a]
WHERE [a].[NormalizedName] = @normalizedName
2026-07-10 15:34:22.931 +05:30 [INF] Executed DbCommand (3ms) [Parameters=[@normalizedName='?' (Size = 256)], CommandType='"Text"', CommandTimeout='30']
SELECT TOP(1) [a].[Id], [a].[ConcurrencyStamp], [a].[Name], [a].[NormalizedName]
FROM [AspNetRoles] AS [a]
WHERE [a].[NormalizedName] = @normalizedName
2026-07-10 15:34:23.031 +05:30 [INF] Executed DbCommand (31ms) [Parameters=[@normalizedEmail='?' (Size = 256)], CommandType='"Text"', CommandTimeout='30']
SELECT TOP(2) [a].[Id], [a].[AccessFailedCount], [a].[ConcurrencyStamp], [a].[Discriminator], [a].[Email], [a].[EmailConfirmed], [a].[LockoutEnabled], [a].[LockoutEnd], [a].[NormalizedEmail], [a].[NormalizedUserName], [a].[PasswordHash], [a].[PhoneNumber], [a].[PhoneNumberConfirmed], [a].[SecurityStamp], [a].[TwoFactorEnabled], [a].[UserName]
FROM [AspNetUsers] AS [a]
WHERE [a].[Discriminator] = N'User' AND [a].[NormalizedEmail] = @normalizedEmail
2026-07-10 15:34:24.729 +05:30 [INF] Configured endpoint appointment.events.queue, Consumer: HealthCare.Api.Messaging.AppointmentBookedEventConsumer
2026-07-10 15:34:26.170 +05:30 [INF] Now listening on: https://localhost:7234
2026-07-10 15:34:26.175 +05:30 [INF] Now listening on: http://localhost:5225
2026-07-10 15:34:26.186 +05:30 [INF] Bus started: "rabbitmq://localhost/"
2026-07-10 15:34:26.388 +05:30 [INF] Application started. Press Ctrl+C to shut down.
2026-07-10 15:34:26.392 +05:30 [INF] Hosting environment: Development
2026-07-10 15:34:26.397 +05:30 [INF] Content root path: C:\Users\310508\source\repos\UST-Live-01\HealthCare\HealthCare.Api
2026-07-10 15:34:56.180 +05:30 [INF] Request starting HTTP/2 OPTIONS https://localhost:7234/api/auth/login - null null
2026-07-10 15:34:56.364 +05:30 [INF] CORS policy execution successful.
2026-07-10 15:34:56.378 +05:30 [INF] API Request: OPTIONS /api/auth/login responded 204
2026-07-10 15:34:56.412 +05:30 [INF] Request finished HTTP/2 OPTIONS https://localhost:7234/api/auth/login - 204 null null 236.4832ms
2026-07-10 15:34:56.426 +05:30 [INF] Request starting HTTP/2 POST https://localhost:7234/api/auth/login - application/json 51
2026-07-10 15:34:56.444 +05:30 [INF] CORS policy execution successful.
2026-07-10 15:34:56.495 +05:30 [INF] Executing endpoint 'HealthCare.Api.Controllers.AuthController.Login (HealthCare.Api)'
2026-07-10 15:34:56.561 +05:30 [INF] Route matched with {action = "Login", controller = "Auth"}. Executing controller action with signature System.Threading.Tasks.Task`1[Microsoft.AspNetCore.Mvc.IActionResult] Login(HealthCare.Api.DTOs.Auth.LoginDto) on controller HealthCare.Api.Controllers.AuthController (HealthCare.Api).
2026-07-10 15:34:56.871 +05:30 [WRN] You do not have a valid license key for the Lucky Penny software AutoMapper. This is allowed for development and testing scenarios. If you are running in production you are required to have a licensed version. Please visit https://luckypennysoftware.com to obtain a valid license.
2026-07-10 15:34:57.192 +05:30 [INF] Executed DbCommand (13ms) [Parameters=[@normalizedEmail='?' (Size = 256)], CommandType='"Text"', CommandTimeout='30']
SELECT TOP(2) [a].[Id], [a].[AccessFailedCount], [a].[ConcurrencyStamp], [a].[Discriminator], [a].[Email], [a].[EmailConfirmed], [a].[LockoutEnabled], [a].[LockoutEnd], [a].[NormalizedEmail], [a].[NormalizedUserName], [a].[PasswordHash], [a].[PhoneNumber], [a].[PhoneNumberConfirmed], [a].[SecurityStamp], [a].[TwoFactorEnabled], [a].[UserName]
FROM [AspNetUsers] AS [a]
WHERE [a].[Discriminator] = N'User' AND [a].[NormalizedEmail] = @normalizedEmail
2026-07-10 15:34:57.635 +05:30 [INF] Executed DbCommand (11ms) [Parameters=[@userId='?' (Size = 450)], CommandType='"Text"', CommandTimeout='30']
SELECT [a0].[Name]
FROM [AspNetUserRoles] AS [a]
INNER JOIN [AspNetRoles] AS [a0] ON [a].[RoleId] = [a0].[Id]
WHERE [a].[UserId] = @userId
2026-07-10 15:34:57.680 +05:30 [INF] Executed DbCommand (8ms) [Parameters=[@userId='?' (Size = 450)], CommandType='"Text"', CommandTimeout='30']
SELECT TOP(1) [p].[PatientId], [p].[CreatedDate], [p].[DateOfBirth], [p].[FullName], [p].[Gender], [p].[InsuranceId], [p].[IsActive], [p].[PhoneNumber], [p].[UserId]
FROM [Patients] AS [p]
WHERE [p].[UserId] = @userId
2026-07-10 15:34:57.911 +05:30 [INF] Executed DbCommand (2ms) [Parameters=[@userId='?' (Size = 450)], CommandType='"Text"', CommandTimeout='30']
SELECT [a0].[Name]
FROM [AspNetUserRoles] AS [a]
INNER JOIN [AspNetRoles] AS [a0] ON [a].[RoleId] = [a0].[Id]
WHERE [a].[UserId] = @userId
2026-07-10 15:34:58.042 +05:30 [INF] Executing OkObjectResult, writing value of type 'HealthCare.Api.DTOs.Auth.AuthResponseDto'.
2026-07-10 15:34:58.092 +05:30 [INF] Executed action HealthCare.Api.Controllers.AuthController.Login (HealthCare.Api) in 1514.8293ms
2026-07-10 15:34:58.099 +05:30 [INF] Executed endpoint 'HealthCare.Api.Controllers.AuthController.Login (HealthCare.Api)'
2026-07-10 15:34:58.108 +05:30 [INF] API Request: POST /api/auth/login responded 200
2026-07-10 15:34:58.129 +05:30 [INF] Request finished HTTP/2 POST https://localhost:7234/api/auth/login - 200 null application/json; charset=utf-8 1703.1141ms
2026-07-10 15:34:58.482 +05:30 [INF] Request starting HTTP/2 OPTIONS https://localhost:7234/api/appointments/patient/upcoming - null null
2026-07-10 15:34:58.482 +05:30 [INF] Request starting HTTP/2 OPTIONS https://localhost:7234/api/records/my-records - null null
2026-07-10 15:34:58.505 +05:30 [INF] CORS policy execution successful.
2026-07-10 15:34:58.512 +05:30 [INF] CORS policy execution successful.
2026-07-10 15:34:58.515 +05:30 [INF] API Request: OPTIONS /api/appointments/patient/upcoming responded 204
2026-07-10 15:34:58.518 +05:30 [INF] API Request: OPTIONS /api/records/my-records responded 204
2026-07-10 15:34:58.522 +05:30 [INF] Request finished HTTP/2 OPTIONS https://localhost:7234/api/appointments/patient/upcoming - 204 null null 40.1094ms
2026-07-10 15:34:58.526 +05:30 [INF] Request finished HTTP/2 OPTIONS https://localhost:7234/api/records/my-records - 204 null null 43.6451ms
2026-07-10 15:34:58.526 +05:30 [INF] Request starting HTTP/2 GET https://localhost:7234/api/appointments/patient/upcoming - null null
2026-07-10 15:34:58.543 +05:30 [INF] Request starting HTTP/2 GET https://localhost:7234/api/records/my-records - null null
2026-07-10 15:34:58.604 +05:30 [INF] CORS policy execution successful.
2026-07-10 15:34:58.611 +05:30 [INF] CORS policy execution successful.
2026-07-10 15:34:58.872 +05:30 [INF] Executing endpoint 'HealthCare.Api.Controllers.AppointmentController.GetAppointmentByPatient (HealthCare.Api)'
2026-07-10 15:34:58.872 +05:30 [INF] Executing endpoint 'HealthCare.Api.Controllers.HealthRecordController.GetHealthRecordByPatient (HealthCare.Api)'
2026-07-10 15:34:58.896 +05:30 [INF] Route matched with {action = "GetAppointmentByPatient", controller = "Appointment"}. Executing controller action with signature System.Threading.Tasks.Task`1[Microsoft.AspNetCore.Mvc.IActionResult] GetAppointmentByPatient() on controller HealthCare.Api.Controllers.AppointmentController (HealthCare.Api).
2026-07-10 15:34:58.898 +05:30 [INF] Route matched with {action = "GetHealthRecordByPatient", controller = "HealthRecord"}. Executing controller action with signature System.Threading.Tasks.Task`1[Microsoft.AspNetCore.Mvc.IActionResult] GetHealthRecordByPatient() on controller HealthCare.Api.Controllers.HealthRecordController (HealthCare.Api).
2026-07-10 15:34:59.080 +05:30 [INF] Executed DbCommand (21ms) [Parameters=[@id='?' (DbType = Int32)], CommandType='"Text"', CommandTimeout='30']
SELECT [h].[RecordId], [p].[FullName] AS [PatientName], [d].[FullName] AS [DoctorName], [h].[VisitDate], [h].[Diagnosis], [h].[Prescription], [h].[Notes]
FROM [HealthRecords] AS [h]
INNER JOIN [Patients] AS [p] ON [h].[PatientId] = [p].[PatientId]
INNER JOIN [Doctors] AS [d] ON [h].[DoctorId] = [d].[DoctorId]
WHERE [h].[PatientId] = @id
2026-07-10 15:34:59.101 +05:30 [INF] Executing OkObjectResult, writing value of type 'System.Collections.Generic.List`1[[HealthCare.Api.DTOs.HealthRecord.HealthRecordListDto, HealthCare.Shared, Version=1.0.0.0, Culture=neutral, PublicKeyToken=null]]'.
2026-07-10 15:34:59.126 +05:30 [INF] Executed action HealthCare.Api.Controllers.HealthRecordController.GetHealthRecordByPatient (HealthCare.Api) in 218.587ms
2026-07-10 15:34:59.131 +05:30 [INF] Executed endpoint 'HealthCare.Api.Controllers.HealthRecordController.GetHealthRecordByPatient (HealthCare.Api)'
2026-07-10 15:34:59.135 +05:30 [INF] API Request: GET /api/records/my-records responded 200
2026-07-10 15:34:59.139 +05:30 [INF] Request finished HTTP/2 GET https://localhost:7234/api/records/my-records - 200 null application/json; charset=utf-8 596.0498ms
2026-07-10 15:34:59.671 +05:30 [INF] Executed DbCommand (44ms) [Parameters=[@id='?' (DbType = Int32)], CommandType='"Text"', CommandTimeout='30']
SELECT [a].[AppointmentId], [a].[PatientId], [p].[FullName] AS [PatientName], [d].[FullName] AS [DoctorName], [a].[ScheduledDate], [a].[TimeSlot], [a].[Status]
FROM [Appointments] AS [a]
INNER JOIN [Patients] AS [p] ON [a].[PatientId] = [p].[PatientId]
INNER JOIN [Doctors] AS [d] ON [a].[DoctorId] = [d].[DoctorId]
WHERE [a].[PatientId] = @id AND [a].[ScheduledDate] >= CAST(CONVERT(date, GETDATE()) AS date)
2026-07-10 15:34:59.681 +05:30 [INF] Executing OkObjectResult, writing value of type 'System.Collections.Generic.List`1[[HealthCare.Api.DTOs.Appointment.AppointmentListDto, HealthCare.Shared, Version=1.0.0.0, Culture=neutral, PublicKeyToken=null]]'.
2026-07-10 15:34:59.705 +05:30 [INF] Executed action HealthCare.Api.Controllers.AppointmentController.GetAppointmentByPatient (HealthCare.Api) in 804.249ms
2026-07-10 15:34:59.709 +05:30 [INF] Executed endpoint 'HealthCare.Api.Controllers.AppointmentController.GetAppointmentByPatient (HealthCare.Api)'
2026-07-10 15:34:59.713 +05:30 [INF] API Request: GET /api/appointments/patient/upcoming responded 200
2026-07-10 15:34:59.718 +05:30 [INF] Request finished HTTP/2 GET https://localhost:7234/api/appointments/patient/upcoming - 200 null application/json; charset=utf-8 1192.2469ms
2026-07-10 15:35:11.093 +05:30 [INF] Request starting HTTP/2 OPTIONS https://localhost:7234/api/doctors/available?specialisation=Psychiatrist&date=2026-07-25 - null null
2026-07-10 15:35:11.100 +05:30 [INF] CORS policy execution successful.
2026-07-10 15:35:11.102 +05:30 [INF] API Request: OPTIONS /api/doctors/available responded 204
2026-07-10 15:35:11.107 +05:30 [INF] Request finished HTTP/2 OPTIONS https://localhost:7234/api/doctors/available?specialisation=Psychiatrist&date=2026-07-25 - 204 null null 13.5952ms
2026-07-10 15:35:11.110 +05:30 [INF] Request starting HTTP/2 GET https://localhost:7234/api/doctors/available?specialisation=Psychiatrist&date=2026-07-25 - null null
2026-07-10 15:35:11.125 +05:30 [INF] CORS policy execution successful.
2026-07-10 15:35:11.139 +05:30 [INF] Executing endpoint 'HealthCare.Api.Controllers.DoctorController.GetAvailableDoctors (HealthCare.Api)'
2026-07-10 15:35:11.173 +05:30 [INF] Route matched with {action = "GetAvailableDoctors", controller = "Doctor"}. Executing controller action with signature System.Threading.Tasks.Task`1[Microsoft.AspNetCore.Mvc.IActionResult] GetAvailableDoctors(System.String, System.DateOnly) on controller HealthCare.Api.Controllers.DoctorController (HealthCare.Api).
2026-07-10 15:35:11.964 +05:30 [INF] Cache MISS for key: doctors:available:psychiatrist:2026-07-25
2026-07-10 15:35:12.144 +05:30 [INF] Executed DbCommand (47ms) [Parameters=[@specialisation='?' (Size = 50), @date='?' (DbType = Date)], CommandType='"Text"', CommandTimeout='30']
SELECT [d].[DoctorId], [d].[FullName], [d].[Specialisation], [d].[ConsultationFee], [d].[IsActive]
FROM [Doctors] AS [d]
WHERE [d].[Specialisation] = @specialisation AND [d].[IsActive] = CAST(1 AS bit) AND NOT EXISTS (
    SELECT 1
    FROM [DoctorLeaves] AS [d0]
    WHERE [d].[DoctorId] = [d0].[DoctorId] AND [d0].[LeaveDate] = @date) AND EXISTS (
    SELECT 1
    FROM (
        SELECT [d1].[TimeSlot]
        FROM [DoctorAvailableSlots] AS [d1]
        WHERE [d].[DoctorId] = [d1].[DoctorId]
        EXCEPT
        SELECT [a].[TimeSlot]
        FROM [Appointments] AS [a]
        WHERE [d].[DoctorId] = [a].[DoctorId] AND [a].[ScheduledDate] = @date AND [a].[Status] <> N'Cancelled'
    ) AS [e])
2026-07-10 15:35:12.198 +05:30 [INF] Cache SET for key: doctors:available:psychiatrist:2026-07-25 with 5 minutes TTL
2026-07-10 15:35:12.202 +05:30 [INF] Executing OkObjectResult, writing value of type 'System.Collections.Generic.List`1[[HealthCare.Api.DTOs.Doctor.DoctorListDto, HealthCare.Shared, Version=1.0.0.0, Culture=neutral, PublicKeyToken=null]]'.
2026-07-10 15:35:12.207 +05:30 [INF] Executed action HealthCare.Api.Controllers.DoctorController.GetAvailableDoctors (HealthCare.Api) in 1023.6469ms
2026-07-10 15:35:12.211 +05:30 [INF] Executed endpoint 'HealthCare.Api.Controllers.DoctorController.GetAvailableDoctors (HealthCare.Api)'
2026-07-10 15:35:12.213 +05:30 [INF] API Request: GET /api/doctors/available responded 200
2026-07-10 15:35:12.218 +05:30 [INF] Request finished HTTP/2 GET https://localhost:7234/api/doctors/available?specialisation=Psychiatrist&date=2026-07-25 - 200 null application/json; charset=utf-8 1108.1047ms
2026-07-10 15:35:13.662 +05:30 [INF] Request starting HTTP/2 OPTIONS https://localhost:7234/api/appointments/available-slots?date=2026-07-25&doctorId=4 - null null
2026-07-10 15:35:13.670 +05:30 [INF] CORS policy execution successful.
2026-07-10 15:35:13.672 +05:30 [INF] API Request: OPTIONS /api/appointments/available-slots responded 204
2026-07-10 15:35:13.677 +05:30 [INF] Request finished HTTP/2 OPTIONS https://localhost:7234/api/appointments/available-slots?date=2026-07-25&doctorId=4 - 204 null null 15.0666ms
2026-07-10 15:35:13.683 +05:30 [INF] Request starting HTTP/2 GET https://localhost:7234/api/appointments/available-slots?date=2026-07-25&doctorId=4 - null null
2026-07-10 15:35:13.696 +05:30 [INF] CORS policy execution successful.
2026-07-10 15:35:13.703 +05:30 [INF] Executing endpoint 'HealthCare.Api.Controllers.AppointmentController.GetAvailableTimeSlots (HealthCare.Api)'
2026-07-10 15:35:13.725 +05:30 [INF] Route matched with {action = "GetAvailableTimeSlots", controller = "Appointment"}. Executing controller action with signature System.Threading.Tasks.Task`1[Microsoft.AspNetCore.Mvc.IActionResult] GetAvailableTimeSlots(System.DateOnly, Int32) on controller HealthCare.Api.Controllers.AppointmentController (HealthCare.Api).
2026-07-10 15:35:13.758 +05:30 [INF] Executed DbCommand (4ms) [Parameters=[@doctorId='?' (DbType = Int32)], CommandType='"Text"', CommandTimeout='30']
SELECT [d].[TimeSlot]
FROM [DoctorAvailableSlots] AS [d]
WHERE [d].[DoctorId] = @doctorId
2026-07-10 15:35:13.847 +05:30 [INF] Executed DbCommand (73ms) [Parameters=[@date='?' (DbType = Date), @doctorId='?' (DbType = Int32)], CommandType='"Text"', CommandTimeout='30']
SELECT [a].[TimeSlot]
FROM [Appointments] AS [a]
WHERE [a].[ScheduledDate] = @date AND [a].[DoctorId] = @doctorId AND [a].[Status] <> N'Cancelled'
2026-07-10 15:35:13.855 +05:30 [INF] Executing OkObjectResult, writing value of type 'System.Collections.Generic.List`1[[System.String, System.Private.CoreLib, Version=10.0.0.0, Culture=neutral, PublicKeyToken=7cec85d7bea7798e]]'.
2026-07-10 15:35:13.860 +05:30 [INF] Executed action HealthCare.Api.Controllers.AppointmentController.GetAvailableTimeSlots (HealthCare.Api) in 128.6893ms
2026-07-10 15:35:13.865 +05:30 [INF] Executed endpoint 'HealthCare.Api.Controllers.AppointmentController.GetAvailableTimeSlots (HealthCare.Api)'
2026-07-10 15:35:13.868 +05:30 [INF] API Request: GET /api/appointments/available-slots responded 200
2026-07-10 15:35:13.873 +05:30 [INF] Request finished HTTP/2 GET https://localhost:7234/api/appointments/available-slots?date=2026-07-25&doctorId=4 - 200 null application/json; charset=utf-8 189.9373ms
2026-07-10 15:35:17.083 +05:30 [INF] Request starting HTTP/2 OPTIONS https://localhost:7234/api/appointments/book - null null
2026-07-10 15:35:17.095 +05:30 [INF] CORS policy execution successful.
2026-07-10 15:35:17.097 +05:30 [INF] API Request: OPTIONS /api/appointments/book responded 204
2026-07-10 15:35:17.102 +05:30 [INF] Request finished HTTP/2 OPTIONS https://localhost:7234/api/appointments/book - 204 null null 18.6186ms
2026-07-10 15:35:17.105 +05:30 [INF] Request starting HTTP/2 POST https://localhost:7234/api/appointments/book - application/json 65
2026-07-10 15:35:17.118 +05:30 [INF] CORS policy execution successful.
2026-07-10 15:35:17.121 +05:30 [INF] Executing endpoint 'HealthCare.Api.Controllers.AppointmentController.BookAppointment (HealthCare.Api)'
2026-07-10 15:35:17.188 +05:30 [INF] Route matched with {action = "BookAppointment", controller = "Appointment"}. Executing controller action with signature System.Threading.Tasks.Task`1[Microsoft.AspNetCore.Mvc.IActionResult] BookAppointment(HealthCare.Shared.DTOs.Appointment.CreateAppointmentDto) on controller HealthCare.Api.Controllers.AppointmentController (HealthCare.Api).
2026-07-10 15:35:17.301 +05:30 [INF] Executed DbCommand (10ms) [Parameters=[@date='?' (DbType = Date), @doctorId='?' (DbType = Int32), @timeSlot='?' (Size = 20)], CommandType='"Text"', CommandTimeout='30']
SELECT CASE
    WHEN EXISTS (
        SELECT 1
        FROM [Appointments] AS [a]
        WHERE [a].[ScheduledDate] = @date AND [a].[DoctorId] = @doctorId AND [a].[TimeSlot] = @timeSlot AND [a].[Status] <> N'Cancelled') THEN CAST(1 AS bit)
    ELSE CAST(0 AS bit)
END
2026-07-10 15:35:17.809 +05:30 [INF] Executed DbCommand (13ms) [Parameters=[@p0='?' (Size = 500), @p1='?' (DbType = DateTimeOffset), @p2='?' (DbType = Int32), @p3='?' (DbType = Int32), @p4='?' (DbType = Date), @p5='?' (Size = 20), @p6='?' (Size = 20)], CommandType='"Text"', CommandTimeout='30']
SET IMPLICIT_TRANSACTIONS OFF;
SET NOCOUNT ON;
INSERT INTO [Appointments] ([CancellationReason], [CreatedDate], [DoctorId], [PatientId], [ScheduledDate], [Status], [TimeSlot])
OUTPUT INSERTED.[AppointmentId]
VALUES (@p0, @p1, @p2, @p3, @p4, @p5, @p6);
2026-07-10 15:35:17.898 +05:30 [INF] Appointment booked: AppointmentId 1019
2026-07-10 15:35:17.919 +05:30 [INF] Executed DbCommand (5ms) [Parameters=[@patientId='?' (DbType = Int32)], CommandType='"Text"', CommandTimeout='30']
SELECT TOP(1) [p].[PatientId], [p].[CreatedDate], [p].[DateOfBirth], [p].[FullName], [p].[Gender], [p].[InsuranceId], [p].[IsActive], [p].[PhoneNumber], [p].[UserId]
FROM [Patients] AS [p]
WHERE [p].[PatientId] = @patientId
2026-07-10 15:35:18.439 +05:30 [INF] Executing OkObjectResult, writing value of type '<>f__AnonymousType0`1[[System.String, System.Private.CoreLib, Version=10.0.0.0, Culture=neutral, PublicKeyToken=7cec85d7bea7798e]]'.
2026-07-10 15:35:18.449 +05:30 [INF] Executed action HealthCare.Api.Controllers.AppointmentController.BookAppointment (HealthCare.Api) in 1254.9645ms
2026-07-10 15:35:18.452 +05:30 [INF] Executed endpoint 'HealthCare.Api.Controllers.AppointmentController.BookAppointment (HealthCare.Api)'
2026-07-10 15:35:18.455 +05:30 [INF] API Request: POST /api/appointments/book responded 200
2026-07-10 15:35:18.458 +05:30 [INF] Request finished HTTP/2 POST https://localhost:7234/api/appointments/book - 200 null application/json; charset=utf-8 1353.8272ms
2026-07-10 15:35:18.586 +05:30 [INF] Executed DbCommand (17ms) [Parameters=[@p0='?' (DbType = DateTime2), @p1='?' (DbType = Int32), @p2='?' (DbType = Boolean), @p3='?' (Size = 500)], CommandType='"Text"', CommandTimeout='30']
SET IMPLICIT_TRANSACTIONS OFF;
SET NOCOUNT ON;
INSERT INTO [Notifications] ([CreatedAtUtc], [DoctorId], [IsRead], [Message])
OUTPUT INSERTED.[NotificationId]
VALUES (@p0, @p1, @p2, @p3);
2026-07-10 15:35:18.601 +05:30 [INF] Notification created for DoctorId 4 from AppointmentId 1019
2026-07-10 15:38:19.323 +05:30 [INF] Request starting HTTP/2 OPTIONS https://localhost:7234/api/doctors/available?specialisation=Psychiatrist&date=2026-07-25 - null null
2026-07-10 15:38:19.332 +05:30 [INF] CORS policy execution successful.
2026-07-10 15:38:19.335 +05:30 [INF] API Request: OPTIONS /api/doctors/available responded 204
2026-07-10 15:38:19.340 +05:30 [INF] Request finished HTTP/2 OPTIONS https://localhost:7234/api/doctors/available?specialisation=Psychiatrist&date=2026-07-25 - 204 null null 16.7202ms
2026-07-10 15:38:19.345 +05:30 [INF] Request starting HTTP/2 GET https://localhost:7234/api/doctors/available?specialisation=Psychiatrist&date=2026-07-25 - null null
2026-07-10 15:38:19.361 +05:30 [INF] CORS policy execution successful.
2026-07-10 15:38:19.365 +05:30 [INF] Executing endpoint 'HealthCare.Api.Controllers.DoctorController.GetAvailableDoctors (HealthCare.Api)'
2026-07-10 15:38:19.370 +05:30 [INF] Route matched with {action = "GetAvailableDoctors", controller = "Doctor"}. Executing controller action with signature System.Threading.Tasks.Task`1[Microsoft.AspNetCore.Mvc.IActionResult] GetAvailableDoctors(System.String, System.DateOnly) on controller HealthCare.Api.Controllers.DoctorController (HealthCare.Api).
2026-07-10 15:38:19.405 +05:30 [INF] Cache HIT for key: doctors:available:psychiatrist:2026-07-25
2026-07-10 15:38:19.416 +05:30 [INF] Executing OkObjectResult, writing value of type 'System.Collections.Generic.List`1[[HealthCare.Api.DTOs.Doctor.DoctorListDto, HealthCare.Shared, Version=1.0.0.0, Culture=neutral, PublicKeyToken=null]]'.
2026-07-10 15:38:19.420 +05:30 [INF] Executed action HealthCare.Api.Controllers.DoctorController.GetAvailableDoctors (HealthCare.Api) in 45.0682ms
2026-07-10 15:38:19.424 +05:30 [INF] Executed endpoint 'HealthCare.Api.Controllers.DoctorController.GetAvailableDoctors (HealthCare.Api)'
2026-07-10 15:38:19.427 +05:30 [INF] API Request: GET /api/doctors/available responded 200
2026-07-10 15:38:19.432 +05:30 [INF] Request finished HTTP/2 GET https://localhost:7234/api/doctors/available?specialisation=Psychiatrist&date=2026-07-25 - 200 null application/json; charset=utf-8 87.4669ms
2026-07-10 15:39:36.749 +05:30 [INF] Request starting HTTP/2 OPTIONS https://localhost:7234/api/doctors/available?specialisation=Cardiologist&date=2026-07-25 - null null
2026-07-10 15:39:36.756 +05:30 [INF] CORS policy execution successful.
2026-07-10 15:39:36.757 +05:30 [INF] API Request: OPTIONS /api/doctors/available responded 204
2026-07-10 15:39:36.761 +05:30 [INF] Request finished HTTP/2 OPTIONS https://localhost:7234/api/doctors/available?specialisation=Cardiologist&date=2026-07-25 - 204 null null 12.4497ms
2026-07-10 15:39:36.765 +05:30 [INF] Request starting HTTP/2 GET https://localhost:7234/api/doctors/available?specialisation=Cardiologist&date=2026-07-25 - null null
2026-07-10 15:39:36.777 +05:30 [INF] CORS policy execution successful.
2026-07-10 15:39:36.782 +05:30 [INF] Executing endpoint 'HealthCare.Api.Controllers.DoctorController.GetAvailableDoctors (HealthCare.Api)'
2026-07-10 15:39:36.785 +05:30 [INF] Route matched with {action = "GetAvailableDoctors", controller = "Doctor"}. Executing controller action with signature System.Threading.Tasks.Task`1[Microsoft.AspNetCore.Mvc.IActionResult] GetAvailableDoctors(System.String, System.DateOnly) on controller HealthCare.Api.Controllers.DoctorController (HealthCare.Api).
2026-07-10 15:39:36.800 +05:30 [INF] Cache MISS for key: doctors:available:cardiologist:2026-07-25
2026-07-10 15:39:36.853 +05:30 [INF] Executed DbCommand (47ms) [Parameters=[@specialisation='?' (Size = 50), @date='?' (DbType = Date)], CommandType='"Text"', CommandTimeout='30']
SELECT [d].[DoctorId], [d].[FullName], [d].[Specialisation], [d].[ConsultationFee], [d].[IsActive]
FROM [Doctors] AS [d]
WHERE [d].[Specialisation] = @specialisation AND [d].[IsActive] = CAST(1 AS bit) AND NOT EXISTS (
    SELECT 1
    FROM [DoctorLeaves] AS [d0]
    WHERE [d].[DoctorId] = [d0].[DoctorId] AND [d0].[LeaveDate] = @date) AND EXISTS (
    SELECT 1
    FROM (
        SELECT [d1].[TimeSlot]
        FROM [DoctorAvailableSlots] AS [d1]
        WHERE [d].[DoctorId] = [d1].[DoctorId]
        EXCEPT
        SELECT [a].[TimeSlot]
        FROM [Appointments] AS [a]
        WHERE [d].[DoctorId] = [a].[DoctorId] AND [a].[ScheduledDate] = @date AND [a].[Status] <> N'Cancelled'
    ) AS [e])
2026-07-10 15:39:36.866 +05:30 [INF] Cache SET for key: doctors:available:cardiologist:2026-07-25 with 5 minutes TTL
2026-07-10 15:39:36.869 +05:30 [INF] Executing OkObjectResult, writing value of type 'System.Collections.Generic.List`1[[HealthCare.Api.DTOs.Doctor.DoctorListDto, HealthCare.Shared, Version=1.0.0.0, Culture=neutral, PublicKeyToken=null]]'.
2026-07-10 15:39:36.874 +05:30 [INF] Executed action HealthCare.Api.Controllers.DoctorController.GetAvailableDoctors (HealthCare.Api) in 83.0498ms
2026-07-10 15:39:36.879 +05:30 [INF] Executed endpoint 'HealthCare.Api.Controllers.DoctorController.GetAvailableDoctors (HealthCare.Api)'
2026-07-10 15:39:36.882 +05:30 [INF] API Request: GET /api/doctors/available responded 200
2026-07-10 15:39:36.887 +05:30 [INF] Request finished HTTP/2 GET https://localhost:7234/api/doctors/available?specialisation=Cardiologist&date=2026-07-25 - 200 null application/json; charset=utf-8 122.2956ms
2026-07-10 15:40:03.096 +05:30 [INF] Request starting HTTP/2 OPTIONS https://localhost:7234/api/appointments/patient/upcoming - null null
2026-07-10 15:40:03.120 +05:30 [INF] CORS policy execution successful.
2026-07-10 15:40:03.123 +05:30 [INF] API Request: OPTIONS /api/appointments/patient/upcoming responded 204
2026-07-10 15:40:03.129 +05:30 [INF] Request finished HTTP/2 OPTIONS https://localhost:7234/api/appointments/patient/upcoming - 204 null null 32.9124ms
2026-07-10 15:40:03.133 +05:30 [INF] Request starting HTTP/2 GET https://localhost:7234/api/appointments/patient/upcoming - null null
2026-07-10 15:40:03.146 +05:30 [INF] CORS policy execution successful.
2026-07-10 15:40:03.150 +05:30 [INF] Executing endpoint 'HealthCare.Api.Controllers.AppointmentController.GetAppointmentByPatient (HealthCare.Api)'
2026-07-10 15:40:03.153 +05:30 [INF] Route matched with {action = "GetAppointmentByPatient", controller = "Appointment"}. Executing controller action with signature System.Threading.Tasks.Task`1[Microsoft.AspNetCore.Mvc.IActionResult] GetAppointmentByPatient() on controller HealthCare.Api.Controllers.AppointmentController (HealthCare.Api).
2026-07-10 15:40:03.190 +05:30 [INF] Executed DbCommand (25ms) [Parameters=[@id='?' (DbType = Int32)], CommandType='"Text"', CommandTimeout='30']
SELECT [a].[AppointmentId], [a].[PatientId], [p].[FullName] AS [PatientName], [d].[FullName] AS [DoctorName], [a].[ScheduledDate], [a].[TimeSlot], [a].[Status]
FROM [Appointments] AS [a]
INNER JOIN [Patients] AS [p] ON [a].[PatientId] = [p].[PatientId]
INNER JOIN [Doctors] AS [d] ON [a].[DoctorId] = [d].[DoctorId]
WHERE [a].[PatientId] = @id AND [a].[ScheduledDate] >= CAST(CONVERT(date, GETDATE()) AS date)
2026-07-10 15:40:03.197 +05:30 [INF] Executing OkObjectResult, writing value of type 'System.Collections.Generic.List`1[[HealthCare.Api.DTOs.Appointment.AppointmentListDto, HealthCare.Shared, Version=1.0.0.0, Culture=neutral, PublicKeyToken=null]]'.
2026-07-10 15:40:03.205 +05:30 [INF] Executed action HealthCare.Api.Controllers.AppointmentController.GetAppointmentByPatient (HealthCare.Api) in 43.6953ms
2026-07-10 15:40:03.211 +05:30 [INF] Executed endpoint 'HealthCare.Api.Controllers.AppointmentController.GetAppointmentByPatient (HealthCare.Api)'
2026-07-10 15:40:03.216 +05:30 [INF] API Request: GET /api/appointments/patient/upcoming responded 200
2026-07-10 15:40:03.221 +05:30 [INF] Request finished HTTP/2 GET https://localhost:7234/api/appointments/patient/upcoming - 200 null application/json; charset=utf-8 88.3965ms
2026-07-10 15:40:14.172 +05:30 [INF] Request starting HTTP/2 OPTIONS https://localhost:7234/api/doctors/available?specialisation=Cardiologist&date=2026-07-25 - null null
2026-07-10 15:40:14.180 +05:30 [INF] CORS policy execution successful.
2026-07-10 15:40:14.183 +05:30 [INF] API Request: OPTIONS /api/doctors/available responded 204
2026-07-10 15:40:14.189 +05:30 [INF] Request finished HTTP/2 OPTIONS https://localhost:7234/api/doctors/available?specialisation=Cardiologist&date=2026-07-25 - 204 null null 16.9248ms
2026-07-10 15:40:14.193 +05:30 [INF] Request starting HTTP/2 GET https://localhost:7234/api/doctors/available?specialisation=Cardiologist&date=2026-07-25 - null null
2026-07-10 15:40:14.206 +05:30 [INF] CORS policy execution successful.
2026-07-10 15:40:14.210 +05:30 [INF] Executing endpoint 'HealthCare.Api.Controllers.DoctorController.GetAvailableDoctors (HealthCare.Api)'
2026-07-10 15:40:14.215 +05:30 [INF] Route matched with {action = "GetAvailableDoctors", controller = "Doctor"}. Executing controller action with signature System.Threading.Tasks.Task`1[Microsoft.AspNetCore.Mvc.IActionResult] GetAvailableDoctors(System.String, System.DateOnly) on controller HealthCare.Api.Controllers.DoctorController (HealthCare.Api).
2026-07-10 15:40:14.230 +05:30 [INF] Cache HIT for key: doctors:available:cardiologist:2026-07-25
2026-07-10 15:40:14.233 +05:30 [INF] Executing OkObjectResult, writing value of type 'System.Collections.Generic.List`1[[HealthCare.Api.DTOs.Doctor.DoctorListDto, HealthCare.Shared, Version=1.0.0.0, Culture=neutral, PublicKeyToken=null]]'.
2026-07-10 15:40:14.237 +05:30 [INF] Executed action HealthCare.Api.Controllers.DoctorController.GetAvailableDoctors (HealthCare.Api) in 16.1022ms
2026-07-10 15:40:14.242 +05:30 [INF] Executed endpoint 'HealthCare.Api.Controllers.DoctorController.GetAvailableDoctors (HealthCare.Api)'
2026-07-10 15:40:14.246 +05:30 [INF] API Request: GET /api/doctors/available responded 200
2026-07-10 15:40:14.251 +05:30 [INF] Request finished HTTP/2 GET https://localhost:7234/api/doctors/available?specialisation=Cardiologist&date=2026-07-25 - 200 null application/json; charset=utf-8 58.3119ms
2026-07-10 15:50:08.223 +05:30 [INF] Request starting HTTP/2 GET https://localhost:7234/ - null null
2026-07-10 15:50:08.493 +05:30 [INF] API Request: GET / responded 404
2026-07-10 15:50:08.501 +05:30 [INF] Request finished HTTP/2 GET https://localhost:7234/ - 404 null null 278.1217ms
2026-07-10 15:50:08.510 +05:30 [INF] Request reached the end of the middleware pipeline without being handled by application code. Request path: GET https://localhost:7234/, Response status code: 404
2026-07-10 15:50:17.930 +05:30 [INF] Request starting HTTP/2 GET https://localhost:7234/swagger - null null
2026-07-10 15:50:17.947 +05:30 [INF] API Request: GET /swagger responded 301
2026-07-10 15:50:17.951 +05:30 [INF] Request finished HTTP/2 GET https://localhost:7234/swagger - 301 null null 20.8024ms
2026-07-10 15:50:17.970 +05:30 [INF] Request starting HTTP/2 GET https://localhost:7234/swagger/index.html - null null
2026-07-10 15:50:18.233 +05:30 [INF] API Request: GET /swagger/index.html responded 200
2026-07-10 15:50:18.242 +05:30 [INF] Request finished HTTP/2 GET https://localhost:7234/swagger/index.html - 200 null text/html;charset=utf-8 271.4161ms
2026-07-10 15:50:18.245 +05:30 [INF] Request starting HTTP/2 GET https://localhost:7234/swagger/swagger-ui-standalone-preset.js - null null
2026-07-10 15:50:18.244 +05:30 [INF] Request starting HTTP/2 GET https://localhost:7234/swagger/index.css - null null
2026-07-10 15:50:18.244 +05:30 [INF] Request starting HTTP/2 GET https://localhost:7234/swagger/swagger-ui.css - null null
2026-07-10 15:50:18.258 +05:30 [INF] Request starting HTTP/2 GET https://localhost:7234/_vs/browserLink - null null
2026-07-10 15:50:18.245 +05:30 [INF] Request starting HTTP/2 GET https://localhost:7234/swagger/swagger-ui-bundle.js - null null
2026-07-10 15:50:18.247 +05:30 [INF] Request starting HTTP/2 GET https://localhost:7234/swagger/index.js - null null
2026-07-10 15:50:18.370 +05:30 [INF] API Request: GET /swagger/swagger-ui.css responded 200
2026-07-10 15:50:18.373 +05:30 [INF] Request finished HTTP/2 GET https://localhost:7234/swagger/swagger-ui.css - 200 26499 text/css 129.1948ms
2026-07-10 15:50:18.313 +05:30 [INF] API Request: GET /swagger/index.css responded 200
2026-07-10 15:50:18.372 +05:30 [INF] API Request: GET /swagger/index.js responded 200
2026-07-10 15:50:18.258 +05:30 [INF] Request starting HTTP/2 GET https://localhost:7234/_framework/aspnetcore-browser-refresh.js - null null
2026-07-10 15:50:18.377 +05:30 [INF] API Request: GET /swagger/swagger-ui-standalone-preset.js responded 200
2026-07-10 15:50:18.381 +05:30 [INF] Request finished HTTP/2 GET https://localhost:7234/swagger/index.css - 200 152 text/css 137.03ms
2026-07-10 15:50:18.397 +05:30 [INF] API Request: GET /swagger/swagger-ui-bundle.js responded 200
2026-07-10 15:50:18.409 +05:30 [INF] Request finished HTTP/2 GET https://localhost:7234/swagger/index.js - 200 null application/javascript;charset=utf-8 161.3273ms
2026-07-10 15:50:18.425 +05:30 [INF] Request finished HTTP/2 GET https://localhost:7234/swagger/swagger-ui-standalone-preset.js - 200 76613 text/javascript 180.405ms
2026-07-10 15:50:18.431 +05:30 [INF] Request finished HTTP/2 GET https://localhost:7234/_framework/aspnetcore-browser-refresh.js - 200 14933 application/javascript; charset=utf-8 173.3664ms
2026-07-10 15:50:18.438 +05:30 [INF] Request finished HTTP/2 GET https://localhost:7234/swagger/swagger-ui-bundle.js - 200 418599 text/javascript 193.7204ms
2026-07-10 15:50:18.458 +05:30 [INF] Request finished HTTP/2 GET https://localhost:7234/_vs/browserLink - 200 null text/javascript; charset=UTF-8 199.8497ms
2026-07-10 15:50:18.619 +05:30 [INF] Request starting HTTP/2 GET https://localhost:7234/swagger/v1/swagger.json - null null
2026-07-10 15:50:18.648 +05:30 [INF] Request starting HTTP/2 GET https://localhost:7234/swagger/favicon-32x32.png - null null
2026-07-10 15:50:18.665 +05:30 [INF] API Request: GET /swagger/favicon-32x32.png responded 200
2026-07-10 15:50:18.672 +05:30 [INF] Request finished HTTP/2 GET https://localhost:7234/swagger/favicon-32x32.png - 200 628 image/png 24.272ms
2026-07-10 15:50:18.719 +05:30 [INF] API Request: GET /swagger/v1/swagger.json responded 200
2026-07-10 15:50:18.735 +05:30 [INF] Request finished HTTP/2 GET https://localhost:7234/swagger/v1/swagger.json - 200 null application/json;charset=utf-8 115.7549ms
2026-07-10 15:51:09.698 +05:30 [INF] Request starting HTTP/2 POST https://localhost:7234/api/auth/login - application/json 60
2026-07-10 15:51:09.721 +05:30 [INF] CORS policy execution failed.
2026-07-10 15:51:09.727 +05:30 [INF] Request origin https://localhost:7234 does not have permission to access the resource.
2026-07-10 15:51:09.732 +05:30 [INF] Executing endpoint 'HealthCare.Api.Controllers.AuthController.Login (HealthCare.Api)'
2026-07-10 15:51:09.736 +05:30 [INF] Route matched with {action = "Login", controller = "Auth"}. Executing controller action with signature System.Threading.Tasks.Task`1[Microsoft.AspNetCore.Mvc.IActionResult] Login(HealthCare.Api.DTOs.Auth.LoginDto) on controller HealthCare.Api.Controllers.AuthController (HealthCare.Api).
2026-07-10 15:51:10.366 +05:30 [INF] Executed DbCommand (39ms) [Parameters=[@normalizedEmail='?' (Size = 256)], CommandType='"Text"', CommandTimeout='30']
SELECT TOP(2) [a].[Id], [a].[AccessFailedCount], [a].[ConcurrencyStamp], [a].[Discriminator], [a].[Email], [a].[EmailConfirmed], [a].[LockoutEnabled], [a].[LockoutEnd], [a].[NormalizedEmail], [a].[NormalizedUserName], [a].[PasswordHash], [a].[PhoneNumber], [a].[PhoneNumberConfirmed], [a].[SecurityStamp], [a].[TwoFactorEnabled], [a].[UserName]
FROM [AspNetUsers] AS [a]
WHERE [a].[Discriminator] = N'User' AND [a].[NormalizedEmail] = @normalizedEmail
2026-07-10 15:51:10.656 +05:30 [INF] Executed DbCommand (25ms) [Parameters=[@userId='?' (Size = 450)], CommandType='"Text"', CommandTimeout='30']
SELECT [a0].[Name]
FROM [AspNetUserRoles] AS [a]
INNER JOIN [AspNetRoles] AS [a0] ON [a].[RoleId] = [a0].[Id]
WHERE [a].[UserId] = @userId
2026-07-10 15:51:10.674 +05:30 [INF] Executed DbCommand (10ms) [Parameters=[@userId='?' (Size = 450)], CommandType='"Text"', CommandTimeout='30']
SELECT TOP(1) [p].[PatientId], [p].[CreatedDate], [p].[DateOfBirth], [p].[FullName], [p].[Gender], [p].[InsuranceId], [p].[IsActive], [p].[PhoneNumber], [p].[UserId]
FROM [Patients] AS [p]
WHERE [p].[UserId] = @userId
2026-07-10 15:51:10.686 +05:30 [INF] Executed DbCommand (1ms) [Parameters=[@userId='?' (Size = 450)], CommandType='"Text"', CommandTimeout='30']
SELECT [a0].[Name]
FROM [AspNetUserRoles] AS [a]
INNER JOIN [AspNetRoles] AS [a0] ON [a].[RoleId] = [a0].[Id]
WHERE [a].[UserId] = @userId
2026-07-10 15:51:10.693 +05:30 [INF] Executing OkObjectResult, writing value of type 'HealthCare.Api.DTOs.Auth.AuthResponseDto'.
2026-07-10 15:51:10.700 +05:30 [INF] Executed action HealthCare.Api.Controllers.AuthController.Login (HealthCare.Api) in 957.8011ms
2026-07-10 15:51:10.705 +05:30 [INF] Executed endpoint 'HealthCare.Api.Controllers.AuthController.Login (HealthCare.Api)'
2026-07-10 15:51:10.709 +05:30 [INF] API Request: POST /api/auth/login responded 200
2026-07-10 15:51:10.714 +05:30 [INF] Request finished HTTP/2 POST https://localhost:7234/api/auth/login - 200 null application/json; charset=utf-8 1016.2337ms
2026-07-10 15:58:08.486 +05:30 [INF] Request starting HTTP/2 OPTIONS https://localhost:7234/api/appointments/available-slots?date=2026-07-25&doctorId=3 - null null
2026-07-10 15:58:08.493 +05:30 [INF] CORS policy execution successful.
2026-07-10 15:58:08.496 +05:30 [INF] API Request: OPTIONS /api/appointments/available-slots responded 204
2026-07-10 15:58:08.502 +05:30 [INF] Request finished HTTP/2 OPTIONS https://localhost:7234/api/appointments/available-slots?date=2026-07-25&doctorId=3 - 204 null null 15.2225ms
2026-07-10 15:58:08.506 +05:30 [INF] Request starting HTTP/2 GET https://localhost:7234/api/appointments/available-slots?date=2026-07-25&doctorId=3 - null null
2026-07-10 15:58:08.516 +05:30 [INF] CORS policy execution successful.
2026-07-10 15:58:08.535 +05:30 [INF] Failed to validate the token.
Microsoft.IdentityModel.Tokens.SecurityTokenExpiredException: IDX10223: Lifetime validation failed. The token is expired. ValidTo (UTC): '10-07-2026 10:19:57 AM', Current time (UTC): '10-07-2026 10:28:08 AM'.
   at Microsoft.IdentityModel.Tokens.ValidatorUtilities.ValidateLifetime(Nullable`1 notBefore, Nullable`1 expires, SecurityToken securityToken, TokenValidationParameters validationParameters)
   at Microsoft.IdentityModel.Tokens.Validators.ValidateLifetime(Nullable`1 notBefore, Nullable`1 expires, SecurityToken securityToken, TokenValidationParameters validationParameters)
   at Microsoft.IdentityModel.JsonWebTokens.JsonWebTokenHandler.ValidateTokenPayloadAsync(JsonWebToken jsonWebToken, TokenValidationParameters validationParameters, BaseConfiguration configuration)
   at Microsoft.IdentityModel.JsonWebTokens.JsonWebTokenHandler.ValidateJWSAsync(JsonWebToken jsonWebToken, TokenValidationParameters validationParameters, BaseConfiguration configuration)
2026-07-10 15:58:08.575 +05:30 [INF] Bearer was not authenticated. Failure message: IDX10223: Lifetime validation failed. The token is expired. ValidTo (UTC): '10-07-2026 10:19:57 AM', Current time (UTC): '10-07-2026 10:28:08 AM'.
2026-07-10 15:58:08.581 +05:30 [INF] Authorization failed. These requirements were not met:
DenyAnonymousAuthorizationRequirement: Requires an authenticated user.
RolesAuthorizationRequirement:User.IsInRole must be true for one of the following roles: (Patient)
2026-07-10 15:58:08.601 +05:30 [INF] AuthenticationScheme: Bearer was challenged.
2026-07-10 15:58:08.605 +05:30 [INF] API Request: GET /api/appointments/available-slots responded 401
2026-07-10 15:58:08.609 +05:30 [INF] Request finished HTTP/2 GET https://localhost:7234/api/appointments/available-slots?date=2026-07-25&doctorId=3 - 401 0 null 103.6939ms
2026-07-10 15:58:21.773 +05:30 [INF] Request starting HTTP/2 OPTIONS https://localhost:7234/api/doctors/available?specialisation=Pediatrician&date=2026-07-25 - null null
2026-07-10 15:58:21.780 +05:30 [INF] CORS policy execution successful.
2026-07-10 15:58:21.784 +05:30 [INF] API Request: OPTIONS /api/doctors/available responded 204
2026-07-10 15:58:21.789 +05:30 [INF] Request finished HTTP/2 OPTIONS https://localhost:7234/api/doctors/available?specialisation=Pediatrician&date=2026-07-25 - 204 null null 15.5262ms
2026-07-10 15:58:21.792 +05:30 [INF] Request starting HTTP/2 GET https://localhost:7234/api/doctors/available?specialisation=Pediatrician&date=2026-07-25 - null null
2026-07-10 15:58:21.806 +05:30 [INF] CORS policy execution successful.
2026-07-10 15:58:21.811 +05:30 [INF] Failed to validate the token.
Microsoft.IdentityModel.Tokens.SecurityTokenExpiredException: IDX10223: Lifetime validation failed. The token is expired. ValidTo (UTC): '10-07-2026 10:19:57 AM', Current time (UTC): '10-07-2026 10:28:21 AM'.
   at Microsoft.IdentityModel.Tokens.ValidatorUtilities.ValidateLifetime(Nullable`1 notBefore, Nullable`1 expires, SecurityToken securityToken, TokenValidationParameters validationParameters)
   at Microsoft.IdentityModel.Tokens.Validators.ValidateLifetime(Nullable`1 notBefore, Nullable`1 expires, SecurityToken securityToken, TokenValidationParameters validationParameters)
   at Microsoft.IdentityModel.JsonWebTokens.JsonWebTokenHandler.ValidateTokenPayloadAsync(JsonWebToken jsonWebToken, TokenValidationParameters validationParameters, BaseConfiguration configuration)
   at Microsoft.IdentityModel.JsonWebTokens.JsonWebTokenHandler.ValidateJWSAsync(JsonWebToken jsonWebToken, TokenValidationParameters validationParameters, BaseConfiguration configuration)
2026-07-10 15:58:21.819 +05:30 [INF] Bearer was not authenticated. Failure message: IDX10223: Lifetime validation failed. The token is expired. ValidTo (UTC): '10-07-2026 10:19:57 AM', Current time (UTC): '10-07-2026 10:28:21 AM'.
2026-07-10 15:58:21.822 +05:30 [INF] Authorization failed. These requirements were not met:
DenyAnonymousAuthorizationRequirement: Requires an authenticated user.
RolesAuthorizationRequirement:User.IsInRole must be true for one of the following roles: (Patient)
2026-07-10 15:58:21.826 +05:30 [INF] AuthenticationScheme: Bearer was challenged.
2026-07-10 15:58:21.830 +05:30 [INF] API Request: GET /api/doctors/available responded 401
2026-07-10 15:58:21.835 +05:30 [INF] Request finished HTTP/2 GET https://localhost:7234/api/doctors/available?specialisation=Pediatrician&date=2026-07-25 - 401 0 null 42.4456ms
2026-07-10 15:58:23.757 +05:30 [INF] Request starting HTTP/2 OPTIONS https://localhost:7234/api/doctors/available?specialisation=Psychiatrist&date=2026-07-25 - null null
2026-07-10 15:58:23.771 +05:30 [INF] CORS policy execution successful.
2026-07-10 15:58:23.774 +05:30 [INF] API Request: OPTIONS /api/doctors/available responded 204
2026-07-10 15:58:23.779 +05:30 [INF] Request finished HTTP/2 OPTIONS https://localhost:7234/api/doctors/available?specialisation=Psychiatrist&date=2026-07-25 - 204 null null 21.9738ms
2026-07-10 15:58:23.785 +05:30 [INF] Request starting HTTP/2 GET https://localhost:7234/api/doctors/available?specialisation=Psychiatrist&date=2026-07-25 - null null
2026-07-10 15:58:23.800 +05:30 [INF] CORS policy execution successful.
2026-07-10 15:58:23.805 +05:30 [INF] Failed to validate the token.
Microsoft.IdentityModel.Tokens.SecurityTokenExpiredException: IDX10223: Lifetime validation failed. The token is expired. ValidTo (UTC): '10-07-2026 10:19:57 AM', Current time (UTC): '10-07-2026 10:28:23 AM'.
   at Microsoft.IdentityModel.Tokens.ValidatorUtilities.ValidateLifetime(Nullable`1 notBefore, Nullable`1 expires, SecurityToken securityToken, TokenValidationParameters validationParameters)
   at Microsoft.IdentityModel.Tokens.Validators.ValidateLifetime(Nullable`1 notBefore, Nullable`1 expires, SecurityToken securityToken, TokenValidationParameters validationParameters)
   at Microsoft.IdentityModel.JsonWebTokens.JsonWebTokenHandler.ValidateTokenPayloadAsync(JsonWebToken jsonWebToken, TokenValidationParameters validationParameters, BaseConfiguration configuration)
   at Microsoft.IdentityModel.JsonWebTokens.JsonWebTokenHandler.ValidateJWSAsync(JsonWebToken jsonWebToken, TokenValidationParameters validationParameters, BaseConfiguration configuration)
2026-07-10 15:58:23.813 +05:30 [INF] Bearer was not authenticated. Failure message: IDX10223: Lifetime validation failed. The token is expired. ValidTo (UTC): '10-07-2026 10:19:57 AM', Current time (UTC): '10-07-2026 10:28:23 AM'.
2026-07-10 15:58:23.817 +05:30 [INF] Authorization failed. These requirements were not met:
DenyAnonymousAuthorizationRequirement: Requires an authenticated user.
RolesAuthorizationRequirement:User.IsInRole must be true for one of the following roles: (Patient)
2026-07-10 15:58:23.820 +05:30 [INF] AuthenticationScheme: Bearer was challenged.
2026-07-10 15:58:23.824 +05:30 [INF] API Request: GET /api/doctors/available responded 401
2026-07-10 15:58:23.827 +05:30 [INF] Request finished HTTP/2 GET https://localhost:7234/api/doctors/available?specialisation=Psychiatrist&date=2026-07-25 - 401 0 null 42.8536ms
2026-07-10 15:58:25.914 +05:30 [INF] Request starting HTTP/2 OPTIONS https://localhost:7234/api/doctors/available?specialisation=Dermatologist&date=2026-07-25 - null null
2026-07-10 15:58:25.923 +05:30 [INF] CORS policy execution successful.
2026-07-10 15:58:25.926 +05:30 [INF] API Request: OPTIONS /api/doctors/available responded 204
2026-07-10 15:58:25.932 +05:30 [INF] Request finished HTTP/2 OPTIONS https://localhost:7234/api/doctors/available?specialisation=Dermatologist&date=2026-07-25 - 204 null null 17.3421ms
2026-07-10 15:58:25.935 +05:30 [INF] Request starting HTTP/2 GET https://localhost:7234/api/doctors/available?specialisation=Dermatologist&date=2026-07-25 - null null
2026-07-10 15:58:25.950 +05:30 [INF] CORS policy execution successful.
2026-07-10 15:58:25.954 +05:30 [INF] Failed to validate the token.
Microsoft.IdentityModel.Tokens.SecurityTokenExpiredException: IDX10223: Lifetime validation failed. The token is expired. ValidTo (UTC): '10-07-2026 10:19:57 AM', Current time (UTC): '10-07-2026 10:28:25 AM'.
   at Microsoft.IdentityModel.Tokens.ValidatorUtilities.ValidateLifetime(Nullable`1 notBefore, Nullable`1 expires, SecurityToken securityToken, TokenValidationParameters validationParameters)
   at Microsoft.IdentityModel.Tokens.Validators.ValidateLifetime(Nullable`1 notBefore, Nullable`1 expires, SecurityToken securityToken, TokenValidationParameters validationParameters)
   at Microsoft.IdentityModel.JsonWebTokens.JsonWebTokenHandler.ValidateTokenPayloadAsync(JsonWebToken jsonWebToken, TokenValidationParameters validationParameters, BaseConfiguration configuration)
   at Microsoft.IdentityModel.JsonWebTokens.JsonWebTokenHandler.ValidateJWSAsync(JsonWebToken jsonWebToken, TokenValidationParameters validationParameters, BaseConfiguration configuration)
2026-07-10 15:58:25.963 +05:30 [INF] Bearer was not authenticated. Failure message: IDX10223: Lifetime validation failed. The token is expired. ValidTo (UTC): '10-07-2026 10:19:57 AM', Current time (UTC): '10-07-2026 10:28:25 AM'.
2026-07-10 15:58:25.968 +05:30 [INF] Authorization failed. These requirements were not met:
DenyAnonymousAuthorizationRequirement: Requires an authenticated user.
RolesAuthorizationRequirement:User.IsInRole must be true for one of the following roles: (Patient)
2026-07-10 15:58:25.972 +05:30 [INF] AuthenticationScheme: Bearer was challenged.
2026-07-10 15:58:25.975 +05:30 [INF] API Request: GET /api/doctors/available responded 401
2026-07-10 15:58:25.980 +05:30 [INF] Request finished HTTP/2 GET https://localhost:7234/api/doctors/available?specialisation=Dermatologist&date=2026-07-25 - 401 0 null 44.83ms
2026-07-10 15:58:28.110 +05:30 [INF] Request starting HTTP/2 OPTIONS https://localhost:7234/api/doctors/available?specialisation=Orthopedic&date=2026-07-25 - null null
2026-07-10 15:58:28.121 +05:30 [INF] CORS policy execution successful.
2026-07-10 15:58:28.124 +05:30 [INF] API Request: OPTIONS /api/doctors/available responded 204
2026-07-10 15:58:28.129 +05:30 [INF] Request finished HTTP/2 OPTIONS https://localhost:7234/api/doctors/available?specialisation=Orthopedic&date=2026-07-25 - 204 null null 18.1713ms
2026-07-10 15:58:28.132 +05:30 [INF] Request starting HTTP/2 GET https://localhost:7234/api/doctors/available?specialisation=Orthopedic&date=2026-07-25 - null null
2026-07-10 15:58:28.146 +05:30 [INF] CORS policy execution successful.
2026-07-10 15:58:28.150 +05:30 [INF] Failed to validate the token.
Microsoft.IdentityModel.Tokens.SecurityTokenExpiredException: IDX10223: Lifetime validation failed. The token is expired. ValidTo (UTC): '10-07-2026 10:19:57 AM', Current time (UTC): '10-07-2026 10:28:28 AM'.
   at Microsoft.IdentityModel.Tokens.ValidatorUtilities.ValidateLifetime(Nullable`1 notBefore, Nullable`1 expires, SecurityToken securityToken, TokenValidationParameters validationParameters)
   at Microsoft.IdentityModel.Tokens.Validators.ValidateLifetime(Nullable`1 notBefore, Nullable`1 expires, SecurityToken securityToken, TokenValidationParameters validationParameters)
   at Microsoft.IdentityModel.JsonWebTokens.JsonWebTokenHandler.ValidateTokenPayloadAsync(JsonWebToken jsonWebToken, TokenValidationParameters validationParameters, BaseConfiguration configuration)
   at Microsoft.IdentityModel.JsonWebTokens.JsonWebTokenHandler.ValidateJWSAsync(JsonWebToken jsonWebToken, TokenValidationParameters validationParameters, BaseConfiguration configuration)
2026-07-10 15:58:28.157 +05:30 [INF] Bearer was not authenticated. Failure message: IDX10223: Lifetime validation failed. The token is expired. ValidTo (UTC): '10-07-2026 10:19:57 AM', Current time (UTC): '10-07-2026 10:28:28 AM'.
2026-07-10 15:58:28.160 +05:30 [INF] Authorization failed. These requirements were not met:
DenyAnonymousAuthorizationRequirement: Requires an authenticated user.
RolesAuthorizationRequirement:User.IsInRole must be true for one of the following roles: (Patient)
2026-07-10 15:58:28.163 +05:30 [INF] AuthenticationScheme: Bearer was challenged.
2026-07-10 15:58:28.167 +05:30 [INF] API Request: GET /api/doctors/available responded 401
2026-07-10 15:58:28.171 +05:30 [INF] Request finished HTTP/2 GET https://localhost:7234/api/doctors/available?specialisation=Orthopedic&date=2026-07-25 - 401 0 null 38.9782ms
2026-07-10 15:59:21.921 +05:30 [INF] Request starting HTTP/2 OPTIONS https://localhost:7234/api/doctors/available?specialisation=Orthopedic&date=2026-07-22 - null null
2026-07-10 15:59:21.942 +05:30 [INF] CORS policy execution successful.
2026-07-10 15:59:21.944 +05:30 [INF] API Request: OPTIONS /api/doctors/available responded 204
2026-07-10 15:59:21.950 +05:30 [INF] Request finished HTTP/2 OPTIONS https://localhost:7234/api/doctors/available?specialisation=Orthopedic&date=2026-07-22 - 204 null null 28.5388ms
2026-07-10 15:59:21.953 +05:30 [INF] Request starting HTTP/2 GET https://localhost:7234/api/doctors/available?specialisation=Orthopedic&date=2026-07-22 - null null
2026-07-10 15:59:21.967 +05:30 [INF] CORS policy execution successful.
2026-07-10 15:59:21.972 +05:30 [INF] Failed to validate the token.
Microsoft.IdentityModel.Tokens.SecurityTokenExpiredException: IDX10223: Lifetime validation failed. The token is expired. ValidTo (UTC): '10-07-2026 10:19:57 AM', Current time (UTC): '10-07-2026 10:29:21 AM'.
   at Microsoft.IdentityModel.Tokens.ValidatorUtilities.ValidateLifetime(Nullable`1 notBefore, Nullable`1 expires, SecurityToken securityToken, TokenValidationParameters validationParameters)
   at Microsoft.IdentityModel.Tokens.Validators.ValidateLifetime(Nullable`1 notBefore, Nullable`1 expires, SecurityToken securityToken, TokenValidationParameters validationParameters)
   at Microsoft.IdentityModel.JsonWebTokens.JsonWebTokenHandler.ValidateTokenPayloadAsync(JsonWebToken jsonWebToken, TokenValidationParameters validationParameters, BaseConfiguration configuration)
   at Microsoft.IdentityModel.JsonWebTokens.JsonWebTokenHandler.ValidateJWSAsync(JsonWebToken jsonWebToken, TokenValidationParameters validationParameters, BaseConfiguration configuration)
2026-07-10 15:59:21.980 +05:30 [INF] Bearer was not authenticated. Failure message: IDX10223: Lifetime validation failed. The token is expired. ValidTo (UTC): '10-07-2026 10:19:57 AM', Current time (UTC): '10-07-2026 10:29:21 AM'.
2026-07-10 15:59:21.983 +05:30 [INF] Authorization failed. These requirements were not met:
DenyAnonymousAuthorizationRequirement: Requires an authenticated user.
RolesAuthorizationRequirement:User.IsInRole must be true for one of the following roles: (Patient)
2026-07-10 15:59:21.986 +05:30 [INF] AuthenticationScheme: Bearer was challenged.
2026-07-10 15:59:21.990 +05:30 [INF] API Request: GET /api/doctors/available responded 401
2026-07-10 15:59:21.994 +05:30 [INF] Request finished HTTP/2 GET https://localhost:7234/api/doctors/available?specialisation=Orthopedic&date=2026-07-22 - 401 0 null 41.4901ms
2026-07-10 15:59:24.967 +05:30 [INF] Request starting HTTP/2 OPTIONS https://localhost:7234/api/doctors/available?specialisation=Dermatologist&date=2026-07-22 - null null
2026-07-10 15:59:24.974 +05:30 [INF] CORS policy execution successful.
2026-07-10 15:59:24.978 +05:30 [INF] API Request: OPTIONS /api/doctors/available responded 204
2026-07-10 15:59:24.983 +05:30 [INF] Request finished HTTP/2 OPTIONS https://localhost:7234/api/doctors/available?specialisation=Dermatologist&date=2026-07-22 - 204 null null 16.0387ms
2026-07-10 15:59:24.986 +05:30 [INF] Request starting HTTP/2 GET https://localhost:7234/api/doctors/available?specialisation=Dermatologist&date=2026-07-22 - null null
2026-07-10 15:59:25.001 +05:30 [INF] CORS policy execution successful.
2026-07-10 15:59:25.005 +05:30 [INF] Failed to validate the token.
Microsoft.IdentityModel.Tokens.SecurityTokenExpiredException: IDX10223: Lifetime validation failed. The token is expired. ValidTo (UTC): '10-07-2026 10:19:57 AM', Current time (UTC): '10-07-2026 10:29:25 AM'.
   at Microsoft.IdentityModel.Tokens.ValidatorUtilities.ValidateLifetime(Nullable`1 notBefore, Nullable`1 expires, SecurityToken securityToken, TokenValidationParameters validationParameters)
   at Microsoft.IdentityModel.Tokens.Validators.ValidateLifetime(Nullable`1 notBefore, Nullable`1 expires, SecurityToken securityToken, TokenValidationParameters validationParameters)
   at Microsoft.IdentityModel.JsonWebTokens.JsonWebTokenHandler.ValidateTokenPayloadAsync(JsonWebToken jsonWebToken, TokenValidationParameters validationParameters, BaseConfiguration configuration)
   at Microsoft.IdentityModel.JsonWebTokens.JsonWebTokenHandler.ValidateJWSAsync(JsonWebToken jsonWebToken, TokenValidationParameters validationParameters, BaseConfiguration configuration)
2026-07-10 15:59:25.013 +05:30 [INF] Bearer was not authenticated. Failure message: IDX10223: Lifetime validation failed. The token is expired. ValidTo (UTC): '10-07-2026 10:19:57 AM', Current time (UTC): '10-07-2026 10:29:25 AM'.
2026-07-10 15:59:25.017 +05:30 [INF] Authorization failed. These requirements were not met:
DenyAnonymousAuthorizationRequirement: Requires an authenticated user.
RolesAuthorizationRequirement:User.IsInRole must be true for one of the following roles: (Patient)
2026-07-10 15:59:25.020 +05:30 [INF] AuthenticationScheme: Bearer was challenged.
2026-07-10 15:59:25.024 +05:30 [INF] API Request: GET /api/doctors/available responded 401
2026-07-10 15:59:25.029 +05:30 [INF] Request finished HTTP/2 GET https://localhost:7234/api/doctors/available?specialisation=Dermatologist&date=2026-07-22 - 401 0 null 42.7604ms
2026-07-10 15:59:27.307 +05:30 [INF] Request starting HTTP/2 OPTIONS https://localhost:7234/api/doctors/available?specialisation=Cardiologist&date=2026-07-22 - null null
2026-07-10 15:59:27.315 +05:30 [INF] CORS policy execution successful.
2026-07-10 15:59:27.319 +05:30 [INF] API Request: OPTIONS /api/doctors/available responded 204
2026-07-10 15:59:27.325 +05:30 [INF] Request finished HTTP/2 OPTIONS https://localhost:7234/api/doctors/available?specialisation=Cardiologist&date=2026-07-22 - 204 null null 17.5993ms
2026-07-10 15:59:27.329 +05:30 [INF] Request starting HTTP/2 GET https://localhost:7234/api/doctors/available?specialisation=Cardiologist&date=2026-07-22 - null null
2026-07-10 15:59:27.345 +05:30 [INF] CORS policy execution successful.
2026-07-10 15:59:27.351 +05:30 [INF] Failed to validate the token.
Microsoft.IdentityModel.Tokens.SecurityTokenExpiredException: IDX10223: Lifetime validation failed. The token is expired. ValidTo (UTC): '10-07-2026 10:19:57 AM', Current time (UTC): '10-07-2026 10:29:27 AM'.
   at Microsoft.IdentityModel.Tokens.ValidatorUtilities.ValidateLifetime(Nullable`1 notBefore, Nullable`1 expires, SecurityToken securityToken, TokenValidationParameters validationParameters)
   at Microsoft.IdentityModel.Tokens.Validators.ValidateLifetime(Nullable`1 notBefore, Nullable`1 expires, SecurityToken securityToken, TokenValidationParameters validationParameters)
   at Microsoft.IdentityModel.JsonWebTokens.JsonWebTokenHandler.ValidateTokenPayloadAsync(JsonWebToken jsonWebToken, TokenValidationParameters validationParameters, BaseConfiguration configuration)
   at Microsoft.IdentityModel.JsonWebTokens.JsonWebTokenHandler.ValidateJWSAsync(JsonWebToken jsonWebToken, TokenValidationParameters validationParameters, BaseConfiguration configuration)
2026-07-10 15:59:27.358 +05:30 [INF] Bearer was not authenticated. Failure message: IDX10223: Lifetime validation failed. The token is expired. ValidTo (UTC): '10-07-2026 10:19:57 AM', Current time (UTC): '10-07-2026 10:29:27 AM'.
2026-07-10 15:59:27.362 +05:30 [INF] Authorization failed. These requirements were not met:
DenyAnonymousAuthorizationRequirement: Requires an authenticated user.
RolesAuthorizationRequirement:User.IsInRole must be true for one of the following roles: (Patient)
2026-07-10 15:59:27.366 +05:30 [INF] AuthenticationScheme: Bearer was challenged.
2026-07-10 15:59:27.369 +05:30 [INF] API Request: GET /api/doctors/available responded 401
2026-07-10 15:59:27.373 +05:30 [INF] Request finished HTTP/2 GET https://localhost:7234/api/doctors/available?specialisation=Cardiologist&date=2026-07-22 - 401 0 null 43.9055ms
2026-07-10 16:00:23.912 +05:30 [INF] User profile is available. Using 'C:\Users\310508\AppData\Local\ASP.NET\DataProtection-Keys' as key repository and Windows DPAPI to encrypt keys at rest.
2026-07-10 16:00:29.225 +05:30 [INF] Executed DbCommand (153ms) [Parameters=[@normalizedName='?' (Size = 256)], CommandType='"Text"', CommandTimeout='30']
SELECT TOP(1) [a].[Id], [a].[ConcurrencyStamp], [a].[Name], [a].[NormalizedName]
FROM [AspNetRoles] AS [a]
WHERE [a].[NormalizedName] = @normalizedName
2026-07-10 16:00:29.532 +05:30 [INF] Executed DbCommand (5ms) [Parameters=[@normalizedName='?' (Size = 256)], CommandType='"Text"', CommandTimeout='30']
SELECT TOP(1) [a].[Id], [a].[ConcurrencyStamp], [a].[Name], [a].[NormalizedName]
FROM [AspNetRoles] AS [a]
WHERE [a].[NormalizedName] = @normalizedName
2026-07-10 16:00:29.544 +05:30 [INF] Executed DbCommand (1ms) [Parameters=[@normalizedName='?' (Size = 256)], CommandType='"Text"', CommandTimeout='30']
SELECT TOP(1) [a].[Id], [a].[ConcurrencyStamp], [a].[Name], [a].[NormalizedName]
FROM [AspNetRoles] AS [a]
WHERE [a].[NormalizedName] = @normalizedName
2026-07-10 16:00:29.559 +05:30 [INF] Executed DbCommand (1ms) [Parameters=[@normalizedName='?' (Size = 256)], CommandType='"Text"', CommandTimeout='30']
SELECT TOP(1) [a].[Id], [a].[ConcurrencyStamp], [a].[Name], [a].[NormalizedName]
FROM [AspNetRoles] AS [a]
WHERE [a].[NormalizedName] = @normalizedName
2026-07-10 16:00:29.581 +05:30 [INF] Executed DbCommand (1ms) [Parameters=[@normalizedName='?' (Size = 256)], CommandType='"Text"', CommandTimeout='30']
SELECT TOP(1) [a].[Id], [a].[ConcurrencyStamp], [a].[Name], [a].[NormalizedName]
FROM [AspNetRoles] AS [a]
WHERE [a].[NormalizedName] = @normalizedName
2026-07-10 16:00:29.591 +05:30 [INF] Executed DbCommand (1ms) [Parameters=[@normalizedName='?' (Size = 256)], CommandType='"Text"', CommandTimeout='30']
SELECT TOP(1) [a].[Id], [a].[ConcurrencyStamp], [a].[Name], [a].[NormalizedName]
FROM [AspNetRoles] AS [a]
WHERE [a].[NormalizedName] = @normalizedName
2026-07-10 16:00:29.671 +05:30 [INF] Executed DbCommand (9ms) [Parameters=[@normalizedEmail='?' (Size = 256)], CommandType='"Text"', CommandTimeout='30']
SELECT TOP(2) [a].[Id], [a].[AccessFailedCount], [a].[ConcurrencyStamp], [a].[Discriminator], [a].[Email], [a].[EmailConfirmed], [a].[LockoutEnabled], [a].[LockoutEnd], [a].[NormalizedEmail], [a].[NormalizedUserName], [a].[PasswordHash], [a].[PhoneNumber], [a].[PhoneNumberConfirmed], [a].[SecurityStamp], [a].[TwoFactorEnabled], [a].[UserName]
FROM [AspNetUsers] AS [a]
WHERE [a].[Discriminator] = N'User' AND [a].[NormalizedEmail] = @normalizedEmail
2026-07-10 16:00:31.063 +05:30 [INF] Configured endpoint appointment.events.queue, Consumer: HealthCare.Api.Messaging.AppointmentBookedEventConsumer
2026-07-10 16:00:32.121 +05:30 [INF] Now listening on: https://localhost:7234
2026-07-10 16:00:32.124 +05:30 [INF] Now listening on: http://localhost:5225
2026-07-10 16:00:32.181 +05:30 [INF] Bus started: "rabbitmq://localhost/"
2026-07-10 16:00:32.303 +05:30 [INF] Application started. Press Ctrl+C to shut down.
2026-07-10 16:00:32.307 +05:30 [INF] Hosting environment: Development
2026-07-10 16:00:32.311 +05:30 [INF] Content root path: C:\Users\310508\source\repos\UST-Live-01\HealthCare\HealthCare.Api
2026-07-10 16:00:45.292 +05:30 [INF] Request starting HTTP/2 OPTIONS https://localhost:7234/api/auth/login - null null
2026-07-10 16:00:45.428 +05:30 [INF] CORS policy execution successful.
2026-07-10 16:00:45.438 +05:30 [INF] API Request: OPTIONS /api/auth/login responded 204
2026-07-10 16:00:45.459 +05:30 [INF] Request finished HTTP/2 OPTIONS https://localhost:7234/api/auth/login - 204 null null 170.5387ms
2026-07-10 16:00:45.471 +05:30 [INF] Request starting HTTP/2 POST https://localhost:7234/api/auth/login - application/json 51
2026-07-10 16:00:45.491 +05:30 [INF] CORS policy execution successful.
2026-07-10 16:00:45.520 +05:30 [INF] Executing endpoint 'HealthCare.Api.Controllers.AuthController.Login (HealthCare.Api)'
2026-07-10 16:00:45.572 +05:30 [INF] Route matched with {action = "Login", controller = "Auth"}. Executing controller action with signature System.Threading.Tasks.Task`1[Microsoft.AspNetCore.Mvc.IActionResult] Login(HealthCare.Api.DTOs.Auth.LoginDto) on controller HealthCare.Api.Controllers.AuthController (HealthCare.Api).
2026-07-10 16:00:45.883 +05:30 [WRN] You do not have a valid license key for the Lucky Penny software AutoMapper. This is allowed for development and testing scenarios. If you are running in production you are required to have a licensed version. Please visit https://luckypennysoftware.com to obtain a valid license.
2026-07-10 16:00:46.206 +05:30 [INF] Executed DbCommand (12ms) [Parameters=[@normalizedEmail='?' (Size = 256)], CommandType='"Text"', CommandTimeout='30']
SELECT TOP(2) [a].[Id], [a].[AccessFailedCount], [a].[ConcurrencyStamp], [a].[Discriminator], [a].[Email], [a].[EmailConfirmed], [a].[LockoutEnabled], [a].[LockoutEnd], [a].[NormalizedEmail], [a].[NormalizedUserName], [a].[PasswordHash], [a].[PhoneNumber], [a].[PhoneNumberConfirmed], [a].[SecurityStamp], [a].[TwoFactorEnabled], [a].[UserName]
FROM [AspNetUsers] AS [a]
WHERE [a].[Discriminator] = N'User' AND [a].[NormalizedEmail] = @normalizedEmail
2026-07-10 16:00:46.690 +05:30 [INF] Executed DbCommand (20ms) [Parameters=[@userId='?' (Size = 450)], CommandType='"Text"', CommandTimeout='30']
SELECT [a0].[Name]
FROM [AspNetUserRoles] AS [a]
INNER JOIN [AspNetRoles] AS [a0] ON [a].[RoleId] = [a0].[Id]
WHERE [a].[UserId] = @userId
2026-07-10 16:00:46.815 +05:30 [INF] Executed DbCommand (12ms) [Parameters=[@userId='?' (Size = 450)], CommandType='"Text"', CommandTimeout='30']
SELECT TOP(1) [p].[PatientId], [p].[CreatedDate], [p].[DateOfBirth], [p].[FullName], [p].[Gender], [p].[InsuranceId], [p].[IsActive], [p].[PhoneNumber], [p].[UserId]
FROM [Patients] AS [p]
WHERE [p].[UserId] = @userId
2026-07-10 16:00:47.074 +05:30 [INF] Executed DbCommand (1ms) [Parameters=[@userId='?' (Size = 450)], CommandType='"Text"', CommandTimeout='30']
SELECT [a0].[Name]
FROM [AspNetUserRoles] AS [a]
INNER JOIN [AspNetRoles] AS [a0] ON [a].[RoleId] = [a0].[Id]
WHERE [a].[UserId] = @userId
2026-07-10 16:00:47.208 +05:30 [INF] Executing OkObjectResult, writing value of type 'HealthCare.Api.DTOs.Auth.AuthResponseDto'.
2026-07-10 16:00:47.269 +05:30 [INF] Executed action HealthCare.Api.Controllers.AuthController.Login (HealthCare.Api) in 1683.4252ms
2026-07-10 16:00:47.275 +05:30 [INF] Executed endpoint 'HealthCare.Api.Controllers.AuthController.Login (HealthCare.Api)'
2026-07-10 16:00:47.283 +05:30 [INF] API Request: POST /api/auth/login responded 200
2026-07-10 16:00:47.301 +05:30 [INF] Request finished HTTP/2 POST https://localhost:7234/api/auth/login - 200 null application/json; charset=utf-8 1829.8829ms
2026-07-10 16:00:47.677 +05:30 [INF] Request starting HTTP/2 OPTIONS https://localhost:7234/api/appointments/patient/upcoming - null null
2026-07-10 16:00:47.677 +05:30 [INF] Request starting HTTP/2 OPTIONS https://localhost:7234/api/records/my-records - null null
2026-07-10 16:00:47.691 +05:30 [INF] CORS policy execution successful.
2026-07-10 16:00:47.710 +05:30 [INF] CORS policy execution successful.
2026-07-10 16:00:47.712 +05:30 [INF] API Request: OPTIONS /api/appointments/patient/upcoming responded 204
2026-07-10 16:00:47.715 +05:30 [INF] API Request: OPTIONS /api/records/my-records responded 204
2026-07-10 16:00:47.719 +05:30 [INF] Request finished HTTP/2 OPTIONS https://localhost:7234/api/appointments/patient/upcoming - 204 null null 41.9993ms
2026-07-10 16:00:47.781 +05:30 [INF] Request starting HTTP/2 GET https://localhost:7234/api/appointments/patient/upcoming - null null
2026-07-10 16:00:47.783 +05:30 [INF] Request finished HTTP/2 OPTIONS https://localhost:7234/api/records/my-records - 204 null null 105.6309ms
2026-07-10 16:00:47.786 +05:30 [INF] Request starting HTTP/2 GET https://localhost:7234/api/records/my-records - null null
2026-07-10 16:00:47.809 +05:30 [INF] CORS policy execution successful.
2026-07-10 16:00:47.825 +05:30 [INF] CORS policy execution successful.
2026-07-10 16:00:48.023 +05:30 [INF] Executing endpoint 'HealthCare.Api.Controllers.AppointmentController.GetAppointmentByPatient (HealthCare.Api)'
2026-07-10 16:00:48.024 +05:30 [INF] Executing endpoint 'HealthCare.Api.Controllers.HealthRecordController.GetHealthRecordByPatient (HealthCare.Api)'
2026-07-10 16:00:48.048 +05:30 [INF] Route matched with {action = "GetAppointmentByPatient", controller = "Appointment"}. Executing controller action with signature System.Threading.Tasks.Task`1[Microsoft.AspNetCore.Mvc.IActionResult] GetAppointmentByPatient() on controller HealthCare.Api.Controllers.AppointmentController (HealthCare.Api).
2026-07-10 16:00:48.048 +05:30 [INF] Route matched with {action = "GetHealthRecordByPatient", controller = "HealthRecord"}. Executing controller action with signature System.Threading.Tasks.Task`1[Microsoft.AspNetCore.Mvc.IActionResult] GetHealthRecordByPatient() on controller HealthCare.Api.Controllers.HealthRecordController (HealthCare.Api).
2026-07-10 16:00:48.221 +05:30 [INF] Executed DbCommand (21ms) [Parameters=[@id='?' (DbType = Int32)], CommandType='"Text"', CommandTimeout='30']
SELECT [h].[RecordId], [p].[FullName] AS [PatientName], [d].[FullName] AS [DoctorName], [h].[VisitDate], [h].[Diagnosis], [h].[Prescription], [h].[Notes]
FROM [HealthRecords] AS [h]
INNER JOIN [Patients] AS [p] ON [h].[PatientId] = [p].[PatientId]
INNER JOIN [Doctors] AS [d] ON [h].[DoctorId] = [d].[DoctorId]
WHERE [h].[PatientId] = @id
2026-07-10 16:00:48.236 +05:30 [INF] Executing OkObjectResult, writing value of type 'System.Collections.Generic.List`1[[HealthCare.Api.DTOs.HealthRecord.HealthRecordListDto, HealthCare.Shared, Version=1.0.0.0, Culture=neutral, PublicKeyToken=null]]'.
2026-07-10 16:00:48.263 +05:30 [INF] Executed action HealthCare.Api.Controllers.HealthRecordController.GetHealthRecordByPatient (HealthCare.Api) in 201.0597ms
2026-07-10 16:00:48.268 +05:30 [INF] Executed endpoint 'HealthCare.Api.Controllers.HealthRecordController.GetHealthRecordByPatient (HealthCare.Api)'
2026-07-10 16:00:48.273 +05:30 [INF] API Request: GET /api/records/my-records responded 200
2026-07-10 16:00:48.279 +05:30 [INF] Request finished HTTP/2 GET https://localhost:7234/api/records/my-records - 200 null application/json; charset=utf-8 493.0224ms
2026-07-10 16:00:48.785 +05:30 [INF] Executed DbCommand (17ms) [Parameters=[@id='?' (DbType = Int32)], CommandType='"Text"', CommandTimeout='30']
SELECT [a].[AppointmentId], [a].[PatientId], [p].[FullName] AS [PatientName], [d].[FullName] AS [DoctorName], [a].[ScheduledDate], [a].[TimeSlot], [a].[Status]
FROM [Appointments] AS [a]
INNER JOIN [Patients] AS [p] ON [a].[PatientId] = [p].[PatientId]
INNER JOIN [Doctors] AS [d] ON [a].[DoctorId] = [d].[DoctorId]
WHERE [a].[PatientId] = @id AND [a].[ScheduledDate] >= CAST(CONVERT(date, GETDATE()) AS date)
2026-07-10 16:00:48.798 +05:30 [INF] Executing OkObjectResult, writing value of type 'System.Collections.Generic.List`1[[HealthCare.Api.DTOs.Appointment.AppointmentListDto, HealthCare.Shared, Version=1.0.0.0, Culture=neutral, PublicKeyToken=null]]'.
2026-07-10 16:00:48.817 +05:30 [INF] Executed action HealthCare.Api.Controllers.AppointmentController.GetAppointmentByPatient (HealthCare.Api) in 762.4638ms
2026-07-10 16:00:48.822 +05:30 [INF] Executed endpoint 'HealthCare.Api.Controllers.AppointmentController.GetAppointmentByPatient (HealthCare.Api)'
2026-07-10 16:00:48.826 +05:30 [INF] API Request: GET /api/appointments/patient/upcoming responded 200
2026-07-10 16:00:48.833 +05:30 [INF] Request finished HTTP/2 GET https://localhost:7234/api/appointments/patient/upcoming - 200 null application/json; charset=utf-8 1051.7491ms
2026-07-10 16:00:59.224 +05:30 [INF] Request starting HTTP/2 OPTIONS https://localhost:7234/api/doctors/available?specialisation=Orthopedic&date=2026-07-15 - null null
2026-07-10 16:00:59.232 +05:30 [INF] CORS policy execution successful.
2026-07-10 16:00:59.234 +05:30 [INF] API Request: OPTIONS /api/doctors/available responded 204
2026-07-10 16:00:59.236 +05:30 [INF] Request finished HTTP/2 OPTIONS https://localhost:7234/api/doctors/available?specialisation=Orthopedic&date=2026-07-15 - 204 null null 12.5489ms
2026-07-10 16:00:59.240 +05:30 [INF] Request starting HTTP/2 GET https://localhost:7234/api/doctors/available?specialisation=Orthopedic&date=2026-07-15 - null null
2026-07-10 16:00:59.256 +05:30 [INF] CORS policy execution successful.
2026-07-10 16:00:59.267 +05:30 [INF] Executing endpoint 'HealthCare.Api.Controllers.DoctorController.GetAvailableDoctors (HealthCare.Api)'
2026-07-10 16:00:59.289 +05:30 [INF] Route matched with {action = "GetAvailableDoctors", controller = "Doctor"}. Executing controller action with signature System.Threading.Tasks.Task`1[Microsoft.AspNetCore.Mvc.IActionResult] GetAvailableDoctors(System.String, System.DateOnly) on controller HealthCare.Api.Controllers.DoctorController (HealthCare.Api).
2026-07-10 16:00:59.905 +05:30 [INF] Cache MISS for key: doctors:available:orthopedic:2026-07-15
2026-07-10 16:01:00.086 +05:30 [INF] Executed DbCommand (75ms) [Parameters=[@specialisation='?' (Size = 50), @date='?' (DbType = Date)], CommandType='"Text"', CommandTimeout='30']
SELECT [d].[DoctorId], [d].[FullName], [d].[Specialisation], [d].[ConsultationFee], [d].[IsActive]
FROM [Doctors] AS [d]
WHERE [d].[Specialisation] = @specialisation AND [d].[IsActive] = CAST(1 AS bit) AND NOT EXISTS (
    SELECT 1
    FROM [DoctorLeaves] AS [d0]
    WHERE [d].[DoctorId] = [d0].[DoctorId] AND [d0].[LeaveDate] = @date) AND EXISTS (
    SELECT 1
    FROM (
        SELECT [d1].[TimeSlot]
        FROM [DoctorAvailableSlots] AS [d1]
        WHERE [d].[DoctorId] = [d1].[DoctorId]
        EXCEPT
        SELECT [a].[TimeSlot]
        FROM [Appointments] AS [a]
        WHERE [d].[DoctorId] = [a].[DoctorId] AND [a].[ScheduledDate] = @date AND [a].[Status] <> N'Cancelled'
    ) AS [e])
2026-07-10 16:01:00.238 +05:30 [INF] Cache SET for key: doctors:available:orthopedic:2026-07-15 with 5 minutes TTL
2026-07-10 16:01:00.243 +05:30 [INF] Executing OkObjectResult, writing value of type 'System.Collections.Generic.List`1[[HealthCare.Api.DTOs.Doctor.DoctorListDto, HealthCare.Shared, Version=1.0.0.0, Culture=neutral, PublicKeyToken=null]]'.
2026-07-10 16:01:00.250 +05:30 [INF] Executed action HealthCare.Api.Controllers.DoctorController.GetAvailableDoctors (HealthCare.Api) in 954.3609ms
2026-07-10 16:01:00.254 +05:30 [INF] Executed endpoint 'HealthCare.Api.Controllers.DoctorController.GetAvailableDoctors (HealthCare.Api)'
2026-07-10 16:01:00.257 +05:30 [INF] API Request: GET /api/doctors/available responded 200
2026-07-10 16:01:00.263 +05:30 [INF] Request finished HTTP/2 GET https://localhost:7234/api/doctors/available?specialisation=Orthopedic&date=2026-07-15 - 200 null application/json; charset=utf-8 1022.746ms
2026-07-10 16:01:01.946 +05:30 [INF] Request starting HTTP/2 OPTIONS https://localhost:7234/api/appointments/available-slots?date=2026-07-15&doctorId=5 - null null
2026-07-10 16:01:01.954 +05:30 [INF] CORS policy execution successful.
2026-07-10 16:01:01.956 +05:30 [INF] API Request: OPTIONS /api/appointments/available-slots responded 204
2026-07-10 16:01:01.960 +05:30 [INF] Request finished HTTP/2 OPTIONS https://localhost:7234/api/appointments/available-slots?date=2026-07-15&doctorId=5 - 204 null null 14.818ms
2026-07-10 16:01:01.966 +05:30 [INF] Request starting HTTP/2 GET https://localhost:7234/api/appointments/available-slots?date=2026-07-15&doctorId=5 - null null
2026-07-10 16:01:01.975 +05:30 [INF] CORS policy execution successful.
2026-07-10 16:01:01.979 +05:30 [INF] Executing endpoint 'HealthCare.Api.Controllers.AppointmentController.GetAvailableTimeSlots (HealthCare.Api)'
2026-07-10 16:01:02.003 +05:30 [INF] Route matched with {action = "GetAvailableTimeSlots", controller = "Appointment"}. Executing controller action with signature System.Threading.Tasks.Task`1[Microsoft.AspNetCore.Mvc.IActionResult] GetAvailableTimeSlots(System.DateOnly, Int32) on controller HealthCare.Api.Controllers.AppointmentController (HealthCare.Api).
2026-07-10 16:01:02.036 +05:30 [INF] Executed DbCommand (4ms) [Parameters=[@doctorId='?' (DbType = Int32)], CommandType='"Text"', CommandTimeout='30']
SELECT [d].[TimeSlot]
FROM [DoctorAvailableSlots] AS [d]
WHERE [d].[DoctorId] = @doctorId
2026-07-10 16:01:02.063 +05:30 [INF] Executed DbCommand (7ms) [Parameters=[@date='?' (DbType = Date), @doctorId='?' (DbType = Int32)], CommandType='"Text"', CommandTimeout='30']
SELECT [a].[TimeSlot]
FROM [Appointments] AS [a]
WHERE [a].[ScheduledDate] = @date AND [a].[DoctorId] = @doctorId AND [a].[Status] <> N'Cancelled'
2026-07-10 16:01:02.070 +05:30 [INF] Executing OkObjectResult, writing value of type 'System.Collections.Generic.List`1[[System.String, System.Private.CoreLib, Version=10.0.0.0, Culture=neutral, PublicKeyToken=7cec85d7bea7798e]]'.
2026-07-10 16:01:02.074 +05:30 [INF] Executed action HealthCare.Api.Controllers.AppointmentController.GetAvailableTimeSlots (HealthCare.Api) in 65.6502ms
2026-07-10 16:01:02.079 +05:30 [INF] Executed endpoint 'HealthCare.Api.Controllers.AppointmentController.GetAvailableTimeSlots (HealthCare.Api)'
2026-07-10 16:01:02.082 +05:30 [INF] API Request: GET /api/appointments/available-slots responded 200
2026-07-10 16:01:02.088 +05:30 [INF] Request finished HTTP/2 GET https://localhost:7234/api/appointments/available-slots?date=2026-07-15&doctorId=5 - 200 null application/json; charset=utf-8 121.7163ms
2026-07-10 16:01:06.659 +05:30 [INF] Request starting HTTP/2 OPTIONS https://localhost:7234/api/appointments/book - null null
2026-07-10 16:01:06.669 +05:30 [INF] CORS policy execution successful.
2026-07-10 16:01:06.671 +05:30 [INF] API Request: OPTIONS /api/appointments/book responded 204
2026-07-10 16:01:06.676 +05:30 [INF] Request finished HTTP/2 OPTIONS https://localhost:7234/api/appointments/book - 204 null null 16.2962ms
2026-07-10 16:01:06.679 +05:30 [INF] Request starting HTTP/2 POST https://localhost:7234/api/appointments/book - application/json 65
2026-07-10 16:01:06.688 +05:30 [INF] CORS policy execution successful.
2026-07-10 16:01:06.691 +05:30 [INF] Executing endpoint 'HealthCare.Api.Controllers.AppointmentController.BookAppointment (HealthCare.Api)'
2026-07-10 16:01:06.713 +05:30 [INF] Route matched with {action = "BookAppointment", controller = "Appointment"}. Executing controller action with signature System.Threading.Tasks.Task`1[Microsoft.AspNetCore.Mvc.IActionResult] BookAppointment(HealthCare.Shared.DTOs.Appointment.CreateAppointmentDto) on controller HealthCare.Api.Controllers.AppointmentController (HealthCare.Api).
2026-07-10 16:01:06.821 +05:30 [INF] Executed DbCommand (7ms) [Parameters=[@date='?' (DbType = Date), @doctorId='?' (DbType = Int32), @timeSlot='?' (Size = 20)], CommandType='"Text"', CommandTimeout='30']
SELECT CASE
    WHEN EXISTS (
        SELECT 1
        FROM [Appointments] AS [a]
        WHERE [a].[ScheduledDate] = @date AND [a].[DoctorId] = @doctorId AND [a].[TimeSlot] = @timeSlot AND [a].[Status] <> N'Cancelled') THEN CAST(1 AS bit)
    ELSE CAST(0 AS bit)
END
2026-07-10 16:01:07.284 +05:30 [INF] Executed DbCommand (31ms) [Parameters=[@p0='?' (Size = 500), @p1='?' (DbType = DateTimeOffset), @p2='?' (DbType = Int32), @p3='?' (DbType = Int32), @p4='?' (DbType = Date), @p5='?' (Size = 20), @p6='?' (Size = 20)], CommandType='"Text"', CommandTimeout='30']
SET IMPLICIT_TRANSACTIONS OFF;
SET NOCOUNT ON;
INSERT INTO [Appointments] ([CancellationReason], [CreatedDate], [DoctorId], [PatientId], [ScheduledDate], [Status], [TimeSlot])
OUTPUT INSERTED.[AppointmentId]
VALUES (@p0, @p1, @p2, @p3, @p4, @p5, @p6);
2026-07-10 16:01:07.380 +05:30 [INF] Appointment booked: AppointmentId 1020
2026-07-10 16:01:07.405 +05:30 [INF] Executed DbCommand (5ms) [Parameters=[@patientId='?' (DbType = Int32)], CommandType='"Text"', CommandTimeout='30']
SELECT TOP(1) [p].[PatientId], [p].[CreatedDate], [p].[DateOfBirth], [p].[FullName], [p].[Gender], [p].[InsuranceId], [p].[IsActive], [p].[PhoneNumber], [p].[UserId]
FROM [Patients] AS [p]
WHERE [p].[PatientId] = @patientId
2026-07-10 16:01:07.852 +05:30 [INF] Executing OkObjectResult, writing value of type '<>f__AnonymousType0`1[[System.String, System.Private.CoreLib, Version=10.0.0.0, Culture=neutral, PublicKeyToken=7cec85d7bea7798e]]'.
2026-07-10 16:01:07.859 +05:30 [INF] Executed action HealthCare.Api.Controllers.AppointmentController.BookAppointment (HealthCare.Api) in 1139.2589ms
2026-07-10 16:01:07.862 +05:30 [INF] Executed endpoint 'HealthCare.Api.Controllers.AppointmentController.BookAppointment (HealthCare.Api)'
2026-07-10 16:01:07.865 +05:30 [INF] API Request: POST /api/appointments/book responded 200
2026-07-10 16:01:07.870 +05:30 [INF] Request finished HTTP/2 POST https://localhost:7234/api/appointments/book - 200 null application/json; charset=utf-8 1190.0461ms
2026-07-10 16:01:08.002 +05:30 [INF] Executed DbCommand (30ms) [Parameters=[@p0='?' (DbType = DateTime2), @p1='?' (DbType = Int32), @p2='?' (DbType = Boolean), @p3='?' (Size = 500)], CommandType='"Text"', CommandTimeout='30']
SET IMPLICIT_TRANSACTIONS OFF;
SET NOCOUNT ON;
INSERT INTO [Notifications] ([CreatedAtUtc], [DoctorId], [IsRead], [Message])
OUTPUT INSERTED.[NotificationId]
VALUES (@p0, @p1, @p2, @p3);
2026-07-10 16:01:08.018 +05:30 [INF] Notification created for DoctorId 5 from AppointmentId 1020
2026-07-10 16:05:32.322 +05:30 [INF] Usage Telemetry: {"id":"5c5a0000-e56a-1944-8382-08dede6e4473","created":"2026-07-10T16:00:30.9385030\u002B05:30","host":{"framework_version":"10.0.8","mass_transit_version":"8.5.10.0","operating_system_version":"Microsoft Windows NT 10.0.26200.0","time_zone_info":"(UTC\u002B05:30) Chennai, Kolkata, Mumbai, New Delhi","commit_hash":"62ab339afa3bac2e9b3fe1769d0d35d7e44778e9"},"bus":[{"created":"2026-07-10T16:00:30.9436039\u002B05:30","configured":"2026-07-10T16:00:31.4129919\u002B05:30","started":"2026-07-10T16:00:32.1754777\u002B05:30","name":"IBus","endpoints":[{"name":"appointment.events.queue","type":"RabbitMQ","prefetch_count":16,"consumer_count":1,"message_count":1},{"name":"_bus_","type":"RabbitMQ","prefetch_count":16}]}]}
2026-07-10 16:10:28.492 +05:30 [INF] User profile is available. Using 'C:\Users\310508\AppData\Local\ASP.NET\DataProtection-Keys' as key repository and Windows DPAPI to encrypt keys at rest.
2026-07-10 16:10:34.113 +05:30 [INF] Executed DbCommand (148ms) [Parameters=[@normalizedName='?' (Size = 256)], CommandType='"Text"', CommandTimeout='30']
SELECT TOP(1) [a].[Id], [a].[ConcurrencyStamp], [a].[Name], [a].[NormalizedName]
FROM [AspNetRoles] AS [a]
WHERE [a].[NormalizedName] = @normalizedName
2026-07-10 16:10:34.414 +05:30 [INF] Executed DbCommand (5ms) [Parameters=[@normalizedName='?' (Size = 256)], CommandType='"Text"', CommandTimeout='30']
SELECT TOP(1) [a].[Id], [a].[ConcurrencyStamp], [a].[Name], [a].[NormalizedName]
FROM [AspNetRoles] AS [a]
WHERE [a].[NormalizedName] = @normalizedName
2026-07-10 16:10:34.428 +05:30 [INF] Executed DbCommand (1ms) [Parameters=[@normalizedName='?' (Size = 256)], CommandType='"Text"', CommandTimeout='30']
SELECT TOP(1) [a].[Id], [a].[ConcurrencyStamp], [a].[Name], [a].[NormalizedName]
FROM [AspNetRoles] AS [a]
WHERE [a].[NormalizedName] = @normalizedName
2026-07-10 16:10:34.442 +05:30 [INF] Executed DbCommand (1ms) [Parameters=[@normalizedName='?' (Size = 256)], CommandType='"Text"', CommandTimeout='30']
SELECT TOP(1) [a].[Id], [a].[ConcurrencyStamp], [a].[Name], [a].[NormalizedName]
FROM [AspNetRoles] AS [a]
WHERE [a].[NormalizedName] = @normalizedName
2026-07-10 16:10:34.459 +05:30 [INF] Executed DbCommand (1ms) [Parameters=[@normalizedName='?' (Size = 256)], CommandType='"Text"', CommandTimeout='30']
SELECT TOP(1) [a].[Id], [a].[ConcurrencyStamp], [a].[Name], [a].[NormalizedName]
FROM [AspNetRoles] AS [a]
WHERE [a].[NormalizedName] = @normalizedName
2026-07-10 16:10:34.469 +05:30 [INF] Executed DbCommand (1ms) [Parameters=[@normalizedName='?' (Size = 256)], CommandType='"Text"', CommandTimeout='30']
SELECT TOP(1) [a].[Id], [a].[ConcurrencyStamp], [a].[Name], [a].[NormalizedName]
FROM [AspNetRoles] AS [a]
WHERE [a].[NormalizedName] = @normalizedName
2026-07-10 16:10:34.550 +05:30 [INF] Executed DbCommand (10ms) [Parameters=[@normalizedEmail='?' (Size = 256)], CommandType='"Text"', CommandTimeout='30']
SELECT TOP(2) [a].[Id], [a].[AccessFailedCount], [a].[ConcurrencyStamp], [a].[Discriminator], [a].[Email], [a].[EmailConfirmed], [a].[LockoutEnabled], [a].[LockoutEnd], [a].[NormalizedEmail], [a].[NormalizedUserName], [a].[PasswordHash], [a].[PhoneNumber], [a].[PhoneNumberConfirmed], [a].[SecurityStamp], [a].[TwoFactorEnabled], [a].[UserName]
FROM [AspNetUsers] AS [a]
WHERE [a].[Discriminator] = N'User' AND [a].[NormalizedEmail] = @normalizedEmail
2026-07-10 16:10:35.992 +05:30 [INF] Configured endpoint appointment.events.queue, Consumer: HealthCare.Api.Messaging.AppointmentBookedEventConsumer
2026-07-10 16:10:36.924 +05:30 [INF] Now listening on: https://localhost:7234
2026-07-10 16:10:36.929 +05:30 [INF] Now listening on: http://localhost:5225
2026-07-10 16:10:37.003 +05:30 [INF] Bus started: "rabbitmq://localhost/"
2026-07-10 16:10:37.094 +05:30 [INF] Application started. Press Ctrl+C to shut down.
2026-07-10 16:10:37.097 +05:30 [INF] Hosting environment: Development
2026-07-10 16:10:37.100 +05:30 [INF] Content root path: C:\Users\310508\source\repos\UST-Live-01\HealthCare\HealthCare.Api
2026-07-10 16:11:30.606 +05:30 [INF] Request starting HTTP/2 OPTIONS https://localhost:7234/api/auth/login - null null
2026-07-10 16:11:30.732 +05:30 [INF] CORS policy execution successful.
2026-07-10 16:11:30.746 +05:30 [INF] API Request: OPTIONS /api/auth/login responded 204
2026-07-10 16:11:30.766 +05:30 [INF] Request finished HTTP/2 OPTIONS https://localhost:7234/api/auth/login - 204 null null 168.2967ms
2026-07-10 16:11:30.777 +05:30 [INF] Request starting HTTP/2 POST https://localhost:7234/api/auth/login - application/json 51
2026-07-10 16:11:30.805 +05:30 [INF] CORS policy execution successful.
2026-07-10 16:11:30.834 +05:30 [INF] Executing endpoint 'HealthCare.Api.Controllers.AuthController.Login (HealthCare.Api)'
2026-07-10 16:11:30.892 +05:30 [INF] Route matched with {action = "Login", controller = "Auth"}. Executing controller action with signature System.Threading.Tasks.Task`1[Microsoft.AspNetCore.Mvc.IActionResult] Login(HealthCare.Api.DTOs.Auth.LoginDto) on controller HealthCare.Api.Controllers.AuthController (HealthCare.Api).
2026-07-10 16:11:31.201 +05:30 [WRN] You do not have a valid license key for the Lucky Penny software AutoMapper. This is allowed for development and testing scenarios. If you are running in production you are required to have a licensed version. Please visit https://luckypennysoftware.com to obtain a valid license.
2026-07-10 16:11:31.527 +05:30 [INF] Executed DbCommand (11ms) [Parameters=[@normalizedEmail='?' (Size = 256)], CommandType='"Text"', CommandTimeout='30']
SELECT TOP(2) [a].[Id], [a].[AccessFailedCount], [a].[ConcurrencyStamp], [a].[Discriminator], [a].[Email], [a].[EmailConfirmed], [a].[LockoutEnabled], [a].[LockoutEnd], [a].[NormalizedEmail], [a].[NormalizedUserName], [a].[PasswordHash], [a].[PhoneNumber], [a].[PhoneNumberConfirmed], [a].[SecurityStamp], [a].[TwoFactorEnabled], [a].[UserName]
FROM [AspNetUsers] AS [a]
WHERE [a].[Discriminator] = N'User' AND [a].[NormalizedEmail] = @normalizedEmail
2026-07-10 16:11:32.044 +05:30 [INF] Executed DbCommand (11ms) [Parameters=[@userId='?' (Size = 450)], CommandType='"Text"', CommandTimeout='30']
SELECT [a0].[Name]
FROM [AspNetUserRoles] AS [a]
INNER JOIN [AspNetRoles] AS [a0] ON [a].[RoleId] = [a0].[Id]
WHERE [a].[UserId] = @userId
2026-07-10 16:11:32.091 +05:30 [INF] Executed DbCommand (7ms) [Parameters=[@userId='?' (Size = 450)], CommandType='"Text"', CommandTimeout='30']
SELECT TOP(1) [p].[PatientId], [p].[CreatedDate], [p].[DateOfBirth], [p].[FullName], [p].[Gender], [p].[InsuranceId], [p].[IsActive], [p].[PhoneNumber], [p].[UserId]
FROM [Patients] AS [p]
WHERE [p].[UserId] = @userId
2026-07-10 16:11:32.283 +05:30 [INF] Executed DbCommand (12ms) [Parameters=[@userId='?' (Size = 450)], CommandType='"Text"', CommandTimeout='30']
SELECT [a0].[Name]
FROM [AspNetUserRoles] AS [a]
INNER JOIN [AspNetRoles] AS [a0] ON [a].[RoleId] = [a0].[Id]
WHERE [a].[UserId] = @userId
2026-07-10 16:11:32.386 +05:30 [INF] Executing OkObjectResult, writing value of type 'HealthCare.Api.DTOs.Auth.AuthResponseDto'.
2026-07-10 16:11:32.425 +05:30 [INF] Executed action HealthCare.Api.Controllers.AuthController.Login (HealthCare.Api) in 1516.4876ms
2026-07-10 16:11:32.431 +05:30 [INF] Executed endpoint 'HealthCare.Api.Controllers.AuthController.Login (HealthCare.Api)'
2026-07-10 16:11:32.442 +05:30 [INF] API Request: POST /api/auth/login responded 200
2026-07-10 16:11:32.461 +05:30 [INF] Request finished HTTP/2 POST https://localhost:7234/api/auth/login - 200 null application/json; charset=utf-8 1683.5923ms
2026-07-10 16:11:32.820 +05:30 [INF] Request starting HTTP/2 OPTIONS https://localhost:7234/api/appointments/patient/upcoming - null null
2026-07-10 16:11:32.820 +05:30 [INF] Request starting HTTP/2 OPTIONS https://localhost:7234/api/records/my-records - null null
2026-07-10 16:11:32.896 +05:30 [INF] CORS policy execution successful.
2026-07-10 16:11:32.902 +05:30 [INF] CORS policy execution successful.
2026-07-10 16:11:32.905 +05:30 [INF] API Request: OPTIONS /api/appointments/patient/upcoming responded 204
2026-07-10 16:11:32.907 +05:30 [INF] API Request: OPTIONS /api/records/my-records responded 204
2026-07-10 16:11:32.912 +05:30 [INF] Request finished HTTP/2 OPTIONS https://localhost:7234/api/appointments/patient/upcoming - 204 null null 91.7546ms
2026-07-10 16:11:32.916 +05:30 [INF] Request finished HTTP/2 OPTIONS https://localhost:7234/api/records/my-records - 204 null null 95.7531ms
2026-07-10 16:11:32.916 +05:30 [INF] Request starting HTTP/2 GET https://localhost:7234/api/appointments/patient/upcoming - null null
2026-07-10 16:11:32.920 +05:30 [INF] Request starting HTTP/2 GET https://localhost:7234/api/records/my-records - null null
2026-07-10 16:11:32.949 +05:30 [INF] CORS policy execution successful.
2026-07-10 16:11:32.952 +05:30 [INF] CORS policy execution successful.
2026-07-10 16:11:33.152 +05:30 [INF] Executing endpoint 'HealthCare.Api.Controllers.HealthRecordController.GetHealthRecordByPatient (HealthCare.Api)'
2026-07-10 16:11:33.153 +05:30 [INF] Executing endpoint 'HealthCare.Api.Controllers.AppointmentController.GetAppointmentByPatient (HealthCare.Api)'
2026-07-10 16:11:33.177 +05:30 [INF] Route matched with {action = "GetAppointmentByPatient", controller = "Appointment"}. Executing controller action with signature System.Threading.Tasks.Task`1[Microsoft.AspNetCore.Mvc.IActionResult] GetAppointmentByPatient() on controller HealthCare.Api.Controllers.AppointmentController (HealthCare.Api).
2026-07-10 16:11:33.177 +05:30 [INF] Route matched with {action = "GetHealthRecordByPatient", controller = "HealthRecord"}. Executing controller action with signature System.Threading.Tasks.Task`1[Microsoft.AspNetCore.Mvc.IActionResult] GetHealthRecordByPatient() on controller HealthCare.Api.Controllers.HealthRecordController (HealthCare.Api).
2026-07-10 16:11:33.353 +05:30 [INF] Executed DbCommand (17ms) [Parameters=[@id='?' (DbType = Int32)], CommandType='"Text"', CommandTimeout='30']
SELECT [h].[RecordId], [p].[FullName] AS [PatientName], [d].[FullName] AS [DoctorName], [h].[VisitDate], [h].[Diagnosis], [h].[Prescription], [h].[Notes]
FROM [HealthRecords] AS [h]
INNER JOIN [Patients] AS [p] ON [h].[PatientId] = [p].[PatientId]
INNER JOIN [Doctors] AS [d] ON [h].[DoctorId] = [d].[DoctorId]
WHERE [h].[PatientId] = @id
2026-07-10 16:11:33.366 +05:30 [INF] Executing OkObjectResult, writing value of type 'System.Collections.Generic.List`1[[HealthCare.Api.DTOs.HealthRecord.HealthRecordListDto, HealthCare.Shared, Version=1.0.0.0, Culture=neutral, PublicKeyToken=null]]'.
2026-07-10 16:11:33.388 +05:30 [INF] Executed action HealthCare.Api.Controllers.HealthRecordController.GetHealthRecordByPatient (HealthCare.Api) in 198.6678ms
2026-07-10 16:11:33.393 +05:30 [INF] Executed endpoint 'HealthCare.Api.Controllers.HealthRecordController.GetHealthRecordByPatient (HealthCare.Api)'
2026-07-10 16:11:33.395 +05:30 [INF] API Request: GET /api/records/my-records responded 200
2026-07-10 16:11:33.403 +05:30 [INF] Request finished HTTP/2 GET https://localhost:7234/api/records/my-records - 200 null application/json; charset=utf-8 481.71ms
2026-07-10 16:11:33.981 +05:30 [INF] Executed DbCommand (41ms) [Parameters=[@id='?' (DbType = Int32)], CommandType='"Text"', CommandTimeout='30']
SELECT [a].[AppointmentId], [a].[PatientId], [p].[FullName] AS [PatientName], [d].[FullName] AS [DoctorName], [a].[ScheduledDate], [a].[TimeSlot], [a].[Status]
FROM [Appointments] AS [a]
INNER JOIN [Patients] AS [p] ON [a].[PatientId] = [p].[PatientId]
INNER JOIN [Doctors] AS [d] ON [a].[DoctorId] = [d].[DoctorId]
WHERE [a].[PatientId] = @id AND [a].[ScheduledDate] >= CAST(CONVERT(date, GETDATE()) AS date)
2026-07-10 16:11:33.994 +05:30 [INF] Executing OkObjectResult, writing value of type 'System.Collections.Generic.List`1[[HealthCare.Api.DTOs.Appointment.AppointmentListDto, HealthCare.Shared, Version=1.0.0.0, Culture=neutral, PublicKeyToken=null]]'.
2026-07-10 16:11:34.016 +05:30 [INF] Executed action HealthCare.Api.Controllers.AppointmentController.GetAppointmentByPatient (HealthCare.Api) in 832.102ms
2026-07-10 16:11:34.024 +05:30 [INF] Executed endpoint 'HealthCare.Api.Controllers.AppointmentController.GetAppointmentByPatient (HealthCare.Api)'
2026-07-10 16:11:34.027 +05:30 [INF] API Request: GET /api/appointments/patient/upcoming responded 200
2026-07-10 16:11:34.032 +05:30 [INF] Request finished HTTP/2 GET https://localhost:7234/api/appointments/patient/upcoming - 200 null application/json; charset=utf-8 1115.7589ms
2026-07-10 16:11:40.013 +05:30 [INF] Request starting HTTP/2 OPTIONS https://localhost:7234/api/doctors/available?specialisation=Orthopedic&date=2026-07-15 - null null
2026-07-10 16:11:40.023 +05:30 [INF] CORS policy execution successful.
2026-07-10 16:11:40.025 +05:30 [INF] API Request: OPTIONS /api/doctors/available responded 204
2026-07-10 16:11:40.029 +05:30 [INF] Request finished HTTP/2 OPTIONS https://localhost:7234/api/doctors/available?specialisation=Orthopedic&date=2026-07-15 - 204 null null 15.9056ms
2026-07-10 16:11:40.033 +05:30 [INF] Request starting HTTP/2 GET https://localhost:7234/api/doctors/available?specialisation=Orthopedic&date=2026-07-15 - null null
2026-07-10 16:11:40.049 +05:30 [INF] CORS policy execution successful.
2026-07-10 16:11:40.064 +05:30 [INF] Executing endpoint 'HealthCare.Api.Controllers.DoctorController.GetAvailableDoctors (HealthCare.Api)'
2026-07-10 16:11:40.086 +05:30 [INF] Route matched with {action = "GetAvailableDoctors", controller = "Doctor"}. Executing controller action with signature System.Threading.Tasks.Task`1[Microsoft.AspNetCore.Mvc.IActionResult] GetAvailableDoctors(System.String, System.DateOnly) on controller HealthCare.Api.Controllers.DoctorController (HealthCare.Api).
2026-07-10 16:11:40.525 +05:30 [INF] Cache MISS for key: doctors:available:orthopedic:2026-07-15
2026-07-10 16:11:40.713 +05:30 [INF] Executed DbCommand (77ms) [Parameters=[@specialisation='?' (Size = 50), @date='?' (DbType = Date)], CommandType='"Text"', CommandTimeout='30']
SELECT [d].[DoctorId], [d].[FullName], [d].[Specialisation], [d].[ConsultationFee], [d].[IsActive]
FROM [Doctors] AS [d]
WHERE [d].[Specialisation] = @specialisation AND [d].[IsActive] = CAST(1 AS bit) AND NOT EXISTS (
    SELECT 1
    FROM [DoctorLeaves] AS [d0]
    WHERE [d].[DoctorId] = [d0].[DoctorId] AND [d0].[LeaveDate] = @date) AND EXISTS (
    SELECT 1
    FROM (
        SELECT [d1].[TimeSlot]
        FROM [DoctorAvailableSlots] AS [d1]
        WHERE [d].[DoctorId] = [d1].[DoctorId]
        EXCEPT
        SELECT [a].[TimeSlot]
        FROM [Appointments] AS [a]
        WHERE [d].[DoctorId] = [a].[DoctorId] AND [a].[ScheduledDate] = @date AND [a].[Status] <> N'Cancelled'
    ) AS [e])
2026-07-10 16:11:40.770 +05:30 [INF] Cache SET for key: doctors:available:orthopedic:2026-07-15 with 5 minutes TTL
2026-07-10 16:11:40.773 +05:30 [INF] Executing OkObjectResult, writing value of type 'System.Collections.Generic.List`1[[HealthCare.Api.DTOs.Doctor.DoctorListDto, HealthCare.Shared, Version=1.0.0.0, Culture=neutral, PublicKeyToken=null]]'.
2026-07-10 16:11:40.779 +05:30 [INF] Executed action HealthCare.Api.Controllers.DoctorController.GetAvailableDoctors (HealthCare.Api) in 686.0537ms
2026-07-10 16:11:40.782 +05:30 [INF] Executed endpoint 'HealthCare.Api.Controllers.DoctorController.GetAvailableDoctors (HealthCare.Api)'
2026-07-10 16:11:40.785 +05:30 [INF] API Request: GET /api/doctors/available responded 200
2026-07-10 16:11:40.788 +05:30 [INF] Request finished HTTP/2 GET https://localhost:7234/api/doctors/available?specialisation=Orthopedic&date=2026-07-15 - 200 null application/json; charset=utf-8 754.8231ms
2026-07-10 16:11:41.560 +05:30 [INF] Request starting HTTP/2 OPTIONS https://localhost:7234/api/appointments/available-slots?date=2026-07-15&doctorId=5 - null null
2026-07-10 16:11:41.568 +05:30 [INF] CORS policy execution successful.
2026-07-10 16:11:41.572 +05:30 [INF] API Request: OPTIONS /api/appointments/available-slots responded 204
2026-07-10 16:11:41.576 +05:30 [INF] Request finished HTTP/2 OPTIONS https://localhost:7234/api/appointments/available-slots?date=2026-07-15&doctorId=5 - 204 null null 15.9457ms
2026-07-10 16:11:41.580 +05:30 [INF] Request starting HTTP/2 GET https://localhost:7234/api/appointments/available-slots?date=2026-07-15&doctorId=5 - null null
2026-07-10 16:11:41.592 +05:30 [INF] CORS policy execution successful.
2026-07-10 16:11:41.596 +05:30 [INF] Executing endpoint 'HealthCare.Api.Controllers.AppointmentController.GetAvailableTimeSlots (HealthCare.Api)'
2026-07-10 16:11:41.619 +05:30 [INF] Route matched with {action = "GetAvailableTimeSlots", controller = "Appointment"}. Executing controller action with signature System.Threading.Tasks.Task`1[Microsoft.AspNetCore.Mvc.IActionResult] GetAvailableTimeSlots(System.DateOnly, Int32) on controller HealthCare.Api.Controllers.AppointmentController (HealthCare.Api).
2026-07-10 16:11:41.656 +05:30 [INF] Executed DbCommand (5ms) [Parameters=[@doctorId='?' (DbType = Int32)], CommandType='"Text"', CommandTimeout='30']
SELECT [d].[TimeSlot]
FROM [DoctorAvailableSlots] AS [d]
WHERE [d].[DoctorId] = @doctorId
2026-07-10 16:11:41.680 +05:30 [INF] Executed DbCommand (7ms) [Parameters=[@date='?' (DbType = Date), @doctorId='?' (DbType = Int32)], CommandType='"Text"', CommandTimeout='30']
SELECT [a].[TimeSlot]
FROM [Appointments] AS [a]
WHERE [a].[ScheduledDate] = @date AND [a].[DoctorId] = @doctorId AND [a].[Status] <> N'Cancelled'
2026-07-10 16:11:41.686 +05:30 [INF] Executing OkObjectResult, writing value of type 'System.Collections.Generic.List`1[[System.String, System.Private.CoreLib, Version=10.0.0.0, Culture=neutral, PublicKeyToken=7cec85d7bea7798e]]'.
2026-07-10 16:11:41.691 +05:30 [INF] Executed action HealthCare.Api.Controllers.AppointmentController.GetAvailableTimeSlots (HealthCare.Api) in 66.0936ms
2026-07-10 16:11:41.695 +05:30 [INF] Executed endpoint 'HealthCare.Api.Controllers.AppointmentController.GetAvailableTimeSlots (HealthCare.Api)'
2026-07-10 16:11:41.699 +05:30 [INF] API Request: GET /api/appointments/available-slots responded 200
2026-07-10 16:11:41.704 +05:30 [INF] Request finished HTTP/2 GET https://localhost:7234/api/appointments/available-slots?date=2026-07-15&doctorId=5 - 200 null application/json; charset=utf-8 123.8998ms
2026-07-10 16:11:45.099 +05:30 [INF] Request starting HTTP/2 OPTIONS https://localhost:7234/api/appointments/book - null null
2026-07-10 16:11:45.107 +05:30 [INF] CORS policy execution successful.
2026-07-10 16:11:45.110 +05:30 [INF] API Request: OPTIONS /api/appointments/book responded 204
2026-07-10 16:11:45.114 +05:30 [INF] Request finished HTTP/2 OPTIONS https://localhost:7234/api/appointments/book - 204 null null 14.8067ms
2026-07-10 16:11:45.118 +05:30 [INF] Request starting HTTP/2 POST https://localhost:7234/api/appointments/book - application/json 65
2026-07-10 16:11:45.128 +05:30 [INF] CORS policy execution successful.
2026-07-10 16:11:45.131 +05:30 [INF] Executing endpoint 'HealthCare.Api.Controllers.AppointmentController.BookAppointment (HealthCare.Api)'
2026-07-10 16:11:45.150 +05:30 [INF] Route matched with {action = "BookAppointment", controller = "Appointment"}. Executing controller action with signature System.Threading.Tasks.Task`1[Microsoft.AspNetCore.Mvc.IActionResult] BookAppointment(HealthCare.Shared.DTOs.Appointment.CreateAppointmentDto) on controller HealthCare.Api.Controllers.AppointmentController (HealthCare.Api).
2026-07-10 16:11:45.261 +05:30 [INF] Executed DbCommand (13ms) [Parameters=[@date='?' (DbType = Date), @doctorId='?' (DbType = Int32), @timeSlot='?' (Size = 20)], CommandType='"Text"', CommandTimeout='30']
SELECT CASE
    WHEN EXISTS (
        SELECT 1
        FROM [Appointments] AS [a]
        WHERE [a].[ScheduledDate] = @date AND [a].[DoctorId] = @doctorId AND [a].[TimeSlot] = @timeSlot AND [a].[Status] <> N'Cancelled') THEN CAST(1 AS bit)
    ELSE CAST(0 AS bit)
END
2026-07-10 16:11:45.708 +05:30 [INF] Executed DbCommand (24ms) [Parameters=[@p0='?' (Size = 500), @p1='?' (DbType = DateTimeOffset), @p2='?' (DbType = Int32), @p3='?' (DbType = Int32), @p4='?' (DbType = Date), @p5='?' (Size = 20), @p6='?' (Size = 20)], CommandType='"Text"', CommandTimeout='30']
SET IMPLICIT_TRANSACTIONS OFF;
SET NOCOUNT ON;
INSERT INTO [Appointments] ([CancellationReason], [CreatedDate], [DoctorId], [PatientId], [ScheduledDate], [Status], [TimeSlot])
OUTPUT INSERTED.[AppointmentId]
VALUES (@p0, @p1, @p2, @p3, @p4, @p5, @p6);
2026-07-10 16:11:45.811 +05:30 [INF] Appointment booked: AppointmentId 1021
2026-07-10 16:11:45.839 +05:30 [INF] Executed DbCommand (7ms) [Parameters=[@patientId='?' (DbType = Int32)], CommandType='"Text"', CommandTimeout='30']
SELECT TOP(1) [p].[PatientId], [p].[CreatedDate], [p].[DateOfBirth], [p].[FullName], [p].[Gender], [p].[InsuranceId], [p].[IsActive], [p].[PhoneNumber], [p].[UserId]
FROM [Patients] AS [p]
WHERE [p].[PatientId] = @patientId
2026-07-10 16:11:46.332 +05:30 [INF] AppointmentBookedEvent published. AppointmentId: 1021, DoctorId: 5
2026-07-10 16:11:46.337 +05:30 [INF] Executing OkObjectResult, writing value of type '<>f__AnonymousType0`1[[System.String, System.Private.CoreLib, Version=10.0.0.0, Culture=neutral, PublicKeyToken=7cec85d7bea7798e]]'.
2026-07-10 16:11:46.345 +05:30 [INF] Executed action HealthCare.Api.Controllers.AppointmentController.BookAppointment (HealthCare.Api) in 1190.7282ms
2026-07-10 16:11:46.349 +05:30 [INF] Executed endpoint 'HealthCare.Api.Controllers.AppointmentController.BookAppointment (HealthCare.Api)'
2026-07-10 16:11:46.353 +05:30 [INF] API Request: POST /api/appointments/book responded 200
2026-07-10 16:11:46.360 +05:30 [INF] Request finished HTTP/2 POST https://localhost:7234/api/appointments/book - 200 null application/json; charset=utf-8 1240.8054ms
2026-07-10 16:11:46.502 +05:30 [INF] Executed DbCommand (36ms) [Parameters=[@p0='?' (DbType = DateTime2), @p1='?' (DbType = Int32), @p2='?' (DbType = Boolean), @p3='?' (Size = 500)], CommandType='"Text"', CommandTimeout='30']
SET IMPLICIT_TRANSACTIONS OFF;
SET NOCOUNT ON;
INSERT INTO [Notifications] ([CreatedAtUtc], [DoctorId], [IsRead], [Message])
OUTPUT INSERTED.[NotificationId]
VALUES (@p0, @p1, @p2, @p3);
2026-07-10 16:11:46.518 +05:30 [INF] Notification created for DoctorId 5 from AppointmentId 1021
2026-07-10 16:15:37.089 +05:30 [INF] Usage Telemetry: {"id":"904c0000-e56a-1944-020a-08dede6fad03","created":"2026-07-10T16:10:35.8584459\u002B05:30","host":{"framework_version":"10.0.8","mass_transit_version":"8.5.10.0","operating_system_version":"Microsoft Windows NT 10.0.26200.0","time_zone_info":"(UTC\u002B05:30) Chennai, Kolkata, Mumbai, New Delhi","commit_hash":"62ab339afa3bac2e9b3fe1769d0d35d7e44778e9"},"bus":[{"created":"2026-07-10T16:10:35.8646331\u002B05:30","configured":"2026-07-10T16:10:36.2595063\u002B05:30","started":"2026-07-10T16:10:36.9972028\u002B05:30","name":"IBus","endpoints":[{"name":"appointment.events.queue","type":"RabbitMQ","prefetch_count":16,"consumer_count":1,"message_count":1},{"name":"_bus_","type":"RabbitMQ","prefetch_count":16}]}]}
