2026-07-22 00:06:10.163 +05:30 [INF] HTTP OPTIONS /api/auth/login responded 204 in 1.2755 ms
2026-07-22 00:06:26.782 +05:30 [ERR] An error occurred using the connection to database 'HealthCareDb' on server '(localdb)\MSSQLLocalDB'.
2026-07-22 00:06:26.849 +05:30 [ERR] An exception occurred while iterating over the results of a query for context type 'HealthCare.Api.Data.HealthCareDbContext'.
Microsoft.Data.SqlClient.SqlException (0x80131904): Connection Timeout Expired.  The timeout period elapsed while attempting to consume the pre-login handshake acknowledgement.  This could be because the pre-login handshake failed or the server was unable to respond back in time.  The duration spent while attempting to connect to this server was - [Pre-Login] initialization=16569; handshake=8; 
 ---> System.ComponentModel.Win32Exception (258): The wait operation timed out.
   at Microsoft.Data.SqlClient.SqlInternalConnection.OnError(SqlException exception, Boolean breakConnection, Action`1 wrapCloseInAction)
   at Microsoft.Data.SqlClient.TdsParser.ThrowExceptionAndWarning(TdsParserStateObject stateObj, SqlCommand command, Boolean callerHasConnectionLock, Boolean asyncClose)
   at Microsoft.Data.SqlClient.TdsParserStateObject.ThrowExceptionAndWarning(Boolean callerHasConnectionLock, Boolean asyncClose)
   at Microsoft.Data.SqlClient.TdsParserStateObject.ReadSniError(TdsParserStateObject stateObj, UInt32 error)
   at Microsoft.Data.SqlClient.TdsParserStateObject.ReadSniSyncOverAsync()
   at Microsoft.Data.SqlClient.TdsParserStateObject.TryReadNetworkPacket()
   at Microsoft.Data.SqlClient.TdsParser.ConsumePreLoginHandshake(SqlConnectionEncryptOption encrypt, Boolean trustServerCert, Boolean integratedSecurity, Boolean& marsCapable, Boolean& fedAuthRequired, Boolean tlsFirst, String serverCertificateFilename)
   at Microsoft.Data.SqlClient.TdsParser.Connect(ServerInfo serverInfo, SqlInternalConnectionTds connHandler, TimeoutTimer timeout, SqlConnectionString connectionOptions, Boolean withFailover)
   at Microsoft.Data.SqlClient.SqlInternalConnectionTds.AttemptOneLogin(ServerInfo serverInfo, String newPassword, SecureString newSecurePassword, TimeoutTimer timeout, Boolean withFailover)
   at Microsoft.Data.SqlClient.SqlInternalConnectionTds.LoginNoFailover(ServerInfo serverInfo, String newPassword, SecureString newSecurePassword, Boolean redirectedUserInstance, SqlConnectionString connectionOptions, SqlCredential credential, TimeoutTimer timeout)
   at Microsoft.Data.SqlClient.SqlInternalConnectionTds.OpenLoginEnlist(TimeoutTimer timeout, SqlConnectionString connectionOptions, SqlCredential credential, String newPassword, SecureString newSecurePassword, Boolean redirectedUserInstance)
   at Microsoft.Data.SqlClient.SqlInternalConnectionTds..ctor(DbConnectionPoolIdentity identity, SqlConnectionString connectionOptions, SqlCredential credential, Object providerInfo, String newPassword, SecureString newSecurePassword, Boolean redirectedUserInstance, SqlConnectionString userConnectionOptions, SessionData reconnectSessionData, Boolean applyTransientFaultHandling, String accessToken, IDbConnectionPool pool, Func`3 accessTokenCallback)
   at Microsoft.Data.SqlClient.SqlConnectionFactory.CreateConnection(DbConnectionOptions options, DbConnectionPoolKey poolKey, DbConnectionPoolGroupProviderInfo poolGroupProviderInfo, IDbConnectionPool pool, DbConnection owningConnection, DbConnectionOptions userOptions)
   at Microsoft.Data.ProviderBase.DbConnectionFactory.CreatePooledConnection(IDbConnectionPool pool, DbConnection owningObject, DbConnectionOptions options, DbConnectionPoolKey poolKey, DbConnectionOptions userOptions)
   at Microsoft.Data.SqlClient.ConnectionPool.WaitHandleDbConnectionPool.CreateObject(DbConnection owningObject, DbConnectionOptions userOptions, DbConnectionInternal oldConnection)
   at Microsoft.Data.SqlClient.ConnectionPool.WaitHandleDbConnectionPool.UserCreateRequest(DbConnection owningObject, DbConnectionOptions userOptions, DbConnectionInternal oldConnection)
   at Microsoft.Data.SqlClient.ConnectionPool.WaitHandleDbConnectionPool.TryGetConnection(DbConnection owningObject, UInt32 waitForMultipleObjectsTimeout, Boolean allowCreate, Boolean onlyOneCheckConnection, DbConnectionOptions userOptions, DbConnectionInternal& connection)
   at Microsoft.Data.SqlClient.ConnectionPool.WaitHandleDbConnectionPool.WaitForPendingOpen()
--- End of stack trace from previous location ---
   at Microsoft.EntityFrameworkCore.Storage.RelationalConnection.OpenInternalAsync(Boolean errorsExpected, CancellationToken cancellationToken)
   at Microsoft.EntityFrameworkCore.Storage.RelationalConnection.OpenInternalAsync(Boolean errorsExpected, CancellationToken cancellationToken)
   at Microsoft.EntityFrameworkCore.Storage.RelationalConnection.OpenAsync(CancellationToken cancellationToken, Boolean errorsExpected)
   at Microsoft.EntityFrameworkCore.Storage.RelationalCommand.ExecuteReaderAsync(RelationalCommandParameterObject parameterObject, CancellationToken cancellationToken)
   at Microsoft.EntityFrameworkCore.Query.Internal.SingleQueryingEnumerable`1.AsyncEnumerator.InitializeReaderAsync(AsyncEnumerator enumerator, CancellationToken cancellationToken)
   at Microsoft.EntityFrameworkCore.SqlServer.Storage.Internal.SqlServerExecutionStrategy.ExecuteAsync[TState,TResult](TState state, Func`4 operation, Func`4 verifySucceeded, CancellationToken cancellationToken)
   at Microsoft.EntityFrameworkCore.Query.Internal.SingleQueryingEnumerable`1.AsyncEnumerator.MoveNextAsync()
ClientConnectionId:126e2191-303f-4458-a0b0-1836edc8a45b
Error Number:-2,State:0,Class:11
Microsoft.Data.SqlClient.SqlException (0x80131904): Connection Timeout Expired.  The timeout period elapsed while attempting to consume the pre-login handshake acknowledgement.  This could be because the pre-login handshake failed or the server was unable to respond back in time.  The duration spent while attempting to connect to this server was - [Pre-Login] initialization=16569; handshake=8; 
 ---> System.ComponentModel.Win32Exception (258): The wait operation timed out.
   at Microsoft.Data.SqlClient.SqlInternalConnection.OnError(SqlException exception, Boolean breakConnection, Action`1 wrapCloseInAction)
   at Microsoft.Data.SqlClient.TdsParser.ThrowExceptionAndWarning(TdsParserStateObject stateObj, SqlCommand command, Boolean callerHasConnectionLock, Boolean asyncClose)
   at Microsoft.Data.SqlClient.TdsParserStateObject.ThrowExceptionAndWarning(Boolean callerHasConnectionLock, Boolean asyncClose)
   at Microsoft.Data.SqlClient.TdsParserStateObject.ReadSniError(TdsParserStateObject stateObj, UInt32 error)
   at Microsoft.Data.SqlClient.TdsParserStateObject.ReadSniSyncOverAsync()
   at Microsoft.Data.SqlClient.TdsParserStateObject.TryReadNetworkPacket()
   at Microsoft.Data.SqlClient.TdsParser.ConsumePreLoginHandshake(SqlConnectionEncryptOption encrypt, Boolean trustServerCert, Boolean integratedSecurity, Boolean& marsCapable, Boolean& fedAuthRequired, Boolean tlsFirst, String serverCertificateFilename)
   at Microsoft.Data.SqlClient.TdsParser.Connect(ServerInfo serverInfo, SqlInternalConnectionTds connHandler, TimeoutTimer timeout, SqlConnectionString connectionOptions, Boolean withFailover)
   at Microsoft.Data.SqlClient.SqlInternalConnectionTds.AttemptOneLogin(ServerInfo serverInfo, String newPassword, SecureString newSecurePassword, TimeoutTimer timeout, Boolean withFailover)
   at Microsoft.Data.SqlClient.SqlInternalConnectionTds.LoginNoFailover(ServerInfo serverInfo, String newPassword, SecureString newSecurePassword, Boolean redirectedUserInstance, SqlConnectionString connectionOptions, SqlCredential credential, TimeoutTimer timeout)
   at Microsoft.Data.SqlClient.SqlInternalConnectionTds.OpenLoginEnlist(TimeoutTimer timeout, SqlConnectionString connectionOptions, SqlCredential credential, String newPassword, SecureString newSecurePassword, Boolean redirectedUserInstance)
   at Microsoft.Data.SqlClient.SqlInternalConnectionTds..ctor(DbConnectionPoolIdentity identity, SqlConnectionString connectionOptions, SqlCredential credential, Object providerInfo, String newPassword, SecureString newSecurePassword, Boolean redirectedUserInstance, SqlConnectionString userConnectionOptions, SessionData reconnectSessionData, Boolean applyTransientFaultHandling, String accessToken, IDbConnectionPool pool, Func`3 accessTokenCallback)
   at Microsoft.Data.SqlClient.SqlConnectionFactory.CreateConnection(DbConnectionOptions options, DbConnectionPoolKey poolKey, DbConnectionPoolGroupProviderInfo poolGroupProviderInfo, IDbConnectionPool pool, DbConnection owningConnection, DbConnectionOptions userOptions)
   at Microsoft.Data.ProviderBase.DbConnectionFactory.CreatePooledConnection(IDbConnectionPool pool, DbConnection owningObject, DbConnectionOptions options, DbConnectionPoolKey poolKey, DbConnectionOptions userOptions)
   at Microsoft.Data.SqlClient.ConnectionPool.WaitHandleDbConnectionPool.CreateObject(DbConnection owningObject, DbConnectionOptions userOptions, DbConnectionInternal oldConnection)
   at Microsoft.Data.SqlClient.ConnectionPool.WaitHandleDbConnectionPool.UserCreateRequest(DbConnection owningObject, DbConnectionOptions userOptions, DbConnectionInternal oldConnection)
   at Microsoft.Data.SqlClient.ConnectionPool.WaitHandleDbConnectionPool.TryGetConnection(DbConnection owningObject, UInt32 waitForMultipleObjectsTimeout, Boolean allowCreate, Boolean onlyOneCheckConnection, DbConnectionOptions userOptions, DbConnectionInternal& connection)
   at Microsoft.Data.SqlClient.ConnectionPool.WaitHandleDbConnectionPool.WaitForPendingOpen()
--- End of stack trace from previous location ---
   at Microsoft.EntityFrameworkCore.Storage.RelationalConnection.OpenInternalAsync(Boolean errorsExpected, CancellationToken cancellationToken)
   at Microsoft.EntityFrameworkCore.Storage.RelationalConnection.OpenInternalAsync(Boolean errorsExpected, CancellationToken cancellationToken)
   at Microsoft.EntityFrameworkCore.Storage.RelationalConnection.OpenAsync(CancellationToken cancellationToken, Boolean errorsExpected)
   at Microsoft.EntityFrameworkCore.Storage.RelationalCommand.ExecuteReaderAsync(RelationalCommandParameterObject parameterObject, CancellationToken cancellationToken)
   at Microsoft.EntityFrameworkCore.Query.Internal.SingleQueryingEnumerable`1.AsyncEnumerator.InitializeReaderAsync(AsyncEnumerator enumerator, CancellationToken cancellationToken)
   at Microsoft.EntityFrameworkCore.SqlServer.Storage.Internal.SqlServerExecutionStrategy.ExecuteAsync[TState,TResult](TState state, Func`4 operation, Func`4 verifySucceeded, CancellationToken cancellationToken)
   at Microsoft.EntityFrameworkCore.Query.Internal.SingleQueryingEnumerable`1.AsyncEnumerator.MoveNextAsync()
ClientConnectionId:126e2191-303f-4458-a0b0-1836edc8a45b
Error Number:-2,State:0,Class:11
2026-07-22 00:06:26.885 +05:30 [ERR] Exception occurred while processing POST /api/auth/login
Microsoft.Data.SqlClient.SqlException (0x80131904): Connection Timeout Expired.  The timeout period elapsed while attempting to consume the pre-login handshake acknowledgement.  This could be because the pre-login handshake failed or the server was unable to respond back in time.  The duration spent while attempting to connect to this server was - [Pre-Login] initialization=16569; handshake=8; 
 ---> System.ComponentModel.Win32Exception (258): The wait operation timed out.
   at Microsoft.Data.SqlClient.SqlInternalConnection.OnError(SqlException exception, Boolean breakConnection, Action`1 wrapCloseInAction)
   at Microsoft.Data.SqlClient.TdsParser.ThrowExceptionAndWarning(TdsParserStateObject stateObj, SqlCommand command, Boolean callerHasConnectionLock, Boolean asyncClose)
   at Microsoft.Data.SqlClient.TdsParserStateObject.ThrowExceptionAndWarning(Boolean callerHasConnectionLock, Boolean asyncClose)
   at Microsoft.Data.SqlClient.TdsParserStateObject.ReadSniError(TdsParserStateObject stateObj, UInt32 error)
   at Microsoft.Data.SqlClient.TdsParserStateObject.ReadSniSyncOverAsync()
   at Microsoft.Data.SqlClient.TdsParserStateObject.TryReadNetworkPacket()
   at Microsoft.Data.SqlClient.TdsParser.ConsumePreLoginHandshake(SqlConnectionEncryptOption encrypt, Boolean trustServerCert, Boolean integratedSecurity, Boolean& marsCapable, Boolean& fedAuthRequired, Boolean tlsFirst, String serverCertificateFilename)
   at Microsoft.Data.SqlClient.TdsParser.Connect(ServerInfo serverInfo, SqlInternalConnectionTds connHandler, TimeoutTimer timeout, SqlConnectionString connectionOptions, Boolean withFailover)
   at Microsoft.Data.SqlClient.SqlInternalConnectionTds.AttemptOneLogin(ServerInfo serverInfo, String newPassword, SecureString newSecurePassword, TimeoutTimer timeout, Boolean withFailover)
   at Microsoft.Data.SqlClient.SqlInternalConnectionTds.LoginNoFailover(ServerInfo serverInfo, String newPassword, SecureString newSecurePassword, Boolean redirectedUserInstance, SqlConnectionString connectionOptions, SqlCredential credential, TimeoutTimer timeout)
   at Microsoft.Data.SqlClient.SqlInternalConnectionTds.OpenLoginEnlist(TimeoutTimer timeout, SqlConnectionString connectionOptions, SqlCredential credential, String newPassword, SecureString newSecurePassword, Boolean redirectedUserInstance)
   at Microsoft.Data.SqlClient.SqlInternalConnectionTds..ctor(DbConnectionPoolIdentity identity, SqlConnectionString connectionOptions, SqlCredential credential, Object providerInfo, String newPassword, SecureString newSecurePassword, Boolean redirectedUserInstance, SqlConnectionString userConnectionOptions, SessionData reconnectSessionData, Boolean applyTransientFaultHandling, String accessToken, IDbConnectionPool pool, Func`3 accessTokenCallback)
   at Microsoft.Data.SqlClient.SqlConnectionFactory.CreateConnection(DbConnectionOptions options, DbConnectionPoolKey poolKey, DbConnectionPoolGroupProviderInfo poolGroupProviderInfo, IDbConnectionPool pool, DbConnection owningConnection, DbConnectionOptions userOptions)
   at Microsoft.Data.ProviderBase.DbConnectionFactory.CreatePooledConnection(IDbConnectionPool pool, DbConnection owningObject, DbConnectionOptions options, DbConnectionPoolKey poolKey, DbConnectionOptions userOptions)
   at Microsoft.Data.SqlClient.ConnectionPool.WaitHandleDbConnectionPool.CreateObject(DbConnection owningObject, DbConnectionOptions userOptions, DbConnectionInternal oldConnection)
   at Microsoft.Data.SqlClient.ConnectionPool.WaitHandleDbConnectionPool.UserCreateRequest(DbConnection owningObject, DbConnectionOptions userOptions, DbConnectionInternal oldConnection)
   at Microsoft.Data.SqlClient.ConnectionPool.WaitHandleDbConnectionPool.TryGetConnection(DbConnection owningObject, UInt32 waitForMultipleObjectsTimeout, Boolean allowCreate, Boolean onlyOneCheckConnection, DbConnectionOptions userOptions, DbConnectionInternal& connection)
   at Microsoft.Data.SqlClient.ConnectionPool.WaitHandleDbConnectionPool.WaitForPendingOpen()
--- End of stack trace from previous location ---
   at Microsoft.EntityFrameworkCore.Storage.RelationalConnection.OpenInternalAsync(Boolean errorsExpected, CancellationToken cancellationToken)
   at Microsoft.EntityFrameworkCore.Storage.RelationalConnection.OpenInternalAsync(Boolean errorsExpected, CancellationToken cancellationToken)
   at Microsoft.EntityFrameworkCore.Storage.RelationalConnection.OpenAsync(CancellationToken cancellationToken, Boolean errorsExpected)
   at Microsoft.EntityFrameworkCore.Storage.RelationalCommand.ExecuteReaderAsync(RelationalCommandParameterObject parameterObject, CancellationToken cancellationToken)
   at Microsoft.EntityFrameworkCore.Query.Internal.SingleQueryingEnumerable`1.AsyncEnumerator.InitializeReaderAsync(AsyncEnumerator enumerator, CancellationToken cancellationToken)
   at Microsoft.EntityFrameworkCore.SqlServer.Storage.Internal.SqlServerExecutionStrategy.ExecuteAsync[TState,TResult](TState state, Func`4 operation, Func`4 verifySucceeded, CancellationToken cancellationToken)
   at Microsoft.EntityFrameworkCore.Query.Internal.SingleQueryingEnumerable`1.AsyncEnumerator.MoveNextAsync()
   at Microsoft.EntityFrameworkCore.Query.ShapedQueryCompilingExpressionVisitor.SingleOrDefaultAsync[TSource](IAsyncEnumerable`1 asyncEnumerable, CancellationToken cancellationToken)
   at Microsoft.EntityFrameworkCore.Query.ShapedQueryCompilingExpressionVisitor.SingleOrDefaultAsync[TSource](IAsyncEnumerable`1 asyncEnumerable, CancellationToken cancellationToken)
   at Microsoft.AspNetCore.Identity.UserManager`1.FindByEmailAsync(String email)
   at HealthCare.Api.Services.Implementations.AuthService.LoginAsync(LoginDto dto) in C:\Users\310508\source\repos\UST-Live-01\HealthCare\HealthCare.Api\Services\Implementations\AuthService.cs:line 101
   at HealthCare.Api.Controllers.AuthController.Login(LoginDto dto) in C:\Users\310508\source\repos\UST-Live-01\HealthCare\HealthCare.Api\Controllers\AuthController.cs:line 43
   at Microsoft.AspNetCore.Mvc.Infrastructure.ActionMethodExecutor.TaskOfIActionResultExecutor.Execute(ActionContext actionContext, IActionResultTypeMapper mapper, ObjectMethodExecutor executor, Object controller, Object[] arguments)
   at Microsoft.AspNetCore.Mvc.Infrastructure.ControllerActionInvoker.<InvokeActionMethodAsync>g__Awaited|12_0(ControllerActionInvoker invoker, ValueTask`1 actionResultValueTask)
   at Microsoft.AspNetCore.Mvc.Infrastructure.ControllerActionInvoker.<InvokeNextActionFilterAsync>g__Awaited|10_0(ControllerActionInvoker invoker, Task lastTask, State next, Scope scope, Object state, Boolean isCompleted)
   at Microsoft.AspNetCore.Mvc.Infrastructure.ControllerActionInvoker.Rethrow(ActionExecutedContextSealed context)
   at Microsoft.AspNetCore.Mvc.Infrastructure.ControllerActionInvoker.Next(State& next, Scope& scope, Object& state, Boolean& isCompleted)
   at Microsoft.AspNetCore.Mvc.Infrastructure.ControllerActionInvoker.<InvokeInnerFilterAsync>g__Awaited|13_0(ControllerActionInvoker invoker, Task lastTask, State next, Scope scope, Object state, Boolean isCompleted)
   at Microsoft.AspNetCore.Mvc.Infrastructure.ResourceInvoker.<InvokeFilterPipelineAsync>g__Awaited|20_0(ResourceInvoker invoker, Task lastTask, State next, Scope scope, Object state, Boolean isCompleted)
   at Microsoft.AspNetCore.Mvc.Infrastructure.ResourceInvoker.<InvokeAsync>g__Awaited|17_0(ResourceInvoker invoker, Task task, IDisposable scope)
   at Microsoft.AspNetCore.Mvc.Infrastructure.ResourceInvoker.<InvokeAsync>g__Awaited|17_0(ResourceInvoker invoker, Task task, IDisposable scope)
   at Microsoft.AspNetCore.Authorization.AuthorizationMiddleware.Invoke(HttpContext context)
   at Microsoft.AspNetCore.Authentication.AuthenticationMiddleware.Invoke(HttpContext context)
   at Swashbuckle.AspNetCore.SwaggerUI.SwaggerUIMiddleware.Invoke(HttpContext httpContext)
   at Swashbuckle.AspNetCore.Swagger.SwaggerMiddleware.Invoke(HttpContext httpContext, ISwaggerProvider swaggerProvider)
   at Microsoft.AspNetCore.Diagnostics.ExceptionHandlerMiddlewareImpl.<Invoke>g__Awaited|10_0(ExceptionHandlerMiddlewareImpl middleware, HttpContext context, Task task)
ClientConnectionId:126e2191-303f-4458-a0b0-1836edc8a45b
Error Number:-2,State:0,Class:11
2026-07-22 00:06:26.934 +05:30 [ERR] HTTP POST /api/auth/login responded 500 in 16754.1011 ms
2026-07-22 00:07:37.531 +05:30 [INF] HTTP OPTIONS /api/auth/login responded 204 in 0.1385 ms
2026-07-22 00:07:38.061 +05:30 [INF] HTTP POST /api/auth/login responded 200 in 519.4141 ms
2026-07-22 00:07:38.093 +05:30 [INF] HTTP OPTIONS /api/appointments/patient/upcoming responded 204 in 0.1312 ms
2026-07-22 00:07:38.096 +05:30 [INF] HTTP OPTIONS /api/records/my-records responded 204 in 0.1059 ms
2026-07-22 00:07:38.127 +05:30 [INF] Appointments fetched by patient. PatientId: 15, Count: 6
2026-07-22 00:07:38.129 +05:30 [INF] HTTP GET /api/appointments/patient/upcoming responded 200 in 29.4804 ms
2026-07-22 00:07:38.138 +05:30 [INF] HTTP GET /api/records/my-records responded 200 in 11.3205 ms
2026-07-22 00:07:40.729 +05:30 [INF] HTTP OPTIONS /api/patients/profile responded 204 in 0.0995 ms
2026-07-22 00:07:40.743 +05:30 [INF] HTTP GET /api/patients/profile responded 200 in 7.9222 ms
2026-07-22 00:07:47.937 +05:30 [INF] HTTP OPTIONS /api/appointments/patient/upcoming responded 204 in 0.0905 ms
2026-07-22 00:07:47.959 +05:30 [INF] Appointments fetched by patient. PatientId: 15, Count: 6
2026-07-22 00:07:47.961 +05:30 [INF] HTTP GET /api/appointments/patient/upcoming responded 200 in 5.4220 ms
2026-07-22 00:07:49.679 +05:30 [INF] HTTP OPTIONS /api/records/my-records responded 204 in 0.0908 ms
2026-07-22 00:07:49.691 +05:30 [INF] HTTP GET /api/records/my-records responded 200 in 3.0161 ms
2026-07-22 00:07:52.011 +05:30 [INF] Appointments fetched by patient. PatientId: 15, Count: 6
2026-07-22 00:07:52.021 +05:30 [INF] HTTP GET /api/appointments/patient/upcoming responded 200 in 14.1875 ms
2026-07-22 00:08:08.018 +05:30 [INF] HTTP OPTIONS /api/patients/profile responded 204 in 0.0963 ms
2026-07-22 00:08:08.038 +05:30 [INF] HTTP GET /api/patients/profile responded 200 in 3.9234 ms
2026-07-22 00:08:15.322 +05:30 [INF] HTTP OPTIONS /api/patients/profile responded 204 in 0.0818 ms
2026-07-22 00:08:15.441 +05:30 [INF] HTTP PUT /api/patients/profile responded 200 in 114.9165 ms
2026-07-22 00:08:17.588 +05:30 [INF] HTTP GET /api/patients/profile responded 200 in 3.1205 ms
2026-07-22 00:08:24.488 +05:30 [INF] HTTP OPTIONS /api/patients/profile responded 204 in 0.0958 ms
2026-07-22 00:08:24.505 +05:30 [INF] HTTP PUT /api/patients/profile responded 200 in 8.7454 ms
2026-07-22 00:08:26.210 +05:30 [INF] HTTP GET /api/patients/profile responded 200 in 3.2307 ms
2026-07-22 00:08:52.660 +05:30 [INF] HTTP OPTIONS /api/auth/login responded 204 in 0.9968 ms
2026-07-22 00:08:52.792 +05:30 [INF] HTTP POST /api/auth/login responded 200 in 118.4330 ms
2026-07-22 00:08:54.550 +05:30 [INF] HTTP OPTIONS /api/admin/doctors responded 204 in 0.0627 ms
2026-07-22 00:08:54.563 +05:30 [INF] HTTP GET /api/admin/doctors responded 200 in 8.4846 ms
2026-07-22 00:08:54.606 +05:30 [INF] HTTP OPTIONS /api/admin/doctors responded 204 in 0.0567 ms
2026-07-22 00:08:54.617 +05:30 [INF] HTTP GET /api/admin/doctors responded 200 in 7.5169 ms
2026-07-22 00:08:54.628 +05:30 [INF] HTTP OPTIONS /api/admin/patients responded 204 in 0.0583 ms
2026-07-22 00:08:54.639 +05:30 [INF] HTTP GET /api/admin/patients responded 200 in 6.6173 ms
2026-07-22 00:08:54.660 +05:30 [INF] HTTP OPTIONS /api/admin/appointments/dashboard-summary responded 204 in 0.0694 ms
2026-07-22 00:08:54.675 +05:30 [INF] Dashboard appointment summary fetched successfully.
2026-07-22 00:08:54.677 +05:30 [INF] HTTP GET /api/admin/appointments/dashboard-summary responded 200 in 11.4558 ms
2026-07-22 00:08:57.570 +05:30 [INF] HTTP OPTIONS /api/admin/patients responded 204 in 0.0597 ms
2026-07-22 00:08:57.577 +05:30 [INF] HTTP GET /api/admin/patients responded 200 in 3.6390 ms
2026-07-22 00:08:58.956 +05:30 [INF] HTTP OPTIONS /api/admin/doctors responded 204 in 0.0634 ms
2026-07-22 00:08:58.966 +05:30 [INF] HTTP GET /api/admin/doctors responded 200 in 5.4103 ms
2026-07-22 00:09:00.265 +05:30 [INF] HTTP OPTIONS /api/admin/appointments/report responded 204 in 0.0638 ms
2026-07-22 00:09:00.290 +05:30 [INF] Appointment report fetched. FromDate: "2026-07-16", ToDate: "2026-07-22", Count: 2
2026-07-22 00:09:00.292 +05:30 [INF] HTTP GET /api/admin/appointments/report responded 200 in 21.9981 ms
2026-07-22 00:09:13.891 +05:30 [INF] HTTP OPTIONS /api/admin/doctors responded 204 in 0.1312 ms
2026-07-22 00:09:13.902 +05:30 [INF] HTTP GET /api/admin/doctors responded 200 in 3.7830 ms
2026-07-22 00:10:07.791 +05:30 [INF] HTTP GET /api/admin/doctors responded 401 in 0.8178 ms
2026-07-22 00:10:41.980 +05:30 [INF] HTTP GET /api/admin/doctors responded 401 in 0.2275 ms
2026-07-22 00:11:42.233 +05:30 [INF] HTTP OPTIONS /api/auth/login responded 204 in 0.1147 ms
2026-07-22 00:11:42.359 +05:30 [INF] HTTP POST /api/auth/login responded 200 in 116.8294 ms
2026-07-22 00:11:44.138 +05:30 [INF] HTTP OPTIONS /api/admin/doctors responded 204 in 0.0597 ms
2026-07-22 00:11:44.144 +05:30 [INF] HTTP GET /api/admin/doctors responded 200 in 3.2698 ms
2026-07-22 00:11:44.184 +05:30 [INF] HTTP OPTIONS /api/admin/doctors responded 204 in 0.0673 ms
2026-07-22 00:11:44.190 +05:30 [INF] HTTP GET /api/admin/doctors responded 200 in 2.6532 ms
2026-07-22 00:11:44.200 +05:30 [INF] HTTP OPTIONS /api/admin/patients responded 204 in 0.0535 ms
2026-07-22 00:11:44.207 +05:30 [INF] HTTP GET /api/admin/patients responded 200 in 2.3289 ms
2026-07-22 00:11:44.225 +05:30 [INF] HTTP OPTIONS /api/admin/appointments/dashboard-summary responded 204 in 0.0433 ms
2026-07-22 00:11:44.229 +05:30 [INF] Dashboard appointment summary fetched successfully.
2026-07-22 00:11:44.230 +05:30 [INF] HTTP GET /api/admin/appointments/dashboard-summary responded 200 in 2.2624 ms
2026-07-22 00:11:49.974 +05:30 [INF] HTTP OPTIONS /api/admin/doctors responded 204 in 0.0564 ms
2026-07-22 00:11:49.981 +05:30 [INF] HTTP GET /api/admin/doctors responded 200 in 3.3815 ms
2026-07-22 00:11:50.024 +05:30 [INF] HTTP OPTIONS /api/admin/doctors responded 204 in 0.0445 ms
2026-07-22 00:11:50.031 +05:30 [INF] HTTP GET /api/admin/doctors responded 200 in 3.0768 ms
2026-07-22 00:11:50.041 +05:30 [INF] HTTP OPTIONS /api/admin/patients responded 204 in 0.0577 ms
2026-07-22 00:11:50.047 +05:30 [INF] HTTP GET /api/admin/patients responded 200 in 1.9126 ms
2026-07-22 00:11:50.065 +05:30 [INF] HTTP OPTIONS /api/admin/appointments/dashboard-summary responded 204 in 0.0372 ms
2026-07-22 00:11:50.070 +05:30 [INF] Dashboard appointment summary fetched successfully.
2026-07-22 00:11:50.071 +05:30 [INF] HTTP GET /api/admin/appointments/dashboard-summary responded 200 in 2.4735 ms
2026-07-22 00:15:50.092 +05:30 [INF] HTTP OPTIONS /api/admin/doctors responded 204 in 0.0836 ms
2026-07-22 00:15:50.104 +05:30 [INF] HTTP GET /api/admin/doctors responded 200 in 6.6536 ms
2026-07-22 00:18:05.098 +05:30 [INF] HTTP OPTIONS /api/admin/appointments/report responded 204 in 0.0580 ms
2026-07-22 00:18:05.106 +05:30 [INF] Appointment report fetched. FromDate: "2026-07-16", ToDate: "2026-07-22", Count: 2
2026-07-22 00:18:05.110 +05:30 [INF] HTTP GET /api/admin/appointments/report responded 200 in 6.9020 ms
2026-07-22 01:16:01.997 +05:30 [INF] HTTP OPTIONS /api/admin/patients responded 204 in 1.5901 ms
2026-07-22 01:16:02.045 +05:30 [INF] HTTP GET /api/admin/patients responded 401 in 31.1088 ms
2026-07-22 01:16:17.564 +05:30 [INF] HTTP OPTIONS /api/admin/doctors responded 204 in 0.0636 ms
2026-07-22 01:16:17.571 +05:30 [INF] HTTP GET /api/admin/doctors responded 401 in 0.8046 ms
2026-07-22 01:16:22.152 +05:30 [INF] HTTP OPTIONS /api/admin/appointments/report responded 204 in 0.5916 ms
2026-07-22 01:16:22.158 +05:30 [INF] HTTP GET /api/admin/appointments/report responded 401 in 2.0990 ms
2026-07-22 01:16:26.832 +05:30 [INF] HTTP OPTIONS /api/admin/patients responded 204 in 0.0553 ms
2026-07-22 01:16:26.838 +05:30 [INF] HTTP GET /api/admin/patients responded 401 in 0.3739 ms
2026-07-22 01:16:35.978 +05:30 [INF] HTTP OPTIONS /api/admin/patients responded 204 in 0.0504 ms
2026-07-22 01:16:35.983 +05:30 [INF] HTTP GET /api/admin/patients responded 401 in 0.3084 ms
2026-07-22 01:18:29.768 +05:30 [INF] HTTP OPTIONS /api/auth/login responded 204 in 2.8762 ms
2026-07-22 01:18:50.995 +05:30 [ERR] An error occurred using the connection to database 'HealthCareDb' on server '(localdb)\MSSQLLocalDB'.
2026-07-22 01:18:51.078 +05:30 [ERR] An exception occurred while iterating over the results of a query for context type 'HealthCare.Api.Data.HealthCareDbContext'.
Microsoft.Data.SqlClient.SqlException (0x80131904): Connection Timeout Expired.  The timeout period elapsed while attempting to consume the pre-login handshake acknowledgement.  This could be because the pre-login handshake failed or the server was unable to respond back in time.  The duration spent while attempting to connect to this server was - [Pre-Login] initialization=21061; handshake=3; 
 ---> System.ComponentModel.Win32Exception (258): The wait operation timed out.
   at Microsoft.Data.SqlClient.SqlInternalConnection.OnError(SqlException exception, Boolean breakConnection, Action`1 wrapCloseInAction)
   at Microsoft.Data.SqlClient.TdsParser.ThrowExceptionAndWarning(TdsParserStateObject stateObj, SqlCommand command, Boolean callerHasConnectionLock, Boolean asyncClose)
   at Microsoft.Data.SqlClient.TdsParserStateObject.ThrowExceptionAndWarning(Boolean callerHasConnectionLock, Boolean asyncClose)
   at Microsoft.Data.SqlClient.TdsParserStateObject.ReadSniError(TdsParserStateObject stateObj, UInt32 error)
   at Microsoft.Data.SqlClient.TdsParserStateObject.ReadSniSyncOverAsync()
   at Microsoft.Data.SqlClient.TdsParserStateObject.TryReadNetworkPacket()
   at Microsoft.Data.SqlClient.TdsParser.ConsumePreLoginHandshake(SqlConnectionEncryptOption encrypt, Boolean trustServerCert, Boolean integratedSecurity, Boolean& marsCapable, Boolean& fedAuthRequired, Boolean tlsFirst, String serverCertificateFilename)
   at Microsoft.Data.SqlClient.TdsParser.Connect(ServerInfo serverInfo, SqlInternalConnectionTds connHandler, TimeoutTimer timeout, SqlConnectionString connectionOptions, Boolean withFailover)
   at Microsoft.Data.SqlClient.SqlInternalConnectionTds.AttemptOneLogin(ServerInfo serverInfo, String newPassword, SecureString newSecurePassword, TimeoutTimer timeout, Boolean withFailover)
   at Microsoft.Data.SqlClient.SqlInternalConnectionTds.LoginNoFailover(ServerInfo serverInfo, String newPassword, SecureString newSecurePassword, Boolean redirectedUserInstance, SqlConnectionString connectionOptions, SqlCredential credential, TimeoutTimer timeout)
   at Microsoft.Data.SqlClient.SqlInternalConnectionTds.OpenLoginEnlist(TimeoutTimer timeout, SqlConnectionString connectionOptions, SqlCredential credential, String newPassword, SecureString newSecurePassword, Boolean redirectedUserInstance)
   at Microsoft.Data.SqlClient.SqlInternalConnectionTds..ctor(DbConnectionPoolIdentity identity, SqlConnectionString connectionOptions, SqlCredential credential, Object providerInfo, String newPassword, SecureString newSecurePassword, Boolean redirectedUserInstance, SqlConnectionString userConnectionOptions, SessionData reconnectSessionData, Boolean applyTransientFaultHandling, String accessToken, IDbConnectionPool pool, Func`3 accessTokenCallback)
   at Microsoft.Data.SqlClient.SqlConnectionFactory.CreateConnection(DbConnectionOptions options, DbConnectionPoolKey poolKey, DbConnectionPoolGroupProviderInfo poolGroupProviderInfo, IDbConnectionPool pool, DbConnection owningConnection, DbConnectionOptions userOptions)
   at Microsoft.Data.ProviderBase.DbConnectionFactory.CreatePooledConnection(IDbConnectionPool pool, DbConnection owningObject, DbConnectionOptions options, DbConnectionPoolKey poolKey, DbConnectionOptions userOptions)
   at Microsoft.Data.SqlClient.ConnectionPool.WaitHandleDbConnectionPool.CreateObject(DbConnection owningObject, DbConnectionOptions userOptions, DbConnectionInternal oldConnection)
   at Microsoft.Data.SqlClient.ConnectionPool.WaitHandleDbConnectionPool.UserCreateRequest(DbConnection owningObject, DbConnectionOptions userOptions, DbConnectionInternal oldConnection)
   at Microsoft.Data.SqlClient.ConnectionPool.WaitHandleDbConnectionPool.TryGetConnection(DbConnection owningObject, UInt32 waitForMultipleObjectsTimeout, Boolean allowCreate, Boolean onlyOneCheckConnection, DbConnectionOptions userOptions, DbConnectionInternal& connection)
   at Microsoft.Data.SqlClient.ConnectionPool.WaitHandleDbConnectionPool.WaitForPendingOpen()
--- End of stack trace from previous location ---
   at Microsoft.EntityFrameworkCore.Storage.RelationalConnection.OpenInternalAsync(Boolean errorsExpected, CancellationToken cancellationToken)
   at Microsoft.EntityFrameworkCore.Storage.RelationalConnection.OpenInternalAsync(Boolean errorsExpected, CancellationToken cancellationToken)
   at Microsoft.EntityFrameworkCore.Storage.RelationalConnection.OpenAsync(CancellationToken cancellationToken, Boolean errorsExpected)
   at Microsoft.EntityFrameworkCore.Storage.RelationalCommand.ExecuteReaderAsync(RelationalCommandParameterObject parameterObject, CancellationToken cancellationToken)
   at Microsoft.EntityFrameworkCore.Query.Internal.SingleQueryingEnumerable`1.AsyncEnumerator.InitializeReaderAsync(AsyncEnumerator enumerator, CancellationToken cancellationToken)
   at Microsoft.EntityFrameworkCore.SqlServer.Storage.Internal.SqlServerExecutionStrategy.ExecuteAsync[TState,TResult](TState state, Func`4 operation, Func`4 verifySucceeded, CancellationToken cancellationToken)
   at Microsoft.EntityFrameworkCore.Query.Internal.SingleQueryingEnumerable`1.AsyncEnumerator.MoveNextAsync()
ClientConnectionId:46cd0c1f-650a-4f48-9af5-532a166e6b29
Error Number:-2,State:0,Class:11
Microsoft.Data.SqlClient.SqlException (0x80131904): Connection Timeout Expired.  The timeout period elapsed while attempting to consume the pre-login handshake acknowledgement.  This could be because the pre-login handshake failed or the server was unable to respond back in time.  The duration spent while attempting to connect to this server was - [Pre-Login] initialization=21061; handshake=3; 
 ---> System.ComponentModel.Win32Exception (258): The wait operation timed out.
   at Microsoft.Data.SqlClient.SqlInternalConnection.OnError(SqlException exception, Boolean breakConnection, Action`1 wrapCloseInAction)
   at Microsoft.Data.SqlClient.TdsParser.ThrowExceptionAndWarning(TdsParserStateObject stateObj, SqlCommand command, Boolean callerHasConnectionLock, Boolean asyncClose)
   at Microsoft.Data.SqlClient.TdsParserStateObject.ThrowExceptionAndWarning(Boolean callerHasConnectionLock, Boolean asyncClose)
   at Microsoft.Data.SqlClient.TdsParserStateObject.ReadSniError(TdsParserStateObject stateObj, UInt32 error)
   at Microsoft.Data.SqlClient.TdsParserStateObject.ReadSniSyncOverAsync()
   at Microsoft.Data.SqlClient.TdsParserStateObject.TryReadNetworkPacket()
   at Microsoft.Data.SqlClient.TdsParser.ConsumePreLoginHandshake(SqlConnectionEncryptOption encrypt, Boolean trustServerCert, Boolean integratedSecurity, Boolean& marsCapable, Boolean& fedAuthRequired, Boolean tlsFirst, String serverCertificateFilename)
   at Microsoft.Data.SqlClient.TdsParser.Connect(ServerInfo serverInfo, SqlInternalConnectionTds connHandler, TimeoutTimer timeout, SqlConnectionString connectionOptions, Boolean withFailover)
   at Microsoft.Data.SqlClient.SqlInternalConnectionTds.AttemptOneLogin(ServerInfo serverInfo, String newPassword, SecureString newSecurePassword, TimeoutTimer timeout, Boolean withFailover)
   at Microsoft.Data.SqlClient.SqlInternalConnectionTds.LoginNoFailover(ServerInfo serverInfo, String newPassword, SecureString newSecurePassword, Boolean redirectedUserInstance, SqlConnectionString connectionOptions, SqlCredential credential, TimeoutTimer timeout)
   at Microsoft.Data.SqlClient.SqlInternalConnectionTds.OpenLoginEnlist(TimeoutTimer timeout, SqlConnectionString connectionOptions, SqlCredential credential, String newPassword, SecureString newSecurePassword, Boolean redirectedUserInstance)
   at Microsoft.Data.SqlClient.SqlInternalConnectionTds..ctor(DbConnectionPoolIdentity identity, SqlConnectionString connectionOptions, SqlCredential credential, Object providerInfo, String newPassword, SecureString newSecurePassword, Boolean redirectedUserInstance, SqlConnectionString userConnectionOptions, SessionData reconnectSessionData, Boolean applyTransientFaultHandling, String accessToken, IDbConnectionPool pool, Func`3 accessTokenCallback)
   at Microsoft.Data.SqlClient.SqlConnectionFactory.CreateConnection(DbConnectionOptions options, DbConnectionPoolKey poolKey, DbConnectionPoolGroupProviderInfo poolGroupProviderInfo, IDbConnectionPool pool, DbConnection owningConnection, DbConnectionOptions userOptions)
   at Microsoft.Data.ProviderBase.DbConnectionFactory.CreatePooledConnection(IDbConnectionPool pool, DbConnection owningObject, DbConnectionOptions options, DbConnectionPoolKey poolKey, DbConnectionOptions userOptions)
   at Microsoft.Data.SqlClient.ConnectionPool.WaitHandleDbConnectionPool.CreateObject(DbConnection owningObject, DbConnectionOptions userOptions, DbConnectionInternal oldConnection)
   at Microsoft.Data.SqlClient.ConnectionPool.WaitHandleDbConnectionPool.UserCreateRequest(DbConnection owningObject, DbConnectionOptions userOptions, DbConnectionInternal oldConnection)
   at Microsoft.Data.SqlClient.ConnectionPool.WaitHandleDbConnectionPool.TryGetConnection(DbConnection owningObject, UInt32 waitForMultipleObjectsTimeout, Boolean allowCreate, Boolean onlyOneCheckConnection, DbConnectionOptions userOptions, DbConnectionInternal& connection)
   at Microsoft.Data.SqlClient.ConnectionPool.WaitHandleDbConnectionPool.WaitForPendingOpen()
--- End of stack trace from previous location ---
   at Microsoft.EntityFrameworkCore.Storage.RelationalConnection.OpenInternalAsync(Boolean errorsExpected, CancellationToken cancellationToken)
   at Microsoft.EntityFrameworkCore.Storage.RelationalConnection.OpenInternalAsync(Boolean errorsExpected, CancellationToken cancellationToken)
   at Microsoft.EntityFrameworkCore.Storage.RelationalConnection.OpenAsync(CancellationToken cancellationToken, Boolean errorsExpected)
   at Microsoft.EntityFrameworkCore.Storage.RelationalCommand.ExecuteReaderAsync(RelationalCommandParameterObject parameterObject, CancellationToken cancellationToken)
   at Microsoft.EntityFrameworkCore.Query.Internal.SingleQueryingEnumerable`1.AsyncEnumerator.InitializeReaderAsync(AsyncEnumerator enumerator, CancellationToken cancellationToken)
   at Microsoft.EntityFrameworkCore.SqlServer.Storage.Internal.SqlServerExecutionStrategy.ExecuteAsync[TState,TResult](TState state, Func`4 operation, Func`4 verifySucceeded, CancellationToken cancellationToken)
   at Microsoft.EntityFrameworkCore.Query.Internal.SingleQueryingEnumerable`1.AsyncEnumerator.MoveNextAsync()
ClientConnectionId:46cd0c1f-650a-4f48-9af5-532a166e6b29
Error Number:-2,State:0,Class:11
2026-07-22 01:18:51.149 +05:30 [ERR] Exception occurred while processing POST /api/auth/login
Microsoft.Data.SqlClient.SqlException (0x80131904): Connection Timeout Expired.  The timeout period elapsed while attempting to consume the pre-login handshake acknowledgement.  This could be because the pre-login handshake failed or the server was unable to respond back in time.  The duration spent while attempting to connect to this server was - [Pre-Login] initialization=21061; handshake=3; 
 ---> System.ComponentModel.Win32Exception (258): The wait operation timed out.
   at Microsoft.Data.SqlClient.SqlInternalConnection.OnError(SqlException exception, Boolean breakConnection, Action`1 wrapCloseInAction)
   at Microsoft.Data.SqlClient.TdsParser.ThrowExceptionAndWarning(TdsParserStateObject stateObj, SqlCommand command, Boolean callerHasConnectionLock, Boolean asyncClose)
   at Microsoft.Data.SqlClient.TdsParserStateObject.ThrowExceptionAndWarning(Boolean callerHasConnectionLock, Boolean asyncClose)
   at Microsoft.Data.SqlClient.TdsParserStateObject.ReadSniError(TdsParserStateObject stateObj, UInt32 error)
   at Microsoft.Data.SqlClient.TdsParserStateObject.ReadSniSyncOverAsync()
   at Microsoft.Data.SqlClient.TdsParserStateObject.TryReadNetworkPacket()
   at Microsoft.Data.SqlClient.TdsParser.ConsumePreLoginHandshake(SqlConnectionEncryptOption encrypt, Boolean trustServerCert, Boolean integratedSecurity, Boolean& marsCapable, Boolean& fedAuthRequired, Boolean tlsFirst, String serverCertificateFilename)
   at Microsoft.Data.SqlClient.TdsParser.Connect(ServerInfo serverInfo, SqlInternalConnectionTds connHandler, TimeoutTimer timeout, SqlConnectionString connectionOptions, Boolean withFailover)
   at Microsoft.Data.SqlClient.SqlInternalConnectionTds.AttemptOneLogin(ServerInfo serverInfo, String newPassword, SecureString newSecurePassword, TimeoutTimer timeout, Boolean withFailover)
   at Microsoft.Data.SqlClient.SqlInternalConnectionTds.LoginNoFailover(ServerInfo serverInfo, String newPassword, SecureString newSecurePassword, Boolean redirectedUserInstance, SqlConnectionString connectionOptions, SqlCredential credential, TimeoutTimer timeout)
   at Microsoft.Data.SqlClient.SqlInternalConnectionTds.OpenLoginEnlist(TimeoutTimer timeout, SqlConnectionString connectionOptions, SqlCredential credential, String newPassword, SecureString newSecurePassword, Boolean redirectedUserInstance)
   at Microsoft.Data.SqlClient.SqlInternalConnectionTds..ctor(DbConnectionPoolIdentity identity, SqlConnectionString connectionOptions, SqlCredential credential, Object providerInfo, String newPassword, SecureString newSecurePassword, Boolean redirectedUserInstance, SqlConnectionString userConnectionOptions, SessionData reconnectSessionData, Boolean applyTransientFaultHandling, String accessToken, IDbConnectionPool pool, Func`3 accessTokenCallback)
   at Microsoft.Data.SqlClient.SqlConnectionFactory.CreateConnection(DbConnectionOptions options, DbConnectionPoolKey poolKey, DbConnectionPoolGroupProviderInfo poolGroupProviderInfo, IDbConnectionPool pool, DbConnection owningConnection, DbConnectionOptions userOptions)
   at Microsoft.Data.ProviderBase.DbConnectionFactory.CreatePooledConnection(IDbConnectionPool pool, DbConnection owningObject, DbConnectionOptions options, DbConnectionPoolKey poolKey, DbConnectionOptions userOptions)
   at Microsoft.Data.SqlClient.ConnectionPool.WaitHandleDbConnectionPool.CreateObject(DbConnection owningObject, DbConnectionOptions userOptions, DbConnectionInternal oldConnection)
   at Microsoft.Data.SqlClient.ConnectionPool.WaitHandleDbConnectionPool.UserCreateRequest(DbConnection owningObject, DbConnectionOptions userOptions, DbConnectionInternal oldConnection)
   at Microsoft.Data.SqlClient.ConnectionPool.WaitHandleDbConnectionPool.TryGetConnection(DbConnection owningObject, UInt32 waitForMultipleObjectsTimeout, Boolean allowCreate, Boolean onlyOneCheckConnection, DbConnectionOptions userOptions, DbConnectionInternal& connection)
   at Microsoft.Data.SqlClient.ConnectionPool.WaitHandleDbConnectionPool.WaitForPendingOpen()
--- End of stack trace from previous location ---
   at Microsoft.EntityFrameworkCore.Storage.RelationalConnection.OpenInternalAsync(Boolean errorsExpected, CancellationToken cancellationToken)
   at Microsoft.EntityFrameworkCore.Storage.RelationalConnection.OpenInternalAsync(Boolean errorsExpected, CancellationToken cancellationToken)
   at Microsoft.EntityFrameworkCore.Storage.RelationalConnection.OpenAsync(CancellationToken cancellationToken, Boolean errorsExpected)
   at Microsoft.EntityFrameworkCore.Storage.RelationalCommand.ExecuteReaderAsync(RelationalCommandParameterObject parameterObject, CancellationToken cancellationToken)
   at Microsoft.EntityFrameworkCore.Query.Internal.SingleQueryingEnumerable`1.AsyncEnumerator.InitializeReaderAsync(AsyncEnumerator enumerator, CancellationToken cancellationToken)
   at Microsoft.EntityFrameworkCore.SqlServer.Storage.Internal.SqlServerExecutionStrategy.ExecuteAsync[TState,TResult](TState state, Func`4 operation, Func`4 verifySucceeded, CancellationToken cancellationToken)
   at Microsoft.EntityFrameworkCore.Query.Internal.SingleQueryingEnumerable`1.AsyncEnumerator.MoveNextAsync()
   at Microsoft.EntityFrameworkCore.Query.ShapedQueryCompilingExpressionVisitor.SingleOrDefaultAsync[TSource](IAsyncEnumerable`1 asyncEnumerable, CancellationToken cancellationToken)
   at Microsoft.EntityFrameworkCore.Query.ShapedQueryCompilingExpressionVisitor.SingleOrDefaultAsync[TSource](IAsyncEnumerable`1 asyncEnumerable, CancellationToken cancellationToken)
   at Microsoft.AspNetCore.Identity.UserManager`1.FindByEmailAsync(String email)
   at HealthCare.Api.Services.Implementations.AuthService.LoginAsync(LoginDto dto) in C:\Users\310508\source\repos\UST-Live-01\HealthCare\HealthCare.Api\Services\Implementations\AuthService.cs:line 101
   at HealthCare.Api.Controllers.AuthController.Login(LoginDto dto) in C:\Users\310508\source\repos\UST-Live-01\HealthCare\HealthCare.Api\Controllers\AuthController.cs:line 43
   at Microsoft.AspNetCore.Mvc.Infrastructure.ActionMethodExecutor.TaskOfIActionResultExecutor.Execute(ActionContext actionContext, IActionResultTypeMapper mapper, ObjectMethodExecutor executor, Object controller, Object[] arguments)
   at Microsoft.AspNetCore.Mvc.Infrastructure.ControllerActionInvoker.<InvokeActionMethodAsync>g__Awaited|12_0(ControllerActionInvoker invoker, ValueTask`1 actionResultValueTask)
   at Microsoft.AspNetCore.Mvc.Infrastructure.ControllerActionInvoker.<InvokeNextActionFilterAsync>g__Awaited|10_0(ControllerActionInvoker invoker, Task lastTask, State next, Scope scope, Object state, Boolean isCompleted)
   at Microsoft.AspNetCore.Mvc.Infrastructure.ControllerActionInvoker.Rethrow(ActionExecutedContextSealed context)
   at Microsoft.AspNetCore.Mvc.Infrastructure.ControllerActionInvoker.Next(State& next, Scope& scope, Object& state, Boolean& isCompleted)
   at Microsoft.AspNetCore.Mvc.Infrastructure.ControllerActionInvoker.<InvokeInnerFilterAsync>g__Awaited|13_0(ControllerActionInvoker invoker, Task lastTask, State next, Scope scope, Object state, Boolean isCompleted)
   at Microsoft.AspNetCore.Mvc.Infrastructure.ResourceInvoker.<InvokeFilterPipelineAsync>g__Awaited|20_0(ResourceInvoker invoker, Task lastTask, State next, Scope scope, Object state, Boolean isCompleted)
   at Microsoft.AspNetCore.Mvc.Infrastructure.ResourceInvoker.<InvokeAsync>g__Awaited|17_0(ResourceInvoker invoker, Task task, IDisposable scope)
   at Microsoft.AspNetCore.Mvc.Infrastructure.ResourceInvoker.<InvokeAsync>g__Awaited|17_0(ResourceInvoker invoker, Task task, IDisposable scope)
   at Microsoft.AspNetCore.Authorization.AuthorizationMiddleware.Invoke(HttpContext context)
   at Microsoft.AspNetCore.Authentication.AuthenticationMiddleware.Invoke(HttpContext context)
   at Swashbuckle.AspNetCore.SwaggerUI.SwaggerUIMiddleware.Invoke(HttpContext httpContext)
   at Swashbuckle.AspNetCore.Swagger.SwaggerMiddleware.Invoke(HttpContext httpContext, ISwaggerProvider swaggerProvider)
   at Microsoft.AspNetCore.Diagnostics.ExceptionHandlerMiddlewareImpl.<Invoke>g__Awaited|10_0(ExceptionHandlerMiddlewareImpl middleware, HttpContext context, Task task)
ClientConnectionId:46cd0c1f-650a-4f48-9af5-532a166e6b29
Error Number:-2,State:0,Class:11
2026-07-22 01:18:51.280 +05:30 [ERR] HTTP POST /api/auth/login responded 500 in 21494.5141 ms
2026-07-22 01:19:55.759 +05:30 [INF] HTTP OPTIONS /api/auth/login responded 204 in 0.2128 ms
2026-07-22 01:19:56.990 +05:30 [INF] HTTP POST /api/auth/login responded 200 in 1213.9086 ms
2026-07-22 01:19:57.038 +05:30 [INF] HTTP OPTIONS /api/appointments/patient/upcoming responded 204 in 0.1676 ms
2026-07-22 01:19:57.039 +05:30 [INF] HTTP OPTIONS /api/records/my-records responded 204 in 0.0974 ms
2026-07-22 01:19:57.082 +05:30 [INF] HTTP GET /api/records/my-records responded 200 in 30.2047 ms
2026-07-22 01:19:57.622 +05:30 [INF] Appointments fetched by patient. PatientId: 15, Count: 6
2026-07-22 01:19:57.626 +05:30 [INF] HTTP GET /api/appointments/patient/upcoming responded 200 in 579.6516 ms
2026-07-22 01:20:49.478 +05:30 [INF] HTTP OPTIONS /api/patients/profile responded 204 in 1.4746 ms
2026-07-22 01:20:49.511 +05:30 [INF] HTTP GET /api/patients/profile responded 200 in 22.1329 ms
2026-07-22 01:20:52.050 +05:30 [INF] HTTP GET /api/patients/profile responded 200 in 4.4875 ms
2026-07-22 01:21:22.423 +05:30 [INF] HTTP OPTIONS /api/patients/profile responded 204 in 0.0811 ms
2026-07-22 01:21:22.452 +05:30 [INF] HTTP GET /api/patients/profile responded 200 in 19.5023 ms
2026-07-22 01:21:36.437 +05:30 [INF] HTTP OPTIONS /api/patients/profile responded 204 in 0.9046 ms
2026-07-22 01:21:36.457 +05:30 [INF] HTTP GET /api/patients/profile responded 200 in 8.7512 ms
2026-07-22 01:37:39.679 +05:30 [INF] HTTP OPTIONS /api/patients/profile responded 204 in 0.3110 ms
2026-07-22 01:37:39.690 +05:30 [INF] HTTP PUT /api/patients/profile responded 401 in 1.1661 ms
2026-07-22 01:39:46.963 +05:30 [INF] HTTP OPTIONS /api/doctors/available responded 204 in 0.2366 ms
2026-07-22 01:39:46.975 +05:30 [INF] HTTP GET /api/doctors/available responded 401 in 1.1369 ms
2026-07-22 01:39:51.779 +05:30 [INF] HTTP OPTIONS /api/doctors/available responded 204 in 0.0623 ms
2026-07-22 01:39:51.789 +05:30 [INF] HTTP GET /api/doctors/available responded 401 in 1.7541 ms
2026-07-22 01:40:35.710 +05:30 [INF] HTTP OPTIONS /api/records/my-records responded 204 in 0.2222 ms
2026-07-22 01:40:35.725 +05:30 [INF] HTTP GET /api/records/my-records responded 401 in 2.9755 ms
2026-07-22 01:40:37.194 +05:30 [INF] HTTP OPTIONS /api/appointments/patient/upcoming responded 204 in 0.0929 ms
2026-07-22 01:40:37.204 +05:30 [INF] HTTP GET /api/appointments/patient/upcoming responded 401 in 0.6754 ms
2026-07-22 01:40:38.876 +05:30 [INF] HTTP GET /api/records/my-records responded 401 in 1.0858 ms
2026-07-22 01:40:38.876 +05:30 [INF] HTTP GET /api/appointments/patient/upcoming responded 401 in 1.6096 ms
2026-07-22 01:40:40.447 +05:30 [INF] HTTP OPTIONS /api/patients/profile responded 204 in 0.0750 ms
2026-07-22 01:40:40.460 +05:30 [INF] HTTP GET /api/patients/profile responded 401 in 1.1168 ms
2026-07-22 02:04:53.687 +05:30 [INF] HTTP OPTIONS /api/auth/login responded 204 in 0.2045 ms
2026-07-22 02:05:10.965 +05:30 [ERR] An error occurred using the connection to database 'HealthCareDb' on server '(localdb)\MSSQLLocalDB'.
2026-07-22 02:05:10.978 +05:30 [ERR] An exception occurred while iterating over the results of a query for context type 'HealthCare.Api.Data.HealthCareDbContext'.
Microsoft.Data.SqlClient.SqlException (0x80131904): Connection Timeout Expired.  The timeout period elapsed while attempting to consume the pre-login handshake acknowledgement.  This could be because the pre-login handshake failed or the server was unable to respond back in time.  The duration spent while attempting to connect to this server was - [Pre-Login] initialization=17210; handshake=0; 
 ---> System.ComponentModel.Win32Exception (258): The wait operation timed out.
   at Microsoft.Data.SqlClient.SqlInternalConnection.OnError(SqlException exception, Boolean breakConnection, Action`1 wrapCloseInAction)
   at Microsoft.Data.SqlClient.TdsParser.ThrowExceptionAndWarning(TdsParserStateObject stateObj, SqlCommand command, Boolean callerHasConnectionLock, Boolean asyncClose)
   at Microsoft.Data.SqlClient.TdsParserStateObject.ThrowExceptionAndWarning(Boolean callerHasConnectionLock, Boolean asyncClose)
   at Microsoft.Data.SqlClient.TdsParserStateObject.ReadSniError(TdsParserStateObject stateObj, UInt32 error)
   at Microsoft.Data.SqlClient.TdsParserStateObject.ReadSniSyncOverAsync()
   at Microsoft.Data.SqlClient.TdsParserStateObject.TryReadNetworkPacket()
   at Microsoft.Data.SqlClient.TdsParser.ConsumePreLoginHandshake(SqlConnectionEncryptOption encrypt, Boolean trustServerCert, Boolean integratedSecurity, Boolean& marsCapable, Boolean& fedAuthRequired, Boolean tlsFirst, String serverCertificateFilename)
   at Microsoft.Data.SqlClient.TdsParser.Connect(ServerInfo serverInfo, SqlInternalConnectionTds connHandler, TimeoutTimer timeout, SqlConnectionString connectionOptions, Boolean withFailover)
   at Microsoft.Data.SqlClient.SqlInternalConnectionTds.AttemptOneLogin(ServerInfo serverInfo, String newPassword, SecureString newSecurePassword, TimeoutTimer timeout, Boolean withFailover)
   at Microsoft.Data.SqlClient.SqlInternalConnectionTds.LoginNoFailover(ServerInfo serverInfo, String newPassword, SecureString newSecurePassword, Boolean redirectedUserInstance, SqlConnectionString connectionOptions, SqlCredential credential, TimeoutTimer timeout)
   at Microsoft.Data.SqlClient.SqlInternalConnectionTds.OpenLoginEnlist(TimeoutTimer timeout, SqlConnectionString connectionOptions, SqlCredential credential, String newPassword, SecureString newSecurePassword, Boolean redirectedUserInstance)
   at Microsoft.Data.SqlClient.SqlInternalConnectionTds..ctor(DbConnectionPoolIdentity identity, SqlConnectionString connectionOptions, SqlCredential credential, Object providerInfo, String newPassword, SecureString newSecurePassword, Boolean redirectedUserInstance, SqlConnectionString userConnectionOptions, SessionData reconnectSessionData, Boolean applyTransientFaultHandling, String accessToken, IDbConnectionPool pool, Func`3 accessTokenCallback)
   at Microsoft.Data.SqlClient.SqlConnectionFactory.CreateConnection(DbConnectionOptions options, DbConnectionPoolKey poolKey, DbConnectionPoolGroupProviderInfo poolGroupProviderInfo, IDbConnectionPool pool, DbConnection owningConnection, DbConnectionOptions userOptions)
   at Microsoft.Data.ProviderBase.DbConnectionFactory.CreatePooledConnection(IDbConnectionPool pool, DbConnection owningObject, DbConnectionOptions options, DbConnectionPoolKey poolKey, DbConnectionOptions userOptions)
   at Microsoft.Data.SqlClient.ConnectionPool.WaitHandleDbConnectionPool.CreateObject(DbConnection owningObject, DbConnectionOptions userOptions, DbConnectionInternal oldConnection)
   at Microsoft.Data.SqlClient.ConnectionPool.WaitHandleDbConnectionPool.UserCreateRequest(DbConnection owningObject, DbConnectionOptions userOptions, DbConnectionInternal oldConnection)
   at Microsoft.Data.SqlClient.ConnectionPool.WaitHandleDbConnectionPool.TryGetConnection(DbConnection owningObject, UInt32 waitForMultipleObjectsTimeout, Boolean allowCreate, Boolean onlyOneCheckConnection, DbConnectionOptions userOptions, DbConnectionInternal& connection)
   at Microsoft.Data.SqlClient.ConnectionPool.WaitHandleDbConnectionPool.WaitForPendingOpen()
--- End of stack trace from previous location ---
   at Microsoft.EntityFrameworkCore.Storage.RelationalConnection.OpenInternalAsync(Boolean errorsExpected, CancellationToken cancellationToken)
   at Microsoft.EntityFrameworkCore.Storage.RelationalConnection.OpenInternalAsync(Boolean errorsExpected, CancellationToken cancellationToken)
   at Microsoft.EntityFrameworkCore.Storage.RelationalConnection.OpenAsync(CancellationToken cancellationToken, Boolean errorsExpected)
   at Microsoft.EntityFrameworkCore.Storage.RelationalCommand.ExecuteReaderAsync(RelationalCommandParameterObject parameterObject, CancellationToken cancellationToken)
   at Microsoft.EntityFrameworkCore.Query.Internal.SingleQueryingEnumerable`1.AsyncEnumerator.InitializeReaderAsync(AsyncEnumerator enumerator, CancellationToken cancellationToken)
   at Microsoft.EntityFrameworkCore.SqlServer.Storage.Internal.SqlServerExecutionStrategy.ExecuteAsync[TState,TResult](TState state, Func`4 operation, Func`4 verifySucceeded, CancellationToken cancellationToken)
   at Microsoft.EntityFrameworkCore.Query.Internal.SingleQueryingEnumerable`1.AsyncEnumerator.MoveNextAsync()
ClientConnectionId:7d9cf811-262f-4729-8d87-f5c3d8da36f0
Error Number:-2,State:0,Class:11
Microsoft.Data.SqlClient.SqlException (0x80131904): Connection Timeout Expired.  The timeout period elapsed while attempting to consume the pre-login handshake acknowledgement.  This could be because the pre-login handshake failed or the server was unable to respond back in time.  The duration spent while attempting to connect to this server was - [Pre-Login] initialization=17210; handshake=0; 
 ---> System.ComponentModel.Win32Exception (258): The wait operation timed out.
   at Microsoft.Data.SqlClient.SqlInternalConnection.OnError(SqlException exception, Boolean breakConnection, Action`1 wrapCloseInAction)
   at Microsoft.Data.SqlClient.TdsParser.ThrowExceptionAndWarning(TdsParserStateObject stateObj, SqlCommand command, Boolean callerHasConnectionLock, Boolean asyncClose)
   at Microsoft.Data.SqlClient.TdsParserStateObject.ThrowExceptionAndWarning(Boolean callerHasConnectionLock, Boolean asyncClose)
   at Microsoft.Data.SqlClient.TdsParserStateObject.ReadSniError(TdsParserStateObject stateObj, UInt32 error)
   at Microsoft.Data.SqlClient.TdsParserStateObject.ReadSniSyncOverAsync()
   at Microsoft.Data.SqlClient.TdsParserStateObject.TryReadNetworkPacket()
   at Microsoft.Data.SqlClient.TdsParser.ConsumePreLoginHandshake(SqlConnectionEncryptOption encrypt, Boolean trustServerCert, Boolean integratedSecurity, Boolean& marsCapable, Boolean& fedAuthRequired, Boolean tlsFirst, String serverCertificateFilename)
   at Microsoft.Data.SqlClient.TdsParser.Connect(ServerInfo serverInfo, SqlInternalConnectionTds connHandler, TimeoutTimer timeout, SqlConnectionString connectionOptions, Boolean withFailover)
   at Microsoft.Data.SqlClient.SqlInternalConnectionTds.AttemptOneLogin(ServerInfo serverInfo, String newPassword, SecureString newSecurePassword, TimeoutTimer timeout, Boolean withFailover)
   at Microsoft.Data.SqlClient.SqlInternalConnectionTds.LoginNoFailover(ServerInfo serverInfo, String newPassword, SecureString newSecurePassword, Boolean redirectedUserInstance, SqlConnectionString connectionOptions, SqlCredential credential, TimeoutTimer timeout)
   at Microsoft.Data.SqlClient.SqlInternalConnectionTds.OpenLoginEnlist(TimeoutTimer timeout, SqlConnectionString connectionOptions, SqlCredential credential, String newPassword, SecureString newSecurePassword, Boolean redirectedUserInstance)
   at Microsoft.Data.SqlClient.SqlInternalConnectionTds..ctor(DbConnectionPoolIdentity identity, SqlConnectionString connectionOptions, SqlCredential credential, Object providerInfo, String newPassword, SecureString newSecurePassword, Boolean redirectedUserInstance, SqlConnectionString userConnectionOptions, SessionData reconnectSessionData, Boolean applyTransientFaultHandling, String accessToken, IDbConnectionPool pool, Func`3 accessTokenCallback)
   at Microsoft.Data.SqlClient.SqlConnectionFactory.CreateConnection(DbConnectionOptions options, DbConnectionPoolKey poolKey, DbConnectionPoolGroupProviderInfo poolGroupProviderInfo, IDbConnectionPool pool, DbConnection owningConnection, DbConnectionOptions userOptions)
   at Microsoft.Data.ProviderBase.DbConnectionFactory.CreatePooledConnection(IDbConnectionPool pool, DbConnection owningObject, DbConnectionOptions options, DbConnectionPoolKey poolKey, DbConnectionOptions userOptions)
   at Microsoft.Data.SqlClient.ConnectionPool.WaitHandleDbConnectionPool.CreateObject(DbConnection owningObject, DbConnectionOptions userOptions, DbConnectionInternal oldConnection)
   at Microsoft.Data.SqlClient.ConnectionPool.WaitHandleDbConnectionPool.UserCreateRequest(DbConnection owningObject, DbConnectionOptions userOptions, DbConnectionInternal oldConnection)
   at Microsoft.Data.SqlClient.ConnectionPool.WaitHandleDbConnectionPool.TryGetConnection(DbConnection owningObject, UInt32 waitForMultipleObjectsTimeout, Boolean allowCreate, Boolean onlyOneCheckConnection, DbConnectionOptions userOptions, DbConnectionInternal& connection)
   at Microsoft.Data.SqlClient.ConnectionPool.WaitHandleDbConnectionPool.WaitForPendingOpen()
--- End of stack trace from previous location ---
   at Microsoft.EntityFrameworkCore.Storage.RelationalConnection.OpenInternalAsync(Boolean errorsExpected, CancellationToken cancellationToken)
   at Microsoft.EntityFrameworkCore.Storage.RelationalConnection.OpenInternalAsync(Boolean errorsExpected, CancellationToken cancellationToken)
   at Microsoft.EntityFrameworkCore.Storage.RelationalConnection.OpenAsync(CancellationToken cancellationToken, Boolean errorsExpected)
   at Microsoft.EntityFrameworkCore.Storage.RelationalCommand.ExecuteReaderAsync(RelationalCommandParameterObject parameterObject, CancellationToken cancellationToken)
   at Microsoft.EntityFrameworkCore.Query.Internal.SingleQueryingEnumerable`1.AsyncEnumerator.InitializeReaderAsync(AsyncEnumerator enumerator, CancellationToken cancellationToken)
   at Microsoft.EntityFrameworkCore.SqlServer.Storage.Internal.SqlServerExecutionStrategy.ExecuteAsync[TState,TResult](TState state, Func`4 operation, Func`4 verifySucceeded, CancellationToken cancellationToken)
   at Microsoft.EntityFrameworkCore.Query.Internal.SingleQueryingEnumerable`1.AsyncEnumerator.MoveNextAsync()
ClientConnectionId:7d9cf811-262f-4729-8d87-f5c3d8da36f0
Error Number:-2,State:0,Class:11
2026-07-22 02:05:11.023 +05:30 [ERR] Exception occurred while processing POST /api/auth/login
Microsoft.Data.SqlClient.SqlException (0x80131904): Connection Timeout Expired.  The timeout period elapsed while attempting to consume the pre-login handshake acknowledgement.  This could be because the pre-login handshake failed or the server was unable to respond back in time.  The duration spent while attempting to connect to this server was - [Pre-Login] initialization=17210; handshake=0; 
 ---> System.ComponentModel.Win32Exception (258): The wait operation timed out.
   at Microsoft.Data.SqlClient.SqlInternalConnection.OnError(SqlException exception, Boolean breakConnection, Action`1 wrapCloseInAction)
   at Microsoft.Data.SqlClient.TdsParser.ThrowExceptionAndWarning(TdsParserStateObject stateObj, SqlCommand command, Boolean callerHasConnectionLock, Boolean asyncClose)
   at Microsoft.Data.SqlClient.TdsParserStateObject.ThrowExceptionAndWarning(Boolean callerHasConnectionLock, Boolean asyncClose)
   at Microsoft.Data.SqlClient.TdsParserStateObject.ReadSniError(TdsParserStateObject stateObj, UInt32 error)
   at Microsoft.Data.SqlClient.TdsParserStateObject.ReadSniSyncOverAsync()
   at Microsoft.Data.SqlClient.TdsParserStateObject.TryReadNetworkPacket()
   at Microsoft.Data.SqlClient.TdsParser.ConsumePreLoginHandshake(SqlConnectionEncryptOption encrypt, Boolean trustServerCert, Boolean integratedSecurity, Boolean& marsCapable, Boolean& fedAuthRequired, Boolean tlsFirst, String serverCertificateFilename)
   at Microsoft.Data.SqlClient.TdsParser.Connect(ServerInfo serverInfo, SqlInternalConnectionTds connHandler, TimeoutTimer timeout, SqlConnectionString connectionOptions, Boolean withFailover)
   at Microsoft.Data.SqlClient.SqlInternalConnectionTds.AttemptOneLogin(ServerInfo serverInfo, String newPassword, SecureString newSecurePassword, TimeoutTimer timeout, Boolean withFailover)
   at Microsoft.Data.SqlClient.SqlInternalConnectionTds.LoginNoFailover(ServerInfo serverInfo, String newPassword, SecureString newSecurePassword, Boolean redirectedUserInstance, SqlConnectionString connectionOptions, SqlCredential credential, TimeoutTimer timeout)
   at Microsoft.Data.SqlClient.SqlInternalConnectionTds.OpenLoginEnlist(TimeoutTimer timeout, SqlConnectionString connectionOptions, SqlCredential credential, String newPassword, SecureString newSecurePassword, Boolean redirectedUserInstance)
   at Microsoft.Data.SqlClient.SqlInternalConnectionTds..ctor(DbConnectionPoolIdentity identity, SqlConnectionString connectionOptions, SqlCredential credential, Object providerInfo, String newPassword, SecureString newSecurePassword, Boolean redirectedUserInstance, SqlConnectionString userConnectionOptions, SessionData reconnectSessionData, Boolean applyTransientFaultHandling, String accessToken, IDbConnectionPool pool, Func`3 accessTokenCallback)
   at Microsoft.Data.SqlClient.SqlConnectionFactory.CreateConnection(DbConnectionOptions options, DbConnectionPoolKey poolKey, DbConnectionPoolGroupProviderInfo poolGroupProviderInfo, IDbConnectionPool pool, DbConnection owningConnection, DbConnectionOptions userOptions)
   at Microsoft.Data.ProviderBase.DbConnectionFactory.CreatePooledConnection(IDbConnectionPool pool, DbConnection owningObject, DbConnectionOptions options, DbConnectionPoolKey poolKey, DbConnectionOptions userOptions)
   at Microsoft.Data.SqlClient.ConnectionPool.WaitHandleDbConnectionPool.CreateObject(DbConnection owningObject, DbConnectionOptions userOptions, DbConnectionInternal oldConnection)
   at Microsoft.Data.SqlClient.ConnectionPool.WaitHandleDbConnectionPool.UserCreateRequest(DbConnection owningObject, DbConnectionOptions userOptions, DbConnectionInternal oldConnection)
   at Microsoft.Data.SqlClient.ConnectionPool.WaitHandleDbConnectionPool.TryGetConnection(DbConnection owningObject, UInt32 waitForMultipleObjectsTimeout, Boolean allowCreate, Boolean onlyOneCheckConnection, DbConnectionOptions userOptions, DbConnectionInternal& connection)
   at Microsoft.Data.SqlClient.ConnectionPool.WaitHandleDbConnectionPool.WaitForPendingOpen()
--- End of stack trace from previous location ---
   at Microsoft.EntityFrameworkCore.Storage.RelationalConnection.OpenInternalAsync(Boolean errorsExpected, CancellationToken cancellationToken)
   at Microsoft.EntityFrameworkCore.Storage.RelationalConnection.OpenInternalAsync(Boolean errorsExpected, CancellationToken cancellationToken)
   at Microsoft.EntityFrameworkCore.Storage.RelationalConnection.OpenAsync(CancellationToken cancellationToken, Boolean errorsExpected)
   at Microsoft.EntityFrameworkCore.Storage.RelationalCommand.ExecuteReaderAsync(RelationalCommandParameterObject parameterObject, CancellationToken cancellationToken)
   at Microsoft.EntityFrameworkCore.Query.Internal.SingleQueryingEnumerable`1.AsyncEnumerator.InitializeReaderAsync(AsyncEnumerator enumerator, CancellationToken cancellationToken)
   at Microsoft.EntityFrameworkCore.SqlServer.Storage.Internal.SqlServerExecutionStrategy.ExecuteAsync[TState,TResult](TState state, Func`4 operation, Func`4 verifySucceeded, CancellationToken cancellationToken)
   at Microsoft.EntityFrameworkCore.Query.Internal.SingleQueryingEnumerable`1.AsyncEnumerator.MoveNextAsync()
   at Microsoft.EntityFrameworkCore.Query.ShapedQueryCompilingExpressionVisitor.SingleOrDefaultAsync[TSource](IAsyncEnumerable`1 asyncEnumerable, CancellationToken cancellationToken)
   at Microsoft.EntityFrameworkCore.Query.ShapedQueryCompilingExpressionVisitor.SingleOrDefaultAsync[TSource](IAsyncEnumerable`1 asyncEnumerable, CancellationToken cancellationToken)
   at Microsoft.AspNetCore.Identity.UserManager`1.FindByEmailAsync(String email)
   at HealthCare.Api.Services.Implementations.AuthService.LoginAsync(LoginDto dto) in C:\Users\310508\source\repos\UST-Live-01\HealthCare\HealthCare.Api\Services\Implementations\AuthService.cs:line 101
   at HealthCare.Api.Controllers.AuthController.Login(LoginDto dto) in C:\Users\310508\source\repos\UST-Live-01\HealthCare\HealthCare.Api\Controllers\AuthController.cs:line 43
   at Microsoft.AspNetCore.Mvc.Infrastructure.ActionMethodExecutor.TaskOfIActionResultExecutor.Execute(ActionContext actionContext, IActionResultTypeMapper mapper, ObjectMethodExecutor executor, Object controller, Object[] arguments)
   at Microsoft.AspNetCore.Mvc.Infrastructure.ControllerActionInvoker.<InvokeActionMethodAsync>g__Awaited|12_0(ControllerActionInvoker invoker, ValueTask`1 actionResultValueTask)
   at Microsoft.AspNetCore.Mvc.Infrastructure.ControllerActionInvoker.<InvokeNextActionFilterAsync>g__Awaited|10_0(ControllerActionInvoker invoker, Task lastTask, State next, Scope scope, Object state, Boolean isCompleted)
   at Microsoft.AspNetCore.Mvc.Infrastructure.ControllerActionInvoker.Rethrow(ActionExecutedContextSealed context)
   at Microsoft.AspNetCore.Mvc.Infrastructure.ControllerActionInvoker.Next(State& next, Scope& scope, Object& state, Boolean& isCompleted)
   at Microsoft.AspNetCore.Mvc.Infrastructure.ControllerActionInvoker.<InvokeInnerFilterAsync>g__Awaited|13_0(ControllerActionInvoker invoker, Task lastTask, State next, Scope scope, Object state, Boolean isCompleted)
   at Microsoft.AspNetCore.Mvc.Infrastructure.ResourceInvoker.<InvokeFilterPipelineAsync>g__Awaited|20_0(ResourceInvoker invoker, Task lastTask, State next, Scope scope, Object state, Boolean isCompleted)
   at Microsoft.AspNetCore.Mvc.Infrastructure.ResourceInvoker.<InvokeAsync>g__Awaited|17_0(ResourceInvoker invoker, Task task, IDisposable scope)
   at Microsoft.AspNetCore.Mvc.Infrastructure.ResourceInvoker.<InvokeAsync>g__Awaited|17_0(ResourceInvoker invoker, Task task, IDisposable scope)
   at Microsoft.AspNetCore.Authorization.AuthorizationMiddleware.Invoke(HttpContext context)
   at Microsoft.AspNetCore.Authentication.AuthenticationMiddleware.Invoke(HttpContext context)
   at Swashbuckle.AspNetCore.SwaggerUI.SwaggerUIMiddleware.Invoke(HttpContext httpContext)
   at Swashbuckle.AspNetCore.Swagger.SwaggerMiddleware.Invoke(HttpContext httpContext, ISwaggerProvider swaggerProvider)
   at Microsoft.AspNetCore.Diagnostics.ExceptionHandlerMiddlewareImpl.<Invoke>g__Awaited|10_0(ExceptionHandlerMiddlewareImpl middleware, HttpContext context, Task task)
ClientConnectionId:7d9cf811-262f-4729-8d87-f5c3d8da36f0
Error Number:-2,State:0,Class:11
2026-07-22 02:05:11.101 +05:30 [ERR] An exception was thrown attempting to execute the error handler.
System.OperationCanceledException: The operation was canceled.
   at System.Threading.CancellationToken.ThrowOperationCanceledException()
   at Microsoft.AspNetCore.Server.Kestrel.Core.Internal.Http.HttpResponsePipeWriter.FlushAsync(CancellationToken cancellationToken)
   at System.Text.Json.Serialization.Metadata.JsonTypeInfo`1.SerializeAsync(PipeWriter pipeWriter, T rootValue, Int32 flushThreshold, CancellationToken cancellationToken, Object rootValueBoxed)
   at System.Text.Json.Serialization.Metadata.JsonTypeInfo`1.SerializeAsync(PipeWriter pipeWriter, T rootValue, Int32 flushThreshold, CancellationToken cancellationToken, Object rootValueBoxed)
   at System.Text.Json.Serialization.Metadata.JsonTypeInfo`1.SerializeAsync(PipeWriter pipeWriter, T rootValue, Int32 flushThreshold, CancellationToken cancellationToken, Object rootValueBoxed)
   at HealthCare.Api.Middleware.GlobalExceptionHandler.TryHandleAsync(HttpContext httpContext, Exception exception, CancellationToken cancellationToken) in C:\Users\310508\source\repos\UST-Live-01\HealthCare\HealthCare.Api\Middleware\GlobalExceptionHandler.cs:line 54
   at Microsoft.AspNetCore.Diagnostics.ExceptionHandlerMiddlewareImpl.HandleException(HttpContext context, ExceptionDispatchInfo edi)
2026-07-22 02:05:11.138 +05:30 [ERR] An unhandled exception has occurred while executing the request.
Microsoft.Data.SqlClient.SqlException (0x80131904): Connection Timeout Expired.  The timeout period elapsed while attempting to consume the pre-login handshake acknowledgement.  This could be because the pre-login handshake failed or the server was unable to respond back in time.  The duration spent while attempting to connect to this server was - [Pre-Login] initialization=17210; handshake=0; 
 ---> System.ComponentModel.Win32Exception (258): The wait operation timed out.
   at Microsoft.Data.SqlClient.SqlInternalConnection.OnError(SqlException exception, Boolean breakConnection, Action`1 wrapCloseInAction)
   at Microsoft.Data.SqlClient.TdsParser.ThrowExceptionAndWarning(TdsParserStateObject stateObj, SqlCommand command, Boolean callerHasConnectionLock, Boolean asyncClose)
   at Microsoft.Data.SqlClient.TdsParserStateObject.ThrowExceptionAndWarning(Boolean callerHasConnectionLock, Boolean asyncClose)
   at Microsoft.Data.SqlClient.TdsParserStateObject.ReadSniError(TdsParserStateObject stateObj, UInt32 error)
   at Microsoft.Data.SqlClient.TdsParserStateObject.ReadSniSyncOverAsync()
   at Microsoft.Data.SqlClient.TdsParserStateObject.TryReadNetworkPacket()
   at Microsoft.Data.SqlClient.TdsParser.ConsumePreLoginHandshake(SqlConnectionEncryptOption encrypt, Boolean trustServerCert, Boolean integratedSecurity, Boolean& marsCapable, Boolean& fedAuthRequired, Boolean tlsFirst, String serverCertificateFilename)
   at Microsoft.Data.SqlClient.TdsParser.Connect(ServerInfo serverInfo, SqlInternalConnectionTds connHandler, TimeoutTimer timeout, SqlConnectionString connectionOptions, Boolean withFailover)
   at Microsoft.Data.SqlClient.SqlInternalConnectionTds.AttemptOneLogin(ServerInfo serverInfo, String newPassword, SecureString newSecurePassword, TimeoutTimer timeout, Boolean withFailover)
   at Microsoft.Data.SqlClient.SqlInternalConnectionTds.LoginNoFailover(ServerInfo serverInfo, String newPassword, SecureString newSecurePassword, Boolean redirectedUserInstance, SqlConnectionString connectionOptions, SqlCredential credential, TimeoutTimer timeout)
   at Microsoft.Data.SqlClient.SqlInternalConnectionTds.OpenLoginEnlist(TimeoutTimer timeout, SqlConnectionString connectionOptions, SqlCredential credential, String newPassword, SecureString newSecurePassword, Boolean redirectedUserInstance)
   at Microsoft.Data.SqlClient.SqlInternalConnectionTds..ctor(DbConnectionPoolIdentity identity, SqlConnectionString connectionOptions, SqlCredential credential, Object providerInfo, String newPassword, SecureString newSecurePassword, Boolean redirectedUserInstance, SqlConnectionString userConnectionOptions, SessionData reconnectSessionData, Boolean applyTransientFaultHandling, String accessToken, IDbConnectionPool pool, Func`3 accessTokenCallback)
   at Microsoft.Data.SqlClient.SqlConnectionFactory.CreateConnection(DbConnectionOptions options, DbConnectionPoolKey poolKey, DbConnectionPoolGroupProviderInfo poolGroupProviderInfo, IDbConnectionPool pool, DbConnection owningConnection, DbConnectionOptions userOptions)
   at Microsoft.Data.ProviderBase.DbConnectionFactory.CreatePooledConnection(IDbConnectionPool pool, DbConnection owningObject, DbConnectionOptions options, DbConnectionPoolKey poolKey, DbConnectionOptions userOptions)
   at Microsoft.Data.SqlClient.ConnectionPool.WaitHandleDbConnectionPool.CreateObject(DbConnection owningObject, DbConnectionOptions userOptions, DbConnectionInternal oldConnection)
   at Microsoft.Data.SqlClient.ConnectionPool.WaitHandleDbConnectionPool.UserCreateRequest(DbConnection owningObject, DbConnectionOptions userOptions, DbConnectionInternal oldConnection)
   at Microsoft.Data.SqlClient.ConnectionPool.WaitHandleDbConnectionPool.TryGetConnection(DbConnection owningObject, UInt32 waitForMultipleObjectsTimeout, Boolean allowCreate, Boolean onlyOneCheckConnection, DbConnectionOptions userOptions, DbConnectionInternal& connection)
   at Microsoft.Data.SqlClient.ConnectionPool.WaitHandleDbConnectionPool.WaitForPendingOpen()
--- End of stack trace from previous location ---
   at Microsoft.EntityFrameworkCore.Storage.RelationalConnection.OpenInternalAsync(Boolean errorsExpected, CancellationToken cancellationToken)
   at Microsoft.EntityFrameworkCore.Storage.RelationalConnection.OpenInternalAsync(Boolean errorsExpected, CancellationToken cancellationToken)
   at Microsoft.EntityFrameworkCore.Storage.RelationalConnection.OpenAsync(CancellationToken cancellationToken, Boolean errorsExpected)
   at Microsoft.EntityFrameworkCore.Storage.RelationalCommand.ExecuteReaderAsync(RelationalCommandParameterObject parameterObject, CancellationToken cancellationToken)
   at Microsoft.EntityFrameworkCore.Query.Internal.SingleQueryingEnumerable`1.AsyncEnumerator.InitializeReaderAsync(AsyncEnumerator enumerator, CancellationToken cancellationToken)
   at Microsoft.EntityFrameworkCore.SqlServer.Storage.Internal.SqlServerExecutionStrategy.ExecuteAsync[TState,TResult](TState state, Func`4 operation, Func`4 verifySucceeded, CancellationToken cancellationToken)
   at Microsoft.EntityFrameworkCore.Query.Internal.SingleQueryingEnumerable`1.AsyncEnumerator.MoveNextAsync()
   at Microsoft.EntityFrameworkCore.Query.ShapedQueryCompilingExpressionVisitor.SingleOrDefaultAsync[TSource](IAsyncEnumerable`1 asyncEnumerable, CancellationToken cancellationToken)
   at Microsoft.EntityFrameworkCore.Query.ShapedQueryCompilingExpressionVisitor.SingleOrDefaultAsync[TSource](IAsyncEnumerable`1 asyncEnumerable, CancellationToken cancellationToken)
   at Microsoft.AspNetCore.Identity.UserManager`1.FindByEmailAsync(String email)
   at HealthCare.Api.Services.Implementations.AuthService.LoginAsync(LoginDto dto) in C:\Users\310508\source\repos\UST-Live-01\HealthCare\HealthCare.Api\Services\Implementations\AuthService.cs:line 101
   at HealthCare.Api.Controllers.AuthController.Login(LoginDto dto) in C:\Users\310508\source\repos\UST-Live-01\HealthCare\HealthCare.Api\Controllers\AuthController.cs:line 43
   at Microsoft.AspNetCore.Mvc.Infrastructure.ActionMethodExecutor.TaskOfIActionResultExecutor.Execute(ActionContext actionContext, IActionResultTypeMapper mapper, ObjectMethodExecutor executor, Object controller, Object[] arguments)
   at Microsoft.AspNetCore.Mvc.Infrastructure.ControllerActionInvoker.<InvokeActionMethodAsync>g__Awaited|12_0(ControllerActionInvoker invoker, ValueTask`1 actionResultValueTask)
   at Microsoft.AspNetCore.Mvc.Infrastructure.ControllerActionInvoker.<InvokeNextActionFilterAsync>g__Awaited|10_0(ControllerActionInvoker invoker, Task lastTask, State next, Scope scope, Object state, Boolean isCompleted)
   at Microsoft.AspNetCore.Mvc.Infrastructure.ControllerActionInvoker.Rethrow(ActionExecutedContextSealed context)
   at Microsoft.AspNetCore.Mvc.Infrastructure.ControllerActionInvoker.Next(State& next, Scope& scope, Object& state, Boolean& isCompleted)
   at Microsoft.AspNetCore.Mvc.Infrastructure.ControllerActionInvoker.<InvokeInnerFilterAsync>g__Awaited|13_0(ControllerActionInvoker invoker, Task lastTask, State next, Scope scope, Object state, Boolean isCompleted)
   at Microsoft.AspNetCore.Mvc.Infrastructure.ResourceInvoker.<InvokeFilterPipelineAsync>g__Awaited|20_0(ResourceInvoker invoker, Task lastTask, State next, Scope scope, Object state, Boolean isCompleted)
   at Microsoft.AspNetCore.Mvc.Infrastructure.ResourceInvoker.<InvokeAsync>g__Awaited|17_0(ResourceInvoker invoker, Task task, IDisposable scope)
   at Microsoft.AspNetCore.Mvc.Infrastructure.ResourceInvoker.<InvokeAsync>g__Awaited|17_0(ResourceInvoker invoker, Task task, IDisposable scope)
   at Microsoft.AspNetCore.Authorization.AuthorizationMiddleware.Invoke(HttpContext context)
   at Microsoft.AspNetCore.Authentication.AuthenticationMiddleware.Invoke(HttpContext context)
   at Swashbuckle.AspNetCore.SwaggerUI.SwaggerUIMiddleware.Invoke(HttpContext httpContext)
   at Swashbuckle.AspNetCore.Swagger.SwaggerMiddleware.Invoke(HttpContext httpContext, ISwaggerProvider swaggerProvider)
   at Microsoft.AspNetCore.Diagnostics.ExceptionHandlerMiddlewareImpl.<Invoke>g__Awaited|10_0(ExceptionHandlerMiddlewareImpl middleware, HttpContext context, Task task)
ClientConnectionId:7d9cf811-262f-4729-8d87-f5c3d8da36f0
Error Number:-2,State:0,Class:11
2026-07-22 02:05:11.177 +05:30 [ERR] HTTP POST /api/auth/login responded 500 in 17467.7024 ms
Microsoft.Data.SqlClient.SqlException (0x80131904): Connection Timeout Expired.  The timeout period elapsed while attempting to consume the pre-login handshake acknowledgement.  This could be because the pre-login handshake failed or the server was unable to respond back in time.  The duration spent while attempting to connect to this server was - [Pre-Login] initialization=17210; handshake=0; 
 ---> System.ComponentModel.Win32Exception (258): The wait operation timed out.
   at Microsoft.Data.SqlClient.SqlInternalConnection.OnError(SqlException exception, Boolean breakConnection, Action`1 wrapCloseInAction)
   at Microsoft.Data.SqlClient.TdsParser.ThrowExceptionAndWarning(TdsParserStateObject stateObj, SqlCommand command, Boolean callerHasConnectionLock, Boolean asyncClose)
   at Microsoft.Data.SqlClient.TdsParserStateObject.ThrowExceptionAndWarning(Boolean callerHasConnectionLock, Boolean asyncClose)
   at Microsoft.Data.SqlClient.TdsParserStateObject.ReadSniError(TdsParserStateObject stateObj, UInt32 error)
   at Microsoft.Data.SqlClient.TdsParserStateObject.ReadSniSyncOverAsync()
   at Microsoft.Data.SqlClient.TdsParserStateObject.TryReadNetworkPacket()
   at Microsoft.Data.SqlClient.TdsParser.ConsumePreLoginHandshake(SqlConnectionEncryptOption encrypt, Boolean trustServerCert, Boolean integratedSecurity, Boolean& marsCapable, Boolean& fedAuthRequired, Boolean tlsFirst, String serverCertificateFilename)
   at Microsoft.Data.SqlClient.TdsParser.Connect(ServerInfo serverInfo, SqlInternalConnectionTds connHandler, TimeoutTimer timeout, SqlConnectionString connectionOptions, Boolean withFailover)
   at Microsoft.Data.SqlClient.SqlInternalConnectionTds.AttemptOneLogin(ServerInfo serverInfo, String newPassword, SecureString newSecurePassword, TimeoutTimer timeout, Boolean withFailover)
   at Microsoft.Data.SqlClient.SqlInternalConnectionTds.LoginNoFailover(ServerInfo serverInfo, String newPassword, SecureString newSecurePassword, Boolean redirectedUserInstance, SqlConnectionString connectionOptions, SqlCredential credential, TimeoutTimer timeout)
   at Microsoft.Data.SqlClient.SqlInternalConnectionTds.OpenLoginEnlist(TimeoutTimer timeout, SqlConnectionString connectionOptions, SqlCredential credential, String newPassword, SecureString newSecurePassword, Boolean redirectedUserInstance)
   at Microsoft.Data.SqlClient.SqlInternalConnectionTds..ctor(DbConnectionPoolIdentity identity, SqlConnectionString connectionOptions, SqlCredential credential, Object providerInfo, String newPassword, SecureString newSecurePassword, Boolean redirectedUserInstance, SqlConnectionString userConnectionOptions, SessionData reconnectSessionData, Boolean applyTransientFaultHandling, String accessToken, IDbConnectionPool pool, Func`3 accessTokenCallback)
   at Microsoft.Data.SqlClient.SqlConnectionFactory.CreateConnection(DbConnectionOptions options, DbConnectionPoolKey poolKey, DbConnectionPoolGroupProviderInfo poolGroupProviderInfo, IDbConnectionPool pool, DbConnection owningConnection, DbConnectionOptions userOptions)
   at Microsoft.Data.ProviderBase.DbConnectionFactory.CreatePooledConnection(IDbConnectionPool pool, DbConnection owningObject, DbConnectionOptions options, DbConnectionPoolKey poolKey, DbConnectionOptions userOptions)
   at Microsoft.Data.SqlClient.ConnectionPool.WaitHandleDbConnectionPool.CreateObject(DbConnection owningObject, DbConnectionOptions userOptions, DbConnectionInternal oldConnection)
   at Microsoft.Data.SqlClient.ConnectionPool.WaitHandleDbConnectionPool.UserCreateRequest(DbConnection owningObject, DbConnectionOptions userOptions, DbConnectionInternal oldConnection)
   at Microsoft.Data.SqlClient.ConnectionPool.WaitHandleDbConnectionPool.TryGetConnection(DbConnection owningObject, UInt32 waitForMultipleObjectsTimeout, Boolean allowCreate, Boolean onlyOneCheckConnection, DbConnectionOptions userOptions, DbConnectionInternal& connection)
   at Microsoft.Data.SqlClient.ConnectionPool.WaitHandleDbConnectionPool.WaitForPendingOpen()
--- End of stack trace from previous location ---
   at Microsoft.EntityFrameworkCore.Storage.RelationalConnection.OpenInternalAsync(Boolean errorsExpected, CancellationToken cancellationToken)
   at Microsoft.EntityFrameworkCore.Storage.RelationalConnection.OpenInternalAsync(Boolean errorsExpected, CancellationToken cancellationToken)
   at Microsoft.EntityFrameworkCore.Storage.RelationalConnection.OpenAsync(CancellationToken cancellationToken, Boolean errorsExpected)
   at Microsoft.EntityFrameworkCore.Storage.RelationalCommand.ExecuteReaderAsync(RelationalCommandParameterObject parameterObject, CancellationToken cancellationToken)
   at Microsoft.EntityFrameworkCore.Query.Internal.SingleQueryingEnumerable`1.AsyncEnumerator.InitializeReaderAsync(AsyncEnumerator enumerator, CancellationToken cancellationToken)
   at Microsoft.EntityFrameworkCore.SqlServer.Storage.Internal.SqlServerExecutionStrategy.ExecuteAsync[TState,TResult](TState state, Func`4 operation, Func`4 verifySucceeded, CancellationToken cancellationToken)
   at Microsoft.EntityFrameworkCore.Query.Internal.SingleQueryingEnumerable`1.AsyncEnumerator.MoveNextAsync()
   at Microsoft.EntityFrameworkCore.Query.ShapedQueryCompilingExpressionVisitor.SingleOrDefaultAsync[TSource](IAsyncEnumerable`1 asyncEnumerable, CancellationToken cancellationToken)
   at Microsoft.EntityFrameworkCore.Query.ShapedQueryCompilingExpressionVisitor.SingleOrDefaultAsync[TSource](IAsyncEnumerable`1 asyncEnumerable, CancellationToken cancellationToken)
   at Microsoft.AspNetCore.Identity.UserManager`1.FindByEmailAsync(String email)
   at HealthCare.Api.Services.Implementations.AuthService.LoginAsync(LoginDto dto) in C:\Users\310508\source\repos\UST-Live-01\HealthCare\HealthCare.Api\Services\Implementations\AuthService.cs:line 101
   at HealthCare.Api.Controllers.AuthController.Login(LoginDto dto) in C:\Users\310508\source\repos\UST-Live-01\HealthCare\HealthCare.Api\Controllers\AuthController.cs:line 43
   at Microsoft.AspNetCore.Mvc.Infrastructure.ActionMethodExecutor.TaskOfIActionResultExecutor.Execute(ActionContext actionContext, IActionResultTypeMapper mapper, ObjectMethodExecutor executor, Object controller, Object[] arguments)
   at Microsoft.AspNetCore.Mvc.Infrastructure.ControllerActionInvoker.<InvokeActionMethodAsync>g__Awaited|12_0(ControllerActionInvoker invoker, ValueTask`1 actionResultValueTask)
   at Microsoft.AspNetCore.Mvc.Infrastructure.ControllerActionInvoker.<InvokeNextActionFilterAsync>g__Awaited|10_0(ControllerActionInvoker invoker, Task lastTask, State next, Scope scope, Object state, Boolean isCompleted)
   at Microsoft.AspNetCore.Mvc.Infrastructure.ControllerActionInvoker.Rethrow(ActionExecutedContextSealed context)
   at Microsoft.AspNetCore.Mvc.Infrastructure.ControllerActionInvoker.Next(State& next, Scope& scope, Object& state, Boolean& isCompleted)
   at Microsoft.AspNetCore.Mvc.Infrastructure.ControllerActionInvoker.<InvokeInnerFilterAsync>g__Awaited|13_0(ControllerActionInvoker invoker, Task lastTask, State next, Scope scope, Object state, Boolean isCompleted)
   at Microsoft.AspNetCore.Mvc.Infrastructure.ResourceInvoker.<InvokeFilterPipelineAsync>g__Awaited|20_0(ResourceInvoker invoker, Task lastTask, State next, Scope scope, Object state, Boolean isCompleted)
   at Microsoft.AspNetCore.Mvc.Infrastructure.ResourceInvoker.<InvokeAsync>g__Awaited|17_0(ResourceInvoker invoker, Task task, IDisposable scope)
   at Microsoft.AspNetCore.Mvc.Infrastructure.ResourceInvoker.<InvokeAsync>g__Awaited|17_0(ResourceInvoker invoker, Task task, IDisposable scope)
   at Microsoft.AspNetCore.Authorization.AuthorizationMiddleware.Invoke(HttpContext context)
   at Microsoft.AspNetCore.Authentication.AuthenticationMiddleware.Invoke(HttpContext context)
   at Swashbuckle.AspNetCore.SwaggerUI.SwaggerUIMiddleware.Invoke(HttpContext httpContext)
   at Swashbuckle.AspNetCore.Swagger.SwaggerMiddleware.Invoke(HttpContext httpContext, ISwaggerProvider swaggerProvider)
   at Microsoft.AspNetCore.Diagnostics.ExceptionHandlerMiddlewareImpl.<Invoke>g__Awaited|10_0(ExceptionHandlerMiddlewareImpl middleware, HttpContext context, Task task)
   at Microsoft.AspNetCore.Diagnostics.ExceptionHandlerMiddlewareImpl.HandleException(HttpContext context, ExceptionDispatchInfo edi)
   at Microsoft.AspNetCore.Diagnostics.ExceptionHandlerMiddlewareImpl.HandleException(HttpContext context, ExceptionDispatchInfo edi)
   at Microsoft.AspNetCore.Diagnostics.ExceptionHandlerMiddlewareImpl.<Invoke>g__Awaited|10_0(ExceptionHandlerMiddlewareImpl middleware, HttpContext context, Task task)
   at Serilog.AspNetCore.RequestLoggingMiddleware.Invoke(HttpContext httpContext)
ClientConnectionId:7d9cf811-262f-4729-8d87-f5c3d8da36f0
Error Number:-2,State:0,Class:11
2026-07-22 02:05:11.228 +05:30 [ERR] An unhandled exception has occurred while executing the request.
Microsoft.Data.SqlClient.SqlException (0x80131904): Connection Timeout Expired.  The timeout period elapsed while attempting to consume the pre-login handshake acknowledgement.  This could be because the pre-login handshake failed or the server was unable to respond back in time.  The duration spent while attempting to connect to this server was - [Pre-Login] initialization=17210; handshake=0; 
 ---> System.ComponentModel.Win32Exception (258): The wait operation timed out.
   at Microsoft.Data.SqlClient.SqlInternalConnection.OnError(SqlException exception, Boolean breakConnection, Action`1 wrapCloseInAction)
   at Microsoft.Data.SqlClient.TdsParser.ThrowExceptionAndWarning(TdsParserStateObject stateObj, SqlCommand command, Boolean callerHasConnectionLock, Boolean asyncClose)
   at Microsoft.Data.SqlClient.TdsParserStateObject.ThrowExceptionAndWarning(Boolean callerHasConnectionLock, Boolean asyncClose)
   at Microsoft.Data.SqlClient.TdsParserStateObject.ReadSniError(TdsParserStateObject stateObj, UInt32 error)
   at Microsoft.Data.SqlClient.TdsParserStateObject.ReadSniSyncOverAsync()
   at Microsoft.Data.SqlClient.TdsParserStateObject.TryReadNetworkPacket()
   at Microsoft.Data.SqlClient.TdsParser.ConsumePreLoginHandshake(SqlConnectionEncryptOption encrypt, Boolean trustServerCert, Boolean integratedSecurity, Boolean& marsCapable, Boolean& fedAuthRequired, Boolean tlsFirst, String serverCertificateFilename)
   at Microsoft.Data.SqlClient.TdsParser.Connect(ServerInfo serverInfo, SqlInternalConnectionTds connHandler, TimeoutTimer timeout, SqlConnectionString connectionOptions, Boolean withFailover)
   at Microsoft.Data.SqlClient.SqlInternalConnectionTds.AttemptOneLogin(ServerInfo serverInfo, String newPassword, SecureString newSecurePassword, TimeoutTimer timeout, Boolean withFailover)
   at Microsoft.Data.SqlClient.SqlInternalConnectionTds.LoginNoFailover(ServerInfo serverInfo, String newPassword, SecureString newSecurePassword, Boolean redirectedUserInstance, SqlConnectionString connectionOptions, SqlCredential credential, TimeoutTimer timeout)
   at Microsoft.Data.SqlClient.SqlInternalConnectionTds.OpenLoginEnlist(TimeoutTimer timeout, SqlConnectionString connectionOptions, SqlCredential credential, String newPassword, SecureString newSecurePassword, Boolean redirectedUserInstance)
   at Microsoft.Data.SqlClient.SqlInternalConnectionTds..ctor(DbConnectionPoolIdentity identity, SqlConnectionString connectionOptions, SqlCredential credential, Object providerInfo, String newPassword, SecureString newSecurePassword, Boolean redirectedUserInstance, SqlConnectionString userConnectionOptions, SessionData reconnectSessionData, Boolean applyTransientFaultHandling, String accessToken, IDbConnectionPool pool, Func`3 accessTokenCallback)
   at Microsoft.Data.SqlClient.SqlConnectionFactory.CreateConnection(DbConnectionOptions options, DbConnectionPoolKey poolKey, DbConnectionPoolGroupProviderInfo poolGroupProviderInfo, IDbConnectionPool pool, DbConnection owningConnection, DbConnectionOptions userOptions)
   at Microsoft.Data.ProviderBase.DbConnectionFactory.CreatePooledConnection(IDbConnectionPool pool, DbConnection owningObject, DbConnectionOptions options, DbConnectionPoolKey poolKey, DbConnectionOptions userOptions)
   at Microsoft.Data.SqlClient.ConnectionPool.WaitHandleDbConnectionPool.CreateObject(DbConnection owningObject, DbConnectionOptions userOptions, DbConnectionInternal oldConnection)
   at Microsoft.Data.SqlClient.ConnectionPool.WaitHandleDbConnectionPool.UserCreateRequest(DbConnection owningObject, DbConnectionOptions userOptions, DbConnectionInternal oldConnection)
   at Microsoft.Data.SqlClient.ConnectionPool.WaitHandleDbConnectionPool.TryGetConnection(DbConnection owningObject, UInt32 waitForMultipleObjectsTimeout, Boolean allowCreate, Boolean onlyOneCheckConnection, DbConnectionOptions userOptions, DbConnectionInternal& connection)
   at Microsoft.Data.SqlClient.ConnectionPool.WaitHandleDbConnectionPool.WaitForPendingOpen()
--- End of stack trace from previous location ---
   at Microsoft.EntityFrameworkCore.Storage.RelationalConnection.OpenInternalAsync(Boolean errorsExpected, CancellationToken cancellationToken)
   at Microsoft.EntityFrameworkCore.Storage.RelationalConnection.OpenInternalAsync(Boolean errorsExpected, CancellationToken cancellationToken)
   at Microsoft.EntityFrameworkCore.Storage.RelationalConnection.OpenAsync(CancellationToken cancellationToken, Boolean errorsExpected)
   at Microsoft.EntityFrameworkCore.Storage.RelationalCommand.ExecuteReaderAsync(RelationalCommandParameterObject parameterObject, CancellationToken cancellationToken)
   at Microsoft.EntityFrameworkCore.Query.Internal.SingleQueryingEnumerable`1.AsyncEnumerator.InitializeReaderAsync(AsyncEnumerator enumerator, CancellationToken cancellationToken)
   at Microsoft.EntityFrameworkCore.SqlServer.Storage.Internal.SqlServerExecutionStrategy.ExecuteAsync[TState,TResult](TState state, Func`4 operation, Func`4 verifySucceeded, CancellationToken cancellationToken)
   at Microsoft.EntityFrameworkCore.Query.Internal.SingleQueryingEnumerable`1.AsyncEnumerator.MoveNextAsync()
   at Microsoft.EntityFrameworkCore.Query.ShapedQueryCompilingExpressionVisitor.SingleOrDefaultAsync[TSource](IAsyncEnumerable`1 asyncEnumerable, CancellationToken cancellationToken)
   at Microsoft.EntityFrameworkCore.Query.ShapedQueryCompilingExpressionVisitor.SingleOrDefaultAsync[TSource](IAsyncEnumerable`1 asyncEnumerable, CancellationToken cancellationToken)
   at Microsoft.AspNetCore.Identity.UserManager`1.FindByEmailAsync(String email)
   at HealthCare.Api.Services.Implementations.AuthService.LoginAsync(LoginDto dto) in C:\Users\310508\source\repos\UST-Live-01\HealthCare\HealthCare.Api\Services\Implementations\AuthService.cs:line 101
   at HealthCare.Api.Controllers.AuthController.Login(LoginDto dto) in C:\Users\310508\source\repos\UST-Live-01\HealthCare\HealthCare.Api\Controllers\AuthController.cs:line 43
   at Microsoft.AspNetCore.Mvc.Infrastructure.ActionMethodExecutor.TaskOfIActionResultExecutor.Execute(ActionContext actionContext, IActionResultTypeMapper mapper, ObjectMethodExecutor executor, Object controller, Object[] arguments)
   at Microsoft.AspNetCore.Mvc.Infrastructure.ControllerActionInvoker.<InvokeActionMethodAsync>g__Awaited|12_0(ControllerActionInvoker invoker, ValueTask`1 actionResultValueTask)
   at Microsoft.AspNetCore.Mvc.Infrastructure.ControllerActionInvoker.<InvokeNextActionFilterAsync>g__Awaited|10_0(ControllerActionInvoker invoker, Task lastTask, State next, Scope scope, Object state, Boolean isCompleted)
   at Microsoft.AspNetCore.Mvc.Infrastructure.ControllerActionInvoker.Rethrow(ActionExecutedContextSealed context)
   at Microsoft.AspNetCore.Mvc.Infrastructure.ControllerActionInvoker.Next(State& next, Scope& scope, Object& state, Boolean& isCompleted)
   at Microsoft.AspNetCore.Mvc.Infrastructure.ControllerActionInvoker.<InvokeInnerFilterAsync>g__Awaited|13_0(ControllerActionInvoker invoker, Task lastTask, State next, Scope scope, Object state, Boolean isCompleted)
   at Microsoft.AspNetCore.Mvc.Infrastructure.ResourceInvoker.<InvokeFilterPipelineAsync>g__Awaited|20_0(ResourceInvoker invoker, Task lastTask, State next, Scope scope, Object state, Boolean isCompleted)
   at Microsoft.AspNetCore.Mvc.Infrastructure.ResourceInvoker.<InvokeAsync>g__Awaited|17_0(ResourceInvoker invoker, Task task, IDisposable scope)
   at Microsoft.AspNetCore.Mvc.Infrastructure.ResourceInvoker.<InvokeAsync>g__Awaited|17_0(ResourceInvoker invoker, Task task, IDisposable scope)
   at Microsoft.AspNetCore.Authorization.AuthorizationMiddleware.Invoke(HttpContext context)
   at Microsoft.AspNetCore.Authentication.AuthenticationMiddleware.Invoke(HttpContext context)
   at Swashbuckle.AspNetCore.SwaggerUI.SwaggerUIMiddleware.Invoke(HttpContext httpContext)
   at Swashbuckle.AspNetCore.Swagger.SwaggerMiddleware.Invoke(HttpContext httpContext, ISwaggerProvider swaggerProvider)
   at Microsoft.AspNetCore.Diagnostics.ExceptionHandlerMiddlewareImpl.<Invoke>g__Awaited|10_0(ExceptionHandlerMiddlewareImpl middleware, HttpContext context, Task task)
   at Microsoft.AspNetCore.Diagnostics.ExceptionHandlerMiddlewareImpl.HandleException(HttpContext context, ExceptionDispatchInfo edi)
   at Microsoft.AspNetCore.Diagnostics.ExceptionHandlerMiddlewareImpl.HandleException(HttpContext context, ExceptionDispatchInfo edi)
   at Microsoft.AspNetCore.Diagnostics.ExceptionHandlerMiddlewareImpl.<Invoke>g__Awaited|10_0(ExceptionHandlerMiddlewareImpl middleware, HttpContext context, Task task)
   at Serilog.AspNetCore.RequestLoggingMiddleware.Invoke(HttpContext httpContext)
   at Microsoft.AspNetCore.Diagnostics.DeveloperExceptionPageMiddlewareImpl.Invoke(HttpContext context)
ClientConnectionId:7d9cf811-262f-4729-8d87-f5c3d8da36f0
Error Number:-2,State:0,Class:11
2026-07-22 02:05:19.299 +05:30 [INF] HTTP OPTIONS /api/auth/login responded 204 in 0.4662 ms
2026-07-22 02:05:20.374 +05:30 [INF] HTTP POST /api/auth/login responded 200 in 1056.8101 ms
2026-07-22 02:05:22.951 +05:30 [INF] HTTP OPTIONS /api/admin/doctors responded 204 in 0.0778 ms
2026-07-22 02:05:22.982 +05:30 [INF] HTTP GET /api/admin/doctors responded 200 in 23.5687 ms
2026-07-22 02:05:23.033 +05:30 [INF] HTTP OPTIONS /api/admin/doctors responded 204 in 0.2995 ms
2026-07-22 02:05:23.062 +05:30 [INF] HTTP GET /api/admin/doctors responded 200 in 18.3463 ms
2026-07-22 02:05:23.079 +05:30 [INF] HTTP OPTIONS /api/admin/patients responded 204 in 0.0772 ms
2026-07-22 02:05:23.105 +05:30 [INF] HTTP GET /api/admin/patients responded 200 in 17.1713 ms
2026-07-22 02:05:23.132 +05:30 [INF] HTTP OPTIONS /api/admin/appointments/dashboard-summary responded 204 in 0.1539 ms
2026-07-22 02:05:23.165 +05:30 [INF] Dashboard appointment summary fetched successfully.
2026-07-22 02:05:23.168 +05:30 [INF] HTTP GET /api/admin/appointments/dashboard-summary responded 200 in 28.0104 ms
2026-07-22 02:05:27.369 +05:30 [INF] HTTP OPTIONS /api/admin/patients responded 204 in 0.0812 ms
2026-07-22 02:05:27.383 +05:30 [INF] HTTP GET /api/admin/patients responded 200 in 5.6126 ms
2026-07-22 02:05:28.622 +05:30 [INF] HTTP OPTIONS /api/admin/doctors responded 204 in 0.0610 ms
2026-07-22 02:05:28.634 +05:30 [INF] HTTP GET /api/admin/doctors responded 200 in 5.6312 ms
2026-07-22 02:05:57.563 +05:30 [INF] HTTP OPTIONS /api/admin/doctors responded 204 in 0.0742 ms
2026-07-22 02:05:57.583 +05:30 [INF] HTTP GET /api/admin/doctors responded 200 in 10.4057 ms
2026-07-22 02:06:34.287 +05:30 [INF] HTTP GET /api/admin/doctors responded 401 in 2.5726 ms
2026-07-22 07:05:51.329 +05:30 [INF] Configured endpoint appointment.events.queue, Consumer: HealthCare.Api.Messaging.AppointmentBookedConsumer
2026-07-22 07:05:55.167 +05:30 [INF] Bus started: "rabbitmq://localhost/"
2026-07-22 07:05:55.358 +05:30 [INF] Now listening on: https://localhost:7234
2026-07-22 07:05:55.366 +05:30 [INF] Now listening on: http://localhost:5225
2026-07-22 07:05:55.517 +05:30 [INF] Application started. Press Ctrl+C to shut down.
2026-07-22 07:05:55.524 +05:30 [INF] Hosting environment: Development
2026-07-22 07:05:55.528 +05:30 [INF] Content root path: C:\Users\310508\source\repos\UST-Live-01\HealthCare\HealthCare.Api
2026-07-22 07:06:01.722 +05:30 [INF] HTTP OPTIONS /api/auth/login responded 204 in 120.5641 ms
2026-07-22 07:06:02.400 +05:30 [WRN] You do not have a valid license key for the Lucky Penny software AutoMapper. This is allowed for development and testing scenarios. If you are running in production you are required to have a licensed version. Please visit https://luckypennysoftware.com to obtain a valid license.
2026-07-22 07:06:03.699 +05:30 [INF] HTTP POST /api/auth/login responded 200 in 1919.6438 ms
2026-07-22 07:06:09.067 +05:30 [INF] HTTP OPTIONS /api/admin/doctors responded 204 in 3.0083 ms
2026-07-22 07:06:09.836 +05:30 [INF] HTTP GET /api/admin/doctors responded 200 in 756.1777 ms
2026-07-22 07:06:09.914 +05:30 [INF] HTTP OPTIONS /api/admin/doctors responded 204 in 0.2456 ms
2026-07-22 07:06:09.991 +05:30 [INF] HTTP GET /api/admin/doctors responded 200 in 64.9863 ms
2026-07-22 07:06:10.016 +05:30 [INF] HTTP OPTIONS /api/admin/patients responded 204 in 0.7671 ms
2026-07-22 07:06:10.100 +05:30 [WRN] The query uses a row limiting operator ('Skip'/'Take') without an 'OrderBy' operator. This may lead to unpredictable results. If the 'Distinct' operator is used after 'OrderBy', then make sure to use the 'OrderBy' operator after 'Distinct' as the ordering would otherwise get erased.
2026-07-22 07:06:10.105 +05:30 [WRN] The query uses a row limiting operator ('Skip'/'Take') without an 'OrderBy' operator. This may lead to unpredictable results. If the 'Distinct' operator is used after 'OrderBy', then make sure to use the 'OrderBy' operator after 'Distinct' as the ordering would otherwise get erased.
2026-07-22 07:06:10.242 +05:30 [INF] HTTP GET /api/admin/patients responded 200 in 214.4709 ms
2026-07-22 07:06:10.282 +05:30 [INF] HTTP OPTIONS /api/admin/appointments/dashboard-summary responded 204 in 0.2928 ms
2026-07-22 07:06:10.511 +05:30 [WRN] The query uses the 'First'/'FirstOrDefault' operator without 'OrderBy' and filter operators. This may lead to unpredictable results.
2026-07-22 07:06:10.582 +05:30 [INF] Dashboard appointment summary fetched successfully.
2026-07-22 07:06:10.591 +05:30 [INF] HTTP GET /api/admin/appointments/dashboard-summary responded 200 in 298.2170 ms
2026-07-22 07:06:13.952 +05:30 [INF] HTTP OPTIONS /api/admin/patients responded 204 in 0.2407 ms
2026-07-22 07:06:13.980 +05:30 [INF] HTTP GET /api/admin/patients responded 200 in 17.1248 ms
2026-07-22 07:06:15.626 +05:30 [INF] HTTP OPTIONS /api/admin/doctors responded 204 in 0.4313 ms
2026-07-22 07:06:15.668 +05:30 [INF] HTTP GET /api/admin/doctors responded 200 in 24.5485 ms
2026-07-22 07:06:17.288 +05:30 [INF] HTTP OPTIONS /api/admin/appointments/report responded 204 in 0.2072 ms
2026-07-22 07:06:17.412 +05:30 [INF] Appointment report fetched. FromDate: "2026-07-16", ToDate: "2026-07-22", Count: 2
2026-07-22 07:06:17.439 +05:30 [INF] HTTP GET /api/admin/appointments/report responded 200 in 139.5820 ms
2026-07-22 07:06:21.051 +05:30 [INF] HTTP OPTIONS /api/admin/doctors responded 204 in 0.3224 ms
2026-07-22 07:06:21.076 +05:30 [INF] HTTP GET /api/admin/doctors responded 200 in 10.9405 ms
2026-07-22 07:10:55.280 +05:30 [INF] Usage Telemetry: {"id":"28450000-e56a-1944-98cc-08dee791905a","created":"2026-07-22T07:05:51.1323726\u002B05:30","host":{"framework_version":"10.0.10","mass_transit_version":"8.5.10.0","operating_system_version":"Microsoft Windows NT 10.0.26200.0","time_zone_info":"(UTC\u002B05:30) Chennai, Kolkata, Mumbai, New Delhi","commit_hash":"62ab339afa3bac2e9b3fe1769d0d35d7e44778e9"},"bus":[{"created":"2026-07-22T07:05:51.1403531\u002B05:30","configured":"2026-07-22T07:05:53.9429273\u002B05:30","started":"2026-07-22T07:05:55.1544376\u002B05:30","name":"IBus","endpoints":[{"name":"appointment.events.queue","type":"RabbitMQ","prefetch_count":16,"consumer_count":1,"message_count":1},{"name":"_bus_","type":"RabbitMQ","prefetch_count":16}]}]}
2026-07-22 07:10:55.321 +05:30 [WRN] Failed to report usage telemetry
System.Net.Http.HttpRequestException: No such host is known. (usage-tracking.masstransit.io:443)
 ---> System.Net.Sockets.SocketException (11001): No such host is known.
   at System.Net.Sockets.Socket.AwaitableSocketAsyncEventArgs.ThrowException(SocketError error, CancellationToken cancellationToken)
   at System.Net.Sockets.Socket.AwaitableSocketAsyncEventArgs.System.Threading.Tasks.Sources.IValueTaskSource.GetResult(Int16 token)
   at System.Net.Http.HttpConnectionPool.ConnectToTcpHostAsync(String host, Int32 port, HttpRequestMessage initialRequest, Boolean async, CancellationToken cancellationToken)
   --- End of inner exception stack trace ---
   at System.Net.Http.HttpConnectionPool.ConnectToTcpHostAsync(String host, Int32 port, HttpRequestMessage initialRequest, Boolean async, CancellationToken cancellationToken)
   at System.Net.Http.HttpConnectionPool.ConnectAsync(HttpRequestMessage request, Boolean async, CancellationToken cancellationToken)
   at System.Net.Http.HttpConnectionPool.CreateHttp11ConnectionAsync(HttpRequestMessage request, Boolean async, CancellationToken cancellationToken)
   at System.Net.Http.HttpConnectionPool.InjectNewHttp11ConnectionAsync(QueueItem queueItem)
   at System.Threading.Tasks.TaskCompletionSourceWithCancellation`1.WaitWithCancellationAsync(CancellationToken cancellationToken)
   at System.Net.Http.HttpConnectionPool.SendWithVersionDetectionAndRetryAsync(HttpRequestMessage request, Boolean async, Boolean doRequestAuth, CancellationToken cancellationToken)
   at System.Net.Http.RedirectHandler.SendAsync(HttpRequestMessage request, Boolean async, CancellationToken cancellationToken)
   at System.Net.Http.SocketsHttpHandler.<SendAsync>g__CreateHandlerAndSendAsync|115_0(HttpRequestMessage request, CancellationToken cancellationToken)
   at System.Net.Http.HttpClient.<SendAsync>g__Core|83_0(HttpRequestMessage request, HttpCompletionOption completionOption, CancellationTokenSource cts, Boolean disposeCts, CancellationTokenSource pendingRequestsCts, CancellationToken originalCancellationToken)
   at MassTransit.UsageTracking.UsageTracker.ReportUsageTelemetry() in /_/src/MassTransit/UsageTracking/UsageTracker.cs:line 270
2026-07-22 07:23:38.923 +05:30 [INF] HTTP OPTIONS /api/admin/appointments/report responded 204 in 3.0866 ms
2026-07-22 07:23:38.967 +05:30 [INF] HTTP GET /api/admin/appointments/report responded 401 in 30.2043 ms
2026-07-22 07:23:47.522 +05:30 [INF] HTTP OPTIONS /api/admin/doctors responded 204 in 0.1514 ms
2026-07-22 07:23:47.537 +05:30 [INF] HTTP GET /api/admin/doctors responded 401 in 2.3456 ms
2026-07-22 07:23:49.454 +05:30 [INF] HTTP OPTIONS /api/admin/patients responded 204 in 0.1958 ms
2026-07-22 07:23:49.476 +05:30 [INF] HTTP GET /api/admin/patients responded 401 in 1.2618 ms
2026-07-22 07:23:52.332 +05:30 [INF] HTTP OPTIONS /api/admin/doctors responded 204 in 0.1065 ms
2026-07-22 07:23:52.344 +05:30 [INF] HTTP GET /api/admin/doctors responded 401 in 1.1264 ms
2026-07-22 07:23:58.448 +05:30 [INF] HTTP OPTIONS /api/admin/doctors responded 204 in 0.2213 ms
2026-07-22 07:23:58.460 +05:30 [INF] HTTP GET /api/admin/doctors responded 401 in 2.0268 ms
2026-07-22 07:36:15.789 +05:30 [INF] Application is shutting down...
2026-07-22 07:36:16.001 +05:30 [INF] Bus stopped: "rabbitmq://localhost/"
2026-07-22 07:39:20.332 +05:30 [INF] Configured endpoint appointment.events.queue, Consumer: HealthCare.Api.Messaging.AppointmentBookedConsumer
2026-07-22 07:39:23.534 +05:30 [INF] Now listening on: https://localhost:7234
2026-07-22 07:39:23.541 +05:30 [INF] Now listening on: http://localhost:5225
2026-07-22 07:39:23.593 +05:30 [INF] Bus started: "rabbitmq://localhost/"
2026-07-22 07:39:23.668 +05:30 [INF] Application started. Press Ctrl+C to shut down.
2026-07-22 07:39:23.672 +05:30 [INF] Hosting environment: Development
2026-07-22 07:39:23.677 +05:30 [INF] Content root path: C:\Users\310508\source\repos\UST-Live-01\HealthCare\HealthCare.Api
2026-07-22 07:41:37.532 +05:30 [INF] Configured endpoint appointment.events.queue, Consumer: HealthCare.Api.Messaging.AppointmentBookedConsumer
2026-07-22 07:41:40.682 +05:30 [INF] Now listening on: https://localhost:7234
2026-07-22 07:41:40.690 +05:30 [INF] Now listening on: http://localhost:5225
2026-07-22 07:41:40.708 +05:30 [INF] Bus started: "rabbitmq://localhost/"
2026-07-22 07:41:40.807 +05:30 [INF] Application started. Press Ctrl+C to shut down.
2026-07-22 07:41:40.823 +05:30 [INF] Hosting environment: Development
2026-07-22 07:41:40.833 +05:30 [INF] Content root path: C:\Users\310508\source\repos\UST-Live-01\HealthCare\HealthCare.Api
2026-07-22 07:42:28.640 +05:30 [INF] Configured endpoint appointment.events.queue, Consumer: HealthCare.Api.Messaging.AppointmentBookedConsumer
2026-07-22 07:42:31.456 +05:30 [INF] Bus started: "rabbitmq://localhost/"
2026-07-22 07:42:31.481 +05:30 [INF] Now listening on: https://localhost:7234
2026-07-22 07:42:31.489 +05:30 [INF] Now listening on: http://localhost:5225
2026-07-22 07:42:31.607 +05:30 [INF] Application started. Press Ctrl+C to shut down.
2026-07-22 07:42:31.612 +05:30 [INF] Hosting environment: Development
2026-07-22 07:42:31.618 +05:30 [INF] Content root path: C:\Users\310508\source\repos\UST-Live-01\HealthCare\HealthCare.Api
2026-07-22 07:42:52.536 +05:30 [INF] HTTP OPTIONS /api/auth/login responded 204 in 140.7247 ms
2026-07-22 07:42:53.266 +05:30 [WRN] You do not have a valid license key for the Lucky Penny software AutoMapper. This is allowed for development and testing scenarios. If you are running in production you are required to have a licensed version. Please visit https://luckypennysoftware.com to obtain a valid license.
2026-07-22 07:42:54.920 +05:30 [INF] HTTP POST /api/auth/login responded 200 in 2308.1566 ms
2026-07-22 07:42:55.319 +05:30 [INF] HTTP OPTIONS /api/records/my-records responded 204 in 1.2136 ms
2026-07-22 07:42:55.320 +05:30 [INF] HTTP OPTIONS /api/appointments/patient/upcoming responded 204 in 2.7718 ms
2026-07-22 07:42:55.734 +05:30 [INF] HTTP GET /api/records/my-records responded 200 in 394.8238 ms
2026-07-22 07:42:56.417 +05:30 [INF] Appointments fetched by patient. PatientId: 15, Count: 6
2026-07-22 07:42:56.445 +05:30 [INF] HTTP GET /api/appointments/patient/upcoming responded 200 in 1095.6217 ms
2026-07-22 07:43:05.754 +05:30 [INF] HTTP OPTIONS /api/auth/login responded 204 in 0.3309 ms
2026-07-22 07:43:06.162 +05:30 [INF] HTTP POST /api/auth/login responded 200 in 394.5726 ms
2026-07-22 07:43:13.229 +05:30 [INF] HTTP OPTIONS /api/admin/doctors responded 204 in 0.3732 ms
2026-07-22 07:43:13.604 +05:30 [INF] HTTP GET /api/admin/doctors responded 200 in 358.0453 ms
2026-07-22 07:43:13.669 +05:30 [INF] HTTP OPTIONS /api/admin/doctors responded 204 in 0.1850 ms
2026-07-22 07:43:13.740 +05:30 [INF] HTTP GET /api/admin/doctors responded 200 in 61.7465 ms
2026-07-22 07:43:13.754 +05:30 [INF] HTTP OPTIONS /api/admin/patients responded 204 in 0.1400 ms
2026-07-22 07:43:13.817 +05:30 [WRN] The query uses a row limiting operator ('Skip'/'Take') without an 'OrderBy' operator. This may lead to unpredictable results. If the 'Distinct' operator is used after 'OrderBy', then make sure to use the 'OrderBy' operator after 'Distinct' as the ordering would otherwise get erased.
2026-07-22 07:43:13.822 +05:30 [WRN] The query uses a row limiting operator ('Skip'/'Take') without an 'OrderBy' operator. This may lead to unpredictable results. If the 'Distinct' operator is used after 'OrderBy', then make sure to use the 'OrderBy' operator after 'Distinct' as the ordering would otherwise get erased.
2026-07-22 07:43:13.880 +05:30 [INF] HTTP GET /api/admin/patients responded 200 in 118.2980 ms
2026-07-22 07:43:13.920 +05:30 [INF] HTTP OPTIONS /api/admin/appointments/dashboard-summary responded 204 in 0.6175 ms
2026-07-22 07:43:14.127 +05:30 [WRN] The query uses the 'First'/'FirstOrDefault' operator without 'OrderBy' and filter operators. This may lead to unpredictable results.
2026-07-22 07:43:14.225 +05:30 [INF] Dashboard appointment summary fetched successfully.
2026-07-22 07:43:14.234 +05:30 [INF] HTTP GET /api/admin/appointments/dashboard-summary responded 200 in 292.0706 ms
2026-07-22 07:43:17.927 +05:30 [INF] HTTP OPTIONS /api/admin/patients responded 204 in 0.7233 ms
2026-07-22 07:43:17.950 +05:30 [INF] HTTP GET /api/admin/patients responded 200 in 11.5771 ms
2026-07-22 07:43:19.207 +05:30 [INF] HTTP OPTIONS /api/admin/doctors responded 204 in 0.9058 ms
2026-07-22 07:43:19.251 +05:30 [INF] HTTP GET /api/admin/doctors responded 200 in 13.4777 ms
2026-07-22 07:43:23.241 +05:30 [INF] HTTP OPTIONS /api/admin/patients responded 204 in 0.6686 ms
2026-07-22 07:43:23.750 +05:30 [INF] HTTP GET /api/admin/patients responded 200 in 64.0978 ms
2026-07-22 07:43:27.181 +05:30 [INF] HTTP OPTIONS /api/admin/doctors responded 204 in 0.3089 ms
2026-07-22 07:43:27.222 +05:30 [INF] HTTP GET /api/admin/doctors responded 200 in 19.4328 ms
2026-07-22 07:44:48.678 +05:30 [INF] HTTP OPTIONS /api/auth/login responded 204 in 0.1707 ms
2026-07-22 07:44:48.994 +05:30 [INF] HTTP POST /api/auth/login responded 200 in 299.4021 ms
2026-07-22 07:44:49.075 +05:30 [INF] HTTP OPTIONS /api/appointments/patient/upcoming responded 204 in 0.1644 ms
2026-07-22 07:44:49.076 +05:30 [INF] HTTP OPTIONS /api/records/my-records responded 204 in 0.1150 ms
2026-07-22 07:44:49.175 +05:30 [INF] HTTP GET /api/records/my-records responded 200 in 14.7190 ms
2026-07-22 07:44:49.190 +05:30 [INF] Appointments fetched by patient. PatientId: 15, Count: 6
2026-07-22 07:44:49.194 +05:30 [INF] HTTP GET /api/appointments/patient/upcoming responded 200 in 35.3362 ms
2026-07-22 07:44:56.649 +05:30 [INF] HTTP OPTIONS /api/doctors/available responded 204 in 0.3071 ms
2026-07-22 07:44:56.864 +05:30 [INF] Cache MISS for key: doctors:available:cardiologist:2026-07-23
2026-07-22 07:44:56.968 +05:30 [INF] Cache SET for key: doctors:available:cardiologist:2026-07-23 with 5 minutes TTL
2026-07-22 07:44:56.971 +05:30 [INF] HTTP GET /api/doctors/available responded 200 in 315.7025 ms
2026-07-22 07:44:58.825 +05:30 [INF] HTTP OPTIONS /api/appointments/available-slots responded 204 in 0.1779 ms
2026-07-22 07:44:58.861 +05:30 [INF] Available time slots fetched. DoctorId: 3, Date: "2026-07-23", AvailableCount: 1
2026-07-22 07:44:58.864 +05:30 [INF] HTTP GET /api/appointments/available-slots responded 200 in 33.8514 ms
2026-07-22 07:45:02.782 +05:30 [INF] HTTP OPTIONS /api/doctors/available responded 204 in 0.1055 ms
2026-07-22 07:45:02.794 +05:30 [INF] Cache MISS for key: doctors:available:general-physician:2026-07-23
2026-07-22 07:45:02.797 +05:30 [INF] Cache SET for key: doctors:available:general-physician:2026-07-23 with 5 minutes TTL
2026-07-22 07:45:02.799 +05:30 [INF] HTTP GET /api/doctors/available responded 200 in 9.8286 ms
2026-07-22 07:45:04.936 +05:30 [INF] HTTP OPTIONS /api/appointments/available-slots responded 204 in 0.1165 ms
2026-07-22 07:45:04.945 +05:30 [INF] Available time slots fetched. DoctorId: 7, Date: "2026-07-23", AvailableCount: 9
2026-07-22 07:45:04.948 +05:30 [INF] HTTP GET /api/appointments/available-slots responded 200 in 6.4569 ms
2026-07-22 07:45:10.362 +05:30 [INF] HTTP OPTIONS /api/appointments/book responded 204 in 0.0924 ms
2026-07-22 07:45:10.787 +05:30 [INF] Doctor availability cache invalidated. DoctorId: 7, Date: "2026-07-23"
2026-07-22 07:45:10.791 +05:30 [INF] Appointment booked successfully. AppointmentId: 1029, PatientId: 15, DoctorId: 7, ScheduledDate: "2026-07-23", TimeSlot: 02:00 PM
2026-07-22 07:45:11.027 +05:30 [INF] AppointmentBookedEvent published successfully. AppointmentId: 1029, DoctorId: 7
2026-07-22 07:45:11.031 +05:30 [INF] HTTP POST /api/appointments/book responded 200 in 663.6653 ms
2026-07-22 07:45:11.071 +05:30 [INF] Received AppointmentBookedEvent. AppointmentId=1029
2026-07-22 07:45:11.108 +05:30 [INF] Notification created for DoctorId 7 from AppointmentId 1029
2026-07-22 07:45:17.673 +05:30 [INF] HTTP OPTIONS /api/appointments/patient/upcoming responded 204 in 0.1704 ms
2026-07-22 07:45:17.730 +05:30 [INF] Appointments fetched by patient. PatientId: 15, Count: 7
2026-07-22 07:45:17.738 +05:30 [INF] HTTP GET /api/appointments/patient/upcoming responded 200 in 59.9273 ms
2026-07-22 07:45:21.826 +05:30 [INF] Appointments fetched by patient. PatientId: 15, Count: 7
2026-07-22 07:45:21.828 +05:30 [INF] HTTP GET /api/appointments/patient/upcoming responded 200 in 5.5647 ms
2026-07-22 07:45:48.911 +05:30 [INF] HTTP OPTIONS /api/auth/login responded 204 in 0.1105 ms
2026-07-22 07:45:49.028 +05:30 [INF] HTTP POST /api/auth/login responded 200 in 101.5714 ms
2026-07-22 07:45:52.046 +05:30 [INF] HTTP OPTIONS /api/admin/doctors responded 204 in 0.0852 ms
2026-07-22 07:45:52.061 +05:30 [INF] HTTP GET /api/admin/doctors responded 200 in 9.3952 ms
2026-07-22 07:45:52.110 +05:30 [INF] HTTP OPTIONS /api/admin/doctors responded 204 in 0.0793 ms
2026-07-22 07:45:52.130 +05:30 [INF] HTTP GET /api/admin/doctors responded 200 in 13.5176 ms
2026-07-22 07:45:52.138 +05:30 [INF] HTTP OPTIONS /api/admin/patients responded 204 in 0.1174 ms
2026-07-22 07:45:52.153 +05:30 [INF] HTTP GET /api/admin/patients responded 200 in 8.1568 ms
2026-07-22 07:45:52.178 +05:30 [INF] HTTP OPTIONS /api/admin/appointments/dashboard-summary responded 204 in 0.0944 ms
2026-07-22 07:45:52.205 +05:30 [INF] Dashboard appointment summary fetched successfully.
2026-07-22 07:45:52.207 +05:30 [INF] HTTP GET /api/admin/appointments/dashboard-summary responded 200 in 23.7049 ms
2026-07-22 07:45:55.730 +05:30 [INF] HTTP OPTIONS /api/admin/patients responded 204 in 0.0938 ms
2026-07-22 07:45:55.738 +05:30 [INF] HTTP GET /api/admin/patients responded 200 in 3.7798 ms
2026-07-22 07:46:00.755 +05:30 [INF] HTTP OPTIONS /api/admin/doctors responded 204 in 0.1575 ms
2026-07-22 07:46:00.780 +05:30 [INF] HTTP GET /api/admin/doctors responded 200 in 13.4538 ms
2026-07-22 07:46:20.164 +05:30 [INF] HTTP OPTIONS /api/admin/doctors/3 responded 204 in 0.3237 ms
2026-07-22 07:46:20.263 +05:30 [INF] HTTP PUT /api/admin/doctors/3 responded 200 in 94.1019 ms
2026-07-22 07:46:20.272 +05:30 [INF] HTTP OPTIONS /api/admin/doctors responded 204 in 0.0809 ms
2026-07-22 07:46:20.279 +05:30 [INF] HTTP GET /api/admin/doctors responded 200 in 3.4912 ms
2026-07-22 07:46:29.850 +05:30 [INF] HTTP OPTIONS /api/admin/doctors responded 204 in 0.3964 ms
2026-07-22 07:46:29.859 +05:30 [INF] HTTP GET /api/admin/doctors responded 200 in 3.2754 ms
2026-07-22 07:46:35.000 +05:30 [INF] HTTP OPTIONS /api/admin/doctors responded 204 in 0.0468 ms
2026-07-22 07:46:35.008 +05:30 [INF] HTTP GET /api/admin/doctors responded 200 in 3.4346 ms
2026-07-22 07:46:38.295 +05:30 [INF] HTTP OPTIONS /api/admin/doctors responded 204 in 0.0464 ms
2026-07-22 07:46:38.319 +05:30 [INF] HTTP GET /api/admin/doctors responded 200 in 18.7170 ms
2026-07-22 07:46:42.070 +05:30 [INF] HTTP OPTIONS /api/admin/patients responded 204 in 0.0897 ms
2026-07-22 07:46:42.089 +05:30 [INF] HTTP GET /api/admin/patients responded 200 in 4.0197 ms
2026-07-22 07:46:43.588 +05:30 [INF] HTTP OPTIONS /api/admin/appointments/report responded 204 in 0.0601 ms
2026-07-22 07:46:43.637 +05:30 [INF] Appointment report fetched. FromDate: "2026-07-16", ToDate: "2026-07-22", Count: 2
2026-07-22 07:46:43.641 +05:30 [INF] HTTP GET /api/admin/appointments/report responded 200 in 49.0325 ms
2026-07-22 07:47:01.775 +05:30 [INF] HTTP OPTIONS /api/auth/login responded 204 in 0.0890 ms
2026-07-22 07:47:01.888 +05:30 [INF] HTTP POST /api/auth/login responded 200 in 103.0153 ms
2026-07-22 07:47:04.656 +05:30 [INF] HTTP OPTIONS /api/admin/doctors responded 204 in 0.0599 ms
2026-07-22 07:47:04.668 +05:30 [INF] HTTP GET /api/admin/doctors responded 200 in 4.9156 ms
2026-07-22 07:47:04.722 +05:30 [INF] HTTP OPTIONS /api/admin/doctors responded 204 in 0.0815 ms
2026-07-22 07:47:04.734 +05:30 [INF] HTTP GET /api/admin/doctors responded 200 in 5.1036 ms
2026-07-22 07:47:04.743 +05:30 [INF] HTTP OPTIONS /api/admin/patients responded 204 in 0.0779 ms
2026-07-22 07:47:04.755 +05:30 [INF] HTTP GET /api/admin/patients responded 200 in 5.1123 ms
2026-07-22 07:47:04.787 +05:30 [INF] HTTP OPTIONS /api/admin/appointments/dashboard-summary responded 204 in 0.0420 ms
2026-07-22 07:47:04.797 +05:30 [INF] Dashboard appointment summary fetched successfully.
2026-07-22 07:47:04.798 +05:30 [INF] HTTP GET /api/admin/appointments/dashboard-summary responded 200 in 5.7722 ms
2026-07-22 07:47:07.300 +05:30 [INF] HTTP OPTIONS /api/admin/patients responded 204 in 0.0802 ms
2026-07-22 07:47:07.307 +05:30 [INF] HTTP GET /api/admin/patients responded 200 in 2.8403 ms
2026-07-22 07:47:31.502 +05:30 [INF] Usage Telemetry: {"id":"e8660000-e56a-1944-35db-08dee796ae0c","created":"2026-07-22T07:42:28.4337581\u002B05:30","host":{"framework_version":"10.0.10","mass_transit_version":"8.5.10.0","operating_system_version":"Microsoft Windows NT 10.0.26200.0","time_zone_info":"(UTC\u002B05:30) Chennai, Kolkata, Mumbai, New Delhi","commit_hash":"62ab339afa3bac2e9b3fe1769d0d35d7e44778e9"},"bus":[{"created":"2026-07-22T07:42:28.4390366\u002B05:30","configured":"2026-07-22T07:42:30.5791613\u002B05:30","started":"2026-07-22T07:42:31.4467487\u002B05:30","name":"IBus","endpoints":[{"name":"appointment.events.queue","type":"RabbitMQ","prefetch_count":16,"consumer_count":1,"message_count":1},{"name":"_bus_","type":"RabbitMQ","prefetch_count":16}]}]}
