2026-07-09 06:08:17.764 +05:30 [INF] User profile is available. Using 'C:\Users\310508\AppData\Local\ASP.NET\DataProtection-Keys' as key repository and Windows DPAPI to encrypt keys at rest.
2026-07-09 06:08:41.070 +05:30 [INF] Executed DbCommand (182ms) [Parameters=[@normalizedName='?' (Size = 256)], CommandType='"Text"', CommandTimeout='30']
SELECT TOP(1) [a].[Id], [a].[ConcurrencyStamp], [a].[Name], [a].[NormalizedName]
FROM [AspNetRoles] AS [a]
WHERE [a].[NormalizedName] = @normalizedName
2026-07-09 06:08:41.354 +05:30 [INF] Executed DbCommand (8ms) [Parameters=[@normalizedName='?' (Size = 256)], CommandType='"Text"', CommandTimeout='30']
SELECT TOP(1) [a].[Id], [a].[ConcurrencyStamp], [a].[Name], [a].[NormalizedName]
FROM [AspNetRoles] AS [a]
WHERE [a].[NormalizedName] = @normalizedName
2026-07-09 06:08:41.368 +05:30 [INF] Executed DbCommand (1ms) [Parameters=[@normalizedName='?' (Size = 256)], CommandType='"Text"', CommandTimeout='30']
SELECT TOP(1) [a].[Id], [a].[ConcurrencyStamp], [a].[Name], [a].[NormalizedName]
FROM [AspNetRoles] AS [a]
WHERE [a].[NormalizedName] = @normalizedName
2026-07-09 06:08:41.379 +05:30 [INF] Executed DbCommand (1ms) [Parameters=[@normalizedName='?' (Size = 256)], CommandType='"Text"', CommandTimeout='30']
SELECT TOP(1) [a].[Id], [a].[ConcurrencyStamp], [a].[Name], [a].[NormalizedName]
FROM [AspNetRoles] AS [a]
WHERE [a].[NormalizedName] = @normalizedName
2026-07-09 06:08:41.397 +05:30 [INF] Executed DbCommand (1ms) [Parameters=[@normalizedName='?' (Size = 256)], CommandType='"Text"', CommandTimeout='30']
SELECT TOP(1) [a].[Id], [a].[ConcurrencyStamp], [a].[Name], [a].[NormalizedName]
FROM [AspNetRoles] AS [a]
WHERE [a].[NormalizedName] = @normalizedName
2026-07-09 06:08:41.407 +05:30 [INF] Executed DbCommand (1ms) [Parameters=[@normalizedName='?' (Size = 256)], CommandType='"Text"', CommandTimeout='30']
SELECT TOP(1) [a].[Id], [a].[ConcurrencyStamp], [a].[Name], [a].[NormalizedName]
FROM [AspNetRoles] AS [a]
WHERE [a].[NormalizedName] = @normalizedName
2026-07-09 06:08:41.491 +05:30 [INF] Executed DbCommand (11ms) [Parameters=[@normalizedEmail='?' (Size = 256)], CommandType='"Text"', CommandTimeout='30']
SELECT TOP(2) [a].[Id], [a].[AccessFailedCount], [a].[ConcurrencyStamp], [a].[Discriminator], [a].[Email], [a].[EmailConfirmed], [a].[LockoutEnabled], [a].[LockoutEnd], [a].[NormalizedEmail], [a].[NormalizedUserName], [a].[PasswordHash], [a].[PhoneNumber], [a].[PhoneNumberConfirmed], [a].[SecurityStamp], [a].[TwoFactorEnabled], [a].[UserName]
FROM [AspNetUsers] AS [a]
WHERE [a].[Discriminator] = N'User' AND [a].[NormalizedEmail] = @normalizedEmail
2026-07-09 06:08:42.447 +05:30 [INF] AppointmentBookedEventConsumer started. Listening to queue...
2026-07-09 06:08:42.994 +05:30 [INF] Now listening on: https://localhost:7234
2026-07-09 06:08:42.999 +05:30 [INF] Now listening on: http://localhost:5225
2026-07-09 06:08:43.166 +05:30 [INF] Application started. Press Ctrl+C to shut down.
2026-07-09 06:08:43.172 +05:30 [INF] Hosting environment: Development
2026-07-09 06:08:43.175 +05:30 [INF] Content root path: C:\Users\310508\source\repos\UST-Live-01\HealthCare\HealthCare.Api
2026-07-09 06:09:36.976 +05:30 [INF] Request starting HTTP/2 OPTIONS https://localhost:7234/api/auth/login - null null
2026-07-09 06:09:37.105 +05:30 [INF] CORS policy execution successful.
2026-07-09 06:09:37.115 +05:30 [INF] API Request: OPTIONS /api/auth/login responded 204
2026-07-09 06:09:37.136 +05:30 [INF] Request finished HTTP/2 OPTIONS https://localhost:7234/api/auth/login - 204 null null 162.4934ms
2026-07-09 06:09:37.146 +05:30 [INF] Request starting HTTP/2 POST https://localhost:7234/api/auth/login - application/json 51
2026-07-09 06:09:37.168 +05:30 [INF] CORS policy execution successful.
2026-07-09 06:09:37.199 +05:30 [INF] Executing endpoint 'HealthCare.Api.Controllers.AuthController.Login (HealthCare.Api)'
2026-07-09 06:09:37.247 +05:30 [INF] Route matched with {action = "Login", controller = "Auth"}. Executing controller action with signature System.Threading.Tasks.Task`1[Microsoft.AspNetCore.Mvc.IActionResult] Login(HealthCare.Api.DTOs.Auth.LoginDto) on controller HealthCare.Api.Controllers.AuthController (HealthCare.Api).
2026-07-09 06:09:37.512 +05:30 [WRN] You do not have a valid license key for the Lucky Penny software AutoMapper. This is allowed for development and testing scenarios. If you are running in production you are required to have a licensed version. Please visit https://luckypennysoftware.com to obtain a valid license.
2026-07-09 06:09:37.793 +05:30 [INF] Executed DbCommand (2ms) [Parameters=[@normalizedEmail='?' (Size = 256)], CommandType='"Text"', CommandTimeout='30']
SELECT TOP(2) [a].[Id], [a].[AccessFailedCount], [a].[ConcurrencyStamp], [a].[Discriminator], [a].[Email], [a].[EmailConfirmed], [a].[LockoutEnabled], [a].[LockoutEnd], [a].[NormalizedEmail], [a].[NormalizedUserName], [a].[PasswordHash], [a].[PhoneNumber], [a].[PhoneNumberConfirmed], [a].[SecurityStamp], [a].[TwoFactorEnabled], [a].[UserName]
FROM [AspNetUsers] AS [a]
WHERE [a].[Discriminator] = N'User' AND [a].[NormalizedEmail] = @normalizedEmail
2026-07-09 06:09:38.190 +05:30 [INF] Executed DbCommand (33ms) [Parameters=[@userId='?' (Size = 450)], CommandType='"Text"', CommandTimeout='30']
SELECT [a0].[Name]
FROM [AspNetUserRoles] AS [a]
INNER JOIN [AspNetRoles] AS [a0] ON [a].[RoleId] = [a0].[Id]
WHERE [a].[UserId] = @userId
2026-07-09 06:09:38.234 +05:30 [INF] Executed DbCommand (10ms) [Parameters=[@userId='?' (Size = 450)], CommandType='"Text"', CommandTimeout='30']
SELECT TOP(1) [p].[PatientId], [p].[CreatedDate], [p].[DateOfBirth], [p].[FullName], [p].[Gender], [p].[InsuranceId], [p].[IsActive], [p].[PhoneNumber], [p].[UserId]
FROM [Patients] AS [p]
WHERE [p].[UserId] = @userId
2026-07-09 06:09:38.377 +05:30 [INF] Executed DbCommand (1ms) [Parameters=[@userId='?' (Size = 450)], CommandType='"Text"', CommandTimeout='30']
SELECT [a0].[Name]
FROM [AspNetUserRoles] AS [a]
INNER JOIN [AspNetRoles] AS [a0] ON [a].[RoleId] = [a0].[Id]
WHERE [a].[UserId] = @userId
2026-07-09 06:09:38.503 +05:30 [INF] Executing OkObjectResult, writing value of type 'HealthCare.Api.DTOs.Auth.AuthResponseDto'.
2026-07-09 06:09:38.539 +05:30 [INF] Executed action HealthCare.Api.Controllers.AuthController.Login (HealthCare.Api) in 1274.1388ms
2026-07-09 06:09:38.544 +05:30 [INF] Executed endpoint 'HealthCare.Api.Controllers.AuthController.Login (HealthCare.Api)'
2026-07-09 06:09:38.550 +05:30 [INF] API Request: POST /api/auth/login responded 200
2026-07-09 06:09:38.567 +05:30 [INF] Request finished HTTP/2 POST https://localhost:7234/api/auth/login - 200 null application/json; charset=utf-8 1420.5516ms
2026-07-09 06:09:38.937 +05:30 [INF] Request starting HTTP/2 OPTIONS https://localhost:7234/api/appointments/patient/upcoming - null null
2026-07-09 06:09:38.937 +05:30 [INF] Request starting HTTP/2 OPTIONS https://localhost:7234/api/records/my-records - null null
2026-07-09 06:09:38.945 +05:30 [INF] CORS policy execution successful.
2026-07-09 06:09:38.949 +05:30 [INF] CORS policy execution successful.
2026-07-09 06:09:38.950 +05:30 [INF] API Request: OPTIONS /api/appointments/patient/upcoming responded 204
2026-07-09 06:09:38.953 +05:30 [INF] API Request: OPTIONS /api/records/my-records responded 204
2026-07-09 06:09:38.957 +05:30 [INF] Request finished HTTP/2 OPTIONS https://localhost:7234/api/appointments/patient/upcoming - 204 null null 20.0563ms
2026-07-09 06:09:38.960 +05:30 [INF] Request starting HTTP/2 GET https://localhost:7234/api/appointments/patient/upcoming - null null
2026-07-09 06:09:38.960 +05:30 [INF] Request finished HTTP/2 OPTIONS https://localhost:7234/api/records/my-records - 204 null null 22.487ms
2026-07-09 06:09:38.965 +05:30 [INF] Request starting HTTP/2 GET https://localhost:7234/api/records/my-records - null null
2026-07-09 06:09:38.983 +05:30 [INF] CORS policy execution successful.
2026-07-09 06:09:38.993 +05:30 [INF] CORS policy execution successful.
2026-07-09 06:09:39.178 +05:30 [INF] Executing endpoint 'HealthCare.Api.Controllers.HealthRecordController.GetHealthRecordByPatient (HealthCare.Api)'
2026-07-09 06:09:39.178 +05:30 [INF] Executing endpoint 'HealthCare.Api.Controllers.AppointmentController.GetAppointmentByPatient (HealthCare.Api)'
2026-07-09 06:09:39.198 +05:30 [INF] Route matched with {action = "GetHealthRecordByPatient", controller = "HealthRecord"}. Executing controller action with signature System.Threading.Tasks.Task`1[Microsoft.AspNetCore.Mvc.IActionResult] GetHealthRecordByPatient() on controller HealthCare.Api.Controllers.HealthRecordController (HealthCare.Api).
2026-07-09 06:09:39.200 +05:30 [INF] Route matched with {action = "GetAppointmentByPatient", controller = "Appointment"}. Executing controller action with signature System.Threading.Tasks.Task`1[Microsoft.AspNetCore.Mvc.IActionResult] GetAppointmentByPatient() on controller HealthCare.Api.Controllers.AppointmentController (HealthCare.Api).
2026-07-09 06:09:39.383 +05:30 [INF] Executed DbCommand (41ms) [Parameters=[@id='?' (DbType = Int32)], CommandType='"Text"', CommandTimeout='30']
SELECT [h].[RecordId], [p].[FullName] AS [PatientName], [d].[FullName] AS [DoctorName], [h].[VisitDate], [h].[Diagnosis], [h].[Prescription], [h].[Notes]
FROM [HealthRecords] AS [h]
INNER JOIN [Patients] AS [p] ON [h].[PatientId] = [p].[PatientId]
INNER JOIN [Doctors] AS [d] ON [h].[DoctorId] = [d].[DoctorId]
WHERE [h].[PatientId] = @id
2026-07-09 06:09:39.395 +05:30 [INF] Executing OkObjectResult, writing value of type 'System.Collections.Generic.List`1[[HealthCare.Api.DTOs.HealthRecord.HealthRecordListDto, HealthCare.Shared, Version=1.0.0.0, Culture=neutral, PublicKeyToken=null]]'.
2026-07-09 06:09:39.414 +05:30 [INF] Executed action HealthCare.Api.Controllers.HealthRecordController.GetHealthRecordByPatient (HealthCare.Api) in 209.2247ms
2026-07-09 06:09:39.418 +05:30 [INF] Executed endpoint 'HealthCare.Api.Controllers.HealthRecordController.GetHealthRecordByPatient (HealthCare.Api)'
2026-07-09 06:09:39.422 +05:30 [INF] API Request: GET /api/records/my-records responded 200
2026-07-09 06:09:39.427 +05:30 [INF] Request finished HTTP/2 GET https://localhost:7234/api/records/my-records - 200 null application/json; charset=utf-8 462.6823ms
2026-07-09 06:09:39.864 +05:30 [INF] Executed DbCommand (43ms) [Parameters=[@id='?' (DbType = Int32)], CommandType='"Text"', CommandTimeout='30']
SELECT [a].[AppointmentId], [a].[PatientId], [p].[FullName] AS [PatientName], [d].[FullName] AS [DoctorName], [a].[ScheduledDate], [a].[TimeSlot], [a].[Status]
FROM [Appointments] AS [a]
INNER JOIN [Patients] AS [p] ON [a].[PatientId] = [p].[PatientId]
INNER JOIN [Doctors] AS [d] ON [a].[DoctorId] = [d].[DoctorId]
WHERE [a].[PatientId] = @id AND [a].[ScheduledDate] >= CAST(CONVERT(date, GETDATE()) AS date)
2026-07-09 06:09:39.873 +05:30 [INF] Executing OkObjectResult, writing value of type 'System.Collections.Generic.List`1[[HealthCare.Api.DTOs.Appointment.AppointmentListDto, HealthCare.Shared, Version=1.0.0.0, Culture=neutral, PublicKeyToken=null]]'.
2026-07-09 06:09:39.891 +05:30 [INF] Executed action HealthCare.Api.Controllers.AppointmentController.GetAppointmentByPatient (HealthCare.Api) in 683.0272ms
2026-07-09 06:09:39.896 +05:30 [INF] Executed endpoint 'HealthCare.Api.Controllers.AppointmentController.GetAppointmentByPatient (HealthCare.Api)'
2026-07-09 06:09:39.900 +05:30 [INF] API Request: GET /api/appointments/patient/upcoming responded 200
2026-07-09 06:09:39.903 +05:30 [INF] Request finished HTTP/2 GET https://localhost:7234/api/appointments/patient/upcoming - 200 null application/json; charset=utf-8 943.4435ms
2026-07-09 06:09:40.790 +05:30 [INF] Request starting HTTP/2 OPTIONS https://localhost:7234/api/patients/profile - null null
2026-07-09 06:09:40.800 +05:30 [INF] CORS policy execution successful.
2026-07-09 06:09:40.802 +05:30 [INF] API Request: OPTIONS /api/patients/profile responded 204
2026-07-09 06:09:40.807 +05:30 [INF] Request finished HTTP/2 OPTIONS https://localhost:7234/api/patients/profile - 204 null null 16.8845ms
2026-07-09 06:09:40.811 +05:30 [INF] Request starting HTTP/2 GET https://localhost:7234/api/patients/profile - null null
2026-07-09 06:09:40.825 +05:30 [INF] CORS policy execution successful.
2026-07-09 06:09:40.838 +05:30 [INF] Executing endpoint 'HealthCare.Api.Controllers.PatientController.GetMyProfile (HealthCare.Api)'
2026-07-09 06:09:40.856 +05:30 [INF] Route matched with {action = "GetMyProfile", controller = "Patient"}. Executing controller action with signature System.Threading.Tasks.Task`1[Microsoft.AspNetCore.Mvc.IActionResult] GetMyProfile() on controller HealthCare.Api.Controllers.PatientController (HealthCare.Api).
2026-07-09 06:09:40.927 +05:30 [INF] Executed DbCommand (10ms) [Parameters=[@patientId='?' (DbType = Int32)], CommandType='"Text"', CommandTimeout='30']
SELECT TOP(1) [p].[PatientId], [p].[FullName], COALESCE([a].[Email], N'') AS [Email], [p].[PhoneNumber], [p].[DateOfBirth], [p].[Gender], [p].[InsuranceId]
FROM [Patients] AS [p]
INNER JOIN [AspNetUsers] AS [a] ON [p].[UserId] = [a].[Id]
WHERE [p].[PatientId] = @patientId
2026-07-09 06:09:40.937 +05:30 [INF] Executing OkObjectResult, writing value of type 'HealthCare.Shared.DTOs.Patient.PatientProfileDto'.
2026-07-09 06:09:40.956 +05:30 [INF] Executed action HealthCare.Api.Controllers.PatientController.GetMyProfile (HealthCare.Api) in 94.3418ms
2026-07-09 06:09:40.960 +05:30 [INF] Executed endpoint 'HealthCare.Api.Controllers.PatientController.GetMyProfile (HealthCare.Api)'
2026-07-09 06:09:40.963 +05:30 [INF] API Request: GET /api/patients/profile responded 200
2026-07-09 06:09:40.969 +05:30 [INF] Request finished HTTP/2 GET https://localhost:7234/api/patients/profile - 200 null application/json; charset=utf-8 157.7481ms
2026-07-09 06:09:50.904 +05:30 [INF] Request starting HTTP/2 OPTIONS https://localhost:7234/api/doctors/available?specialisation=Orthopedic&date=2026-07-10 - null null
2026-07-09 06:09:50.912 +05:30 [INF] CORS policy execution successful.
2026-07-09 06:09:50.915 +05:30 [INF] API Request: OPTIONS /api/doctors/available responded 204
2026-07-09 06:09:50.919 +05:30 [INF] Request finished HTTP/2 OPTIONS https://localhost:7234/api/doctors/available?specialisation=Orthopedic&date=2026-07-10 - 204 null null 14.81ms
2026-07-09 06:09:50.923 +05:30 [INF] Request starting HTTP/2 GET https://localhost:7234/api/doctors/available?specialisation=Orthopedic&date=2026-07-10 - null null
2026-07-09 06:09:50.938 +05:30 [INF] CORS policy execution successful.
2026-07-09 06:09:50.943 +05:30 [INF] Executing endpoint 'HealthCare.Api.Controllers.DoctorController.GetAvailableDoctors (HealthCare.Api)'
2026-07-09 06:09:50.963 +05:30 [INF] Route matched with {action = "GetAvailableDoctors", controller = "Doctor"}. Executing controller action with signature System.Threading.Tasks.Task`1[Microsoft.AspNetCore.Mvc.IActionResult] GetAvailableDoctors(System.String, System.DateOnly) on controller HealthCare.Api.Controllers.DoctorController (HealthCare.Api).
2026-07-09 06:09:51.129 +05:30 [INF] Executed DbCommand (63ms) [Parameters=[@specialisation='?' (Size = 50), @date='?' (DbType = Date)], CommandType='"Text"', CommandTimeout='30']
SELECT [d].[DoctorId], [d].[FullName], [d].[Specialisation], [d].[ConsultationFee], [d].[IsActive]
FROM [Doctors] AS [d]
WHERE [d].[Specialisation] = @specialisation AND [d].[IsActive] = CAST(1 AS bit) AND NOT EXISTS (
    SELECT 1
    FROM [DoctorLeaves] AS [d0]
    WHERE [d].[DoctorId] = [d0].[DoctorId] AND [d0].[LeaveDate] = @date) AND EXISTS (
    SELECT 1
    FROM (
        SELECT [d1].[TimeSlot]
        FROM [DoctorAvailableSlots] AS [d1]
        WHERE [d].[DoctorId] = [d1].[DoctorId]
        EXCEPT
        SELECT [a].[TimeSlot]
        FROM [Appointments] AS [a]
        WHERE [d].[DoctorId] = [a].[DoctorId] AND [a].[ScheduledDate] = @date AND [a].[Status] <> N'Cancelled'
    ) AS [e])
2026-07-09 06:09:51.140 +05:30 [INF] Executing OkObjectResult, writing value of type 'System.Collections.Generic.List`1[[HealthCare.Api.DTOs.Doctor.DoctorListDto, HealthCare.Shared, Version=1.0.0.0, Culture=neutral, PublicKeyToken=null]]'.
2026-07-09 06:09:51.159 +05:30 [INF] Executed action HealthCare.Api.Controllers.DoctorController.GetAvailableDoctors (HealthCare.Api) in 187.6838ms
2026-07-09 06:09:51.162 +05:30 [INF] Executed endpoint 'HealthCare.Api.Controllers.DoctorController.GetAvailableDoctors (HealthCare.Api)'
2026-07-09 06:09:51.165 +05:30 [INF] API Request: GET /api/doctors/available responded 200
2026-07-09 06:09:51.169 +05:30 [INF] Request finished HTTP/2 GET https://localhost:7234/api/doctors/available?specialisation=Orthopedic&date=2026-07-10 - 200 null application/json; charset=utf-8 245.5217ms
2026-07-09 06:09:58.005 +05:30 [INF] Request starting HTTP/2 OPTIONS https://localhost:7234/api/doctors/available?specialisation=Dermatologist&date=2026-07-10 - null null
2026-07-09 06:09:58.018 +05:30 [INF] CORS policy execution successful.
2026-07-09 06:09:58.020 +05:30 [INF] API Request: OPTIONS /api/doctors/available responded 204
2026-07-09 06:09:58.025 +05:30 [INF] Request finished HTTP/2 OPTIONS https://localhost:7234/api/doctors/available?specialisation=Dermatologist&date=2026-07-10 - 204 null null 19.9269ms
2026-07-09 06:09:58.030 +05:30 [INF] Request starting HTTP/2 GET https://localhost:7234/api/doctors/available?specialisation=Dermatologist&date=2026-07-10 - null null
2026-07-09 06:09:58.045 +05:30 [INF] CORS policy execution successful.
2026-07-09 06:09:58.049 +05:30 [INF] Executing endpoint 'HealthCare.Api.Controllers.DoctorController.GetAvailableDoctors (HealthCare.Api)'
2026-07-09 06:09:58.053 +05:30 [INF] Route matched with {action = "GetAvailableDoctors", controller = "Doctor"}. Executing controller action with signature System.Threading.Tasks.Task`1[Microsoft.AspNetCore.Mvc.IActionResult] GetAvailableDoctors(System.String, System.DateOnly) on controller HealthCare.Api.Controllers.DoctorController (HealthCare.Api).
2026-07-09 06:09:58.075 +05:30 [INF] Executed DbCommand (2ms) [Parameters=[@specialisation='?' (Size = 50), @date='?' (DbType = Date)], CommandType='"Text"', CommandTimeout='30']
SELECT [d].[DoctorId], [d].[FullName], [d].[Specialisation], [d].[ConsultationFee], [d].[IsActive]
FROM [Doctors] AS [d]
WHERE [d].[Specialisation] = @specialisation AND [d].[IsActive] = CAST(1 AS bit) AND NOT EXISTS (
    SELECT 1
    FROM [DoctorLeaves] AS [d0]
    WHERE [d].[DoctorId] = [d0].[DoctorId] AND [d0].[LeaveDate] = @date) AND EXISTS (
    SELECT 1
    FROM (
        SELECT [d1].[TimeSlot]
        FROM [DoctorAvailableSlots] AS [d1]
        WHERE [d].[DoctorId] = [d1].[DoctorId]
        EXCEPT
        SELECT [a].[TimeSlot]
        FROM [Appointments] AS [a]
        WHERE [d].[DoctorId] = [a].[DoctorId] AND [a].[ScheduledDate] = @date AND [a].[Status] <> N'Cancelled'
    ) AS [e])
2026-07-09 06:09:58.082 +05:30 [INF] Executing OkObjectResult, writing value of type 'System.Collections.Generic.List`1[[HealthCare.Api.DTOs.Doctor.DoctorListDto, HealthCare.Shared, Version=1.0.0.0, Culture=neutral, PublicKeyToken=null]]'.
2026-07-09 06:09:58.086 +05:30 [INF] Executed action HealthCare.Api.Controllers.DoctorController.GetAvailableDoctors (HealthCare.Api) in 27.5846ms
2026-07-09 06:09:58.090 +05:30 [INF] Executed endpoint 'HealthCare.Api.Controllers.DoctorController.GetAvailableDoctors (HealthCare.Api)'
2026-07-09 06:09:58.092 +05:30 [INF] API Request: GET /api/doctors/available responded 200
2026-07-09 06:09:58.096 +05:30 [INF] Request finished HTTP/2 GET https://localhost:7234/api/doctors/available?specialisation=Dermatologist&date=2026-07-10 - 200 null application/json; charset=utf-8 66.0425ms
2026-07-09 06:10:00.832 +05:30 [INF] Request starting HTTP/2 OPTIONS https://localhost:7234/api/appointments/available-slots?date=2026-07-10&doctorId=6 - null null
2026-07-09 06:10:00.840 +05:30 [INF] CORS policy execution successful.
2026-07-09 06:10:00.842 +05:30 [INF] API Request: OPTIONS /api/appointments/available-slots responded 204
2026-07-09 06:10:00.847 +05:30 [INF] Request finished HTTP/2 OPTIONS https://localhost:7234/api/appointments/available-slots?date=2026-07-10&doctorId=6 - 204 null null 14.0458ms
2026-07-09 06:10:00.849 +05:30 [INF] Request starting HTTP/2 GET https://localhost:7234/api/appointments/available-slots?date=2026-07-10&doctorId=6 - null null
2026-07-09 06:10:00.862 +05:30 [INF] CORS policy execution successful.
2026-07-09 06:10:00.865 +05:30 [INF] Executing endpoint 'HealthCare.Api.Controllers.AppointmentController.GetAvailableTimeSlots (HealthCare.Api)'
2026-07-09 06:10:00.884 +05:30 [INF] Route matched with {action = "GetAvailableTimeSlots", controller = "Appointment"}. Executing controller action with signature System.Threading.Tasks.Task`1[Microsoft.AspNetCore.Mvc.IActionResult] GetAvailableTimeSlots(System.DateOnly, Int32) on controller HealthCare.Api.Controllers.AppointmentController (HealthCare.Api).
2026-07-09 06:10:00.914 +05:30 [INF] Executed DbCommand (6ms) [Parameters=[@doctorId='?' (DbType = Int32)], CommandType='"Text"', CommandTimeout='30']
SELECT [d].[TimeSlot]
FROM [DoctorAvailableSlots] AS [d]
WHERE [d].[DoctorId] = @doctorId
2026-07-09 06:10:00.939 +05:30 [INF] Executed DbCommand (9ms) [Parameters=[@date='?' (DbType = Date), @doctorId='?' (DbType = Int32)], CommandType='"Text"', CommandTimeout='30']
SELECT [a].[TimeSlot]
FROM [Appointments] AS [a]
WHERE [a].[ScheduledDate] = @date AND [a].[DoctorId] = @doctorId AND [a].[Status] <> N'Cancelled'
2026-07-09 06:10:00.946 +05:30 [INF] Executing OkObjectResult, writing value of type 'System.Collections.Generic.List`1[[System.String, System.Private.CoreLib, Version=10.0.0.0, Culture=neutral, PublicKeyToken=7cec85d7bea7798e]]'.
2026-07-09 06:10:00.952 +05:30 [INF] Executed action HealthCare.Api.Controllers.AppointmentController.GetAvailableTimeSlots (HealthCare.Api) in 62.4536ms
2026-07-09 06:10:00.956 +05:30 [INF] Executed endpoint 'HealthCare.Api.Controllers.AppointmentController.GetAvailableTimeSlots (HealthCare.Api)'
2026-07-09 06:10:00.959 +05:30 [INF] API Request: GET /api/appointments/available-slots responded 200
2026-07-09 06:10:00.964 +05:30 [INF] Request finished HTTP/2 GET https://localhost:7234/api/appointments/available-slots?date=2026-07-10&doctorId=6 - 200 null application/json; charset=utf-8 115.14ms
2026-07-09 06:10:18.725 +05:30 [INF] Request starting HTTP/2 OPTIONS https://localhost:7234/api/appointments/book - null null
2026-07-09 06:10:18.733 +05:30 [INF] CORS policy execution successful.
2026-07-09 06:10:18.735 +05:30 [INF] API Request: OPTIONS /api/appointments/book responded 204
2026-07-09 06:10:18.738 +05:30 [INF] Request finished HTTP/2 OPTIONS https://localhost:7234/api/appointments/book - 204 null null 13.2659ms
2026-07-09 06:10:18.741 +05:30 [INF] Request starting HTTP/2 POST https://localhost:7234/api/appointments/book - application/json 65
2026-07-09 06:10:18.753 +05:30 [INF] CORS policy execution successful.
2026-07-09 06:10:18.756 +05:30 [INF] Executing endpoint 'HealthCare.Api.Controllers.AppointmentController.BookAppointment (HealthCare.Api)'
2026-07-09 06:10:18.775 +05:30 [INF] Route matched with {action = "BookAppointment", controller = "Appointment"}. Executing controller action with signature System.Threading.Tasks.Task`1[Microsoft.AspNetCore.Mvc.IActionResult] BookAppointment(HealthCare.Shared.DTOs.Appointment.CreateAppointmentDto) on controller HealthCare.Api.Controllers.AppointmentController (HealthCare.Api).
2026-07-09 06:10:18.851 +05:30 [INF] Executed DbCommand (8ms) [Parameters=[@date='?' (DbType = Date), @doctorId='?' (DbType = Int32), @timeSlot='?' (Size = 20)], CommandType='"Text"', CommandTimeout='30']
SELECT CASE
    WHEN EXISTS (
        SELECT 1
        FROM [Appointments] AS [a]
        WHERE [a].[ScheduledDate] = @date AND [a].[DoctorId] = @doctorId AND [a].[TimeSlot] = @timeSlot AND [a].[Status] <> N'Cancelled') THEN CAST(1 AS bit)
    ELSE CAST(0 AS bit)
END
2026-07-09 06:10:19.266 +05:30 [INF] Executed DbCommand (31ms) [Parameters=[@p0='?' (Size = 500), @p1='?' (DbType = DateTimeOffset), @p2='?' (DbType = Int32), @p3='?' (DbType = Int32), @p4='?' (DbType = Date), @p5='?' (Size = 20), @p6='?' (Size = 20)], CommandType='"Text"', CommandTimeout='30']
SET IMPLICIT_TRANSACTIONS OFF;
SET NOCOUNT ON;
INSERT INTO [Appointments] ([CancellationReason], [CreatedDate], [DoctorId], [PatientId], [ScheduledDate], [Status], [TimeSlot])
OUTPUT INSERTED.[AppointmentId]
VALUES (@p0, @p1, @p2, @p3, @p4, @p5, @p6);
2026-07-09 06:10:19.340 +05:30 [INF] Appointment booked: AppointmentId 1014
2026-07-09 06:10:19.366 +05:30 [INF] Executed DbCommand (5ms) [Parameters=[@patientId='?' (DbType = Int32)], CommandType='"Text"', CommandTimeout='30']
SELECT TOP(1) [p].[PatientId], [p].[CreatedDate], [p].[DateOfBirth], [p].[FullName], [p].[Gender], [p].[InsuranceId], [p].[IsActive], [p].[PhoneNumber], [p].[UserId]
FROM [Patients] AS [p]
WHERE [p].[PatientId] = @patientId
2026-07-09 06:10:19.405 +05:30 [INF] Executing OkObjectResult, writing value of type '<>f__AnonymousType0`1[[System.String, System.Private.CoreLib, Version=10.0.0.0, Culture=neutral, PublicKeyToken=7cec85d7bea7798e]]'.
2026-07-09 06:10:19.412 +05:30 [INF] Executed action HealthCare.Api.Controllers.AppointmentController.BookAppointment (HealthCare.Api) in 632.0647ms
2026-07-09 06:10:19.416 +05:30 [INF] Executed endpoint 'HealthCare.Api.Controllers.AppointmentController.BookAppointment (HealthCare.Api)'
2026-07-09 06:10:19.419 +05:30 [INF] API Request: POST /api/appointments/book responded 200
2026-07-09 06:10:19.423 +05:30 [INF] Request finished HTTP/2 POST https://localhost:7234/api/appointments/book - 200 null application/json; charset=utf-8 682.5409ms
2026-07-09 06:13:58.528 +05:30 [INF] User profile is available. Using 'C:\Users\310508\AppData\Local\ASP.NET\DataProtection-Keys' as key repository and Windows DPAPI to encrypt keys at rest.
2026-07-09 06:14:04.057 +05:30 [INF] Executed DbCommand (170ms) [Parameters=[@normalizedName='?' (Size = 256)], CommandType='"Text"', CommandTimeout='30']
SELECT TOP(1) [a].[Id], [a].[ConcurrencyStamp], [a].[Name], [a].[NormalizedName]
FROM [AspNetRoles] AS [a]
WHERE [a].[NormalizedName] = @normalizedName
2026-07-09 06:14:04.330 +05:30 [INF] Executed DbCommand (5ms) [Parameters=[@normalizedName='?' (Size = 256)], CommandType='"Text"', CommandTimeout='30']
SELECT TOP(1) [a].[Id], [a].[ConcurrencyStamp], [a].[Name], [a].[NormalizedName]
FROM [AspNetRoles] AS [a]
WHERE [a].[NormalizedName] = @normalizedName
2026-07-09 06:14:04.341 +05:30 [INF] Executed DbCommand (2ms) [Parameters=[@normalizedName='?' (Size = 256)], CommandType='"Text"', CommandTimeout='30']
SELECT TOP(1) [a].[Id], [a].[ConcurrencyStamp], [a].[Name], [a].[NormalizedName]
FROM [AspNetRoles] AS [a]
WHERE [a].[NormalizedName] = @normalizedName
2026-07-09 06:14:04.356 +05:30 [INF] Executed DbCommand (1ms) [Parameters=[@normalizedName='?' (Size = 256)], CommandType='"Text"', CommandTimeout='30']
SELECT TOP(1) [a].[Id], [a].[ConcurrencyStamp], [a].[Name], [a].[NormalizedName]
FROM [AspNetRoles] AS [a]
WHERE [a].[NormalizedName] = @normalizedName
2026-07-09 06:14:04.373 +05:30 [INF] Executed DbCommand (1ms) [Parameters=[@normalizedName='?' (Size = 256)], CommandType='"Text"', CommandTimeout='30']
SELECT TOP(1) [a].[Id], [a].[ConcurrencyStamp], [a].[Name], [a].[NormalizedName]
FROM [AspNetRoles] AS [a]
WHERE [a].[NormalizedName] = @normalizedName
2026-07-09 06:14:04.382 +05:30 [INF] Executed DbCommand (1ms) [Parameters=[@normalizedName='?' (Size = 256)], CommandType='"Text"', CommandTimeout='30']
SELECT TOP(1) [a].[Id], [a].[ConcurrencyStamp], [a].[Name], [a].[NormalizedName]
FROM [AspNetRoles] AS [a]
WHERE [a].[NormalizedName] = @normalizedName
2026-07-09 06:14:04.484 +05:30 [INF] Executed DbCommand (16ms) [Parameters=[@normalizedEmail='?' (Size = 256)], CommandType='"Text"', CommandTimeout='30']
SELECT TOP(2) [a].[Id], [a].[AccessFailedCount], [a].[ConcurrencyStamp], [a].[Discriminator], [a].[Email], [a].[EmailConfirmed], [a].[LockoutEnabled], [a].[LockoutEnd], [a].[NormalizedEmail], [a].[NormalizedUserName], [a].[PasswordHash], [a].[PhoneNumber], [a].[PhoneNumberConfirmed], [a].[SecurityStamp], [a].[TwoFactorEnabled], [a].[UserName]
FROM [AspNetUsers] AS [a]
WHERE [a].[Discriminator] = N'User' AND [a].[NormalizedEmail] = @normalizedEmail
2026-07-09 06:14:05.307 +05:30 [INF] AppointmentBookedEventConsumer started. Listening to queue...
2026-07-09 06:14:06.005 +05:30 [INF] Now listening on: https://localhost:7234
2026-07-09 06:14:06.009 +05:30 [INF] Now listening on: http://localhost:5225
2026-07-09 06:14:06.182 +05:30 [INF] Application started. Press Ctrl+C to shut down.
2026-07-09 06:14:06.186 +05:30 [INF] Hosting environment: Development
2026-07-09 06:14:06.193 +05:30 [INF] Content root path: C:\Users\310508\source\repos\UST-Live-01\HealthCare\HealthCare.Api
2026-07-09 06:14:45.783 +05:30 [INF] Request starting HTTP/2 OPTIONS https://localhost:7234/api/auth/login - null null
2026-07-09 06:14:45.912 +05:30 [INF] CORS policy execution successful.
2026-07-09 06:14:45.926 +05:30 [INF] API Request: OPTIONS /api/auth/login responded 204
2026-07-09 06:14:45.944 +05:30 [INF] Request finished HTTP/2 OPTIONS https://localhost:7234/api/auth/login - 204 null null 165.179ms
2026-07-09 06:14:45.953 +05:30 [INF] Request starting HTTP/2 POST https://localhost:7234/api/auth/login - application/json 55
2026-07-09 06:14:45.976 +05:30 [INF] CORS policy execution successful.
2026-07-09 06:14:46.000 +05:30 [INF] Executing endpoint 'HealthCare.Api.Controllers.AuthController.Login (HealthCare.Api)'
2026-07-09 06:14:46.055 +05:30 [INF] Route matched with {action = "Login", controller = "Auth"}. Executing controller action with signature System.Threading.Tasks.Task`1[Microsoft.AspNetCore.Mvc.IActionResult] Login(HealthCare.Api.DTOs.Auth.LoginDto) on controller HealthCare.Api.Controllers.AuthController (HealthCare.Api).
2026-07-09 06:14:46.310 +05:30 [WRN] You do not have a valid license key for the Lucky Penny software AutoMapper. This is allowed for development and testing scenarios. If you are running in production you are required to have a licensed version. Please visit https://luckypennysoftware.com to obtain a valid license.
2026-07-09 06:14:46.594 +05:30 [INF] Executed DbCommand (2ms) [Parameters=[@normalizedEmail='?' (Size = 256)], CommandType='"Text"', CommandTimeout='30']
SELECT TOP(2) [a].[Id], [a].[AccessFailedCount], [a].[ConcurrencyStamp], [a].[Discriminator], [a].[Email], [a].[EmailConfirmed], [a].[LockoutEnabled], [a].[LockoutEnd], [a].[NormalizedEmail], [a].[NormalizedUserName], [a].[PasswordHash], [a].[PhoneNumber], [a].[PhoneNumberConfirmed], [a].[SecurityStamp], [a].[TwoFactorEnabled], [a].[UserName]
FROM [AspNetUsers] AS [a]
WHERE [a].[Discriminator] = N'User' AND [a].[NormalizedEmail] = @normalizedEmail
2026-07-09 06:14:46.620 +05:30 [INF] Executed action HealthCare.Api.Controllers.AuthController.Login (HealthCare.Api) in 550.1382ms
2026-07-09 06:14:46.626 +05:30 [INF] Executed endpoint 'HealthCare.Api.Controllers.AuthController.Login (HealthCare.Api)'
2026-07-09 06:14:46.684 +05:30 [ERR] Exception occurred while processing POST /api/auth/login
System.InvalidOperationException: Email already in use
   at HealthCare.Api.Services.Implementations.AuthService.LoginAsync(LoginDto dto) in C:\Users\310508\source\repos\UST-Live-01\HealthCare\HealthCare.Api\Services\Implementations\AuthService.cs:line 100
   at HealthCare.Api.Controllers.AuthController.Login(LoginDto dto) in C:\Users\310508\source\repos\UST-Live-01\HealthCare\HealthCare.Api\Controllers\AuthController.cs:line 43
   at Microsoft.AspNetCore.Mvc.Infrastructure.ActionMethodExecutor.TaskOfIActionResultExecutor.Execute(ActionContext actionContext, IActionResultTypeMapper mapper, ObjectMethodExecutor executor, Object controller, Object[] arguments)
   at Microsoft.AspNetCore.Mvc.Infrastructure.ControllerActionInvoker.<InvokeActionMethodAsync>g__Awaited|12_0(ControllerActionInvoker invoker, ValueTask`1 actionResultValueTask)
   at Microsoft.AspNetCore.Mvc.Infrastructure.ControllerActionInvoker.<InvokeNextActionFilterAsync>g__Awaited|10_0(ControllerActionInvoker invoker, Task lastTask, State next, Scope scope, Object state, Boolean isCompleted)
   at Microsoft.AspNetCore.Mvc.Infrastructure.ControllerActionInvoker.Rethrow(ActionExecutedContextSealed context)
   at Microsoft.AspNetCore.Mvc.Infrastructure.ControllerActionInvoker.Next(State& next, Scope& scope, Object& state, Boolean& isCompleted)
   at Microsoft.AspNetCore.Mvc.Infrastructure.ControllerActionInvoker.<InvokeInnerFilterAsync>g__Awaited|13_0(ControllerActionInvoker invoker, Task lastTask, State next, Scope scope, Object state, Boolean isCompleted)
   at Microsoft.AspNetCore.Mvc.Infrastructure.ResourceInvoker.<InvokeFilterPipelineAsync>g__Awaited|20_0(ResourceInvoker invoker, Task lastTask, State next, Scope scope, Object state, Boolean isCompleted)
   at Microsoft.AspNetCore.Mvc.Infrastructure.ResourceInvoker.<InvokeAsync>g__Logged|17_1(ResourceInvoker invoker)
   at Microsoft.AspNetCore.Mvc.Infrastructure.ResourceInvoker.<InvokeAsync>g__Logged|17_1(ResourceInvoker invoker)
   at Microsoft.AspNetCore.Routing.EndpointMiddleware.<Invoke>g__AwaitRequestTask|7_0(Endpoint endpoint, Task requestTask, ILogger logger)
   at Microsoft.AspNetCore.Authorization.AuthorizationMiddleware.Invoke(HttpContext context)
   at Microsoft.AspNetCore.Authentication.AuthenticationMiddleware.Invoke(HttpContext context)
   at Swashbuckle.AspNetCore.SwaggerUI.SwaggerUIMiddleware.Invoke(HttpContext httpContext)
   at Swashbuckle.AspNetCore.Swagger.SwaggerMiddleware.Invoke(HttpContext httpContext, ISwaggerProvider swaggerProvider)
   at Program.<>c.<<<Main>$>b__0_6>d.MoveNext() in C:\Users\310508\source\repos\UST-Live-01\HealthCare\HealthCare.Api\Program.cs:line 141
--- End of stack trace from previous location ---
   at Microsoft.AspNetCore.Diagnostics.ExceptionHandlerMiddlewareImpl.<Invoke>g__Awaited|10_0(ExceptionHandlerMiddlewareImpl middleware, HttpContext context, Task task)
2026-07-09 06:14:46.759 +05:30 [INF] Request finished HTTP/2 POST https://localhost:7234/api/auth/login - 400 null application/json; charset=utf-8 806.0099ms
2026-07-09 06:38:42.895 +05:30 [INF] User profile is available. Using 'C:\Users\310508\AppData\Local\ASP.NET\DataProtection-Keys' as key repository and Windows DPAPI to encrypt keys at rest.
2026-07-09 06:39:02.798 +05:30 [INF] Executed DbCommand (56ms) [Parameters=[@normalizedName='?' (Size = 256)], CommandType='"Text"', CommandTimeout='30']
SELECT TOP(1) [a].[Id], [a].[ConcurrencyStamp], [a].[Name], [a].[NormalizedName]
FROM [AspNetRoles] AS [a]
WHERE [a].[NormalizedName] = @normalizedName
2026-07-09 06:39:02.903 +05:30 [INF] Executed DbCommand (11ms) [Parameters=[@normalizedName='?' (Size = 256)], CommandType='"Text"', CommandTimeout='30']
SELECT TOP(1) [a].[Id], [a].[ConcurrencyStamp], [a].[Name], [a].[NormalizedName]
FROM [AspNetRoles] AS [a]
WHERE [a].[NormalizedName] = @normalizedName
2026-07-09 06:39:02.912 +05:30 [INF] Executed DbCommand (1ms) [Parameters=[@normalizedName='?' (Size = 256)], CommandType='"Text"', CommandTimeout='30']
SELECT TOP(1) [a].[Id], [a].[ConcurrencyStamp], [a].[Name], [a].[NormalizedName]
FROM [AspNetRoles] AS [a]
WHERE [a].[NormalizedName] = @normalizedName
2026-07-09 06:39:02.924 +05:30 [INF] Executed DbCommand (1ms) [Parameters=[@normalizedName='?' (Size = 256)], CommandType='"Text"', CommandTimeout='30']
SELECT TOP(1) [a].[Id], [a].[ConcurrencyStamp], [a].[Name], [a].[NormalizedName]
FROM [AspNetRoles] AS [a]
WHERE [a].[NormalizedName] = @normalizedName
2026-07-09 06:39:02.939 +05:30 [INF] Executed DbCommand (1ms) [Parameters=[@normalizedName='?' (Size = 256)], CommandType='"Text"', CommandTimeout='30']
SELECT TOP(1) [a].[Id], [a].[ConcurrencyStamp], [a].[Name], [a].[NormalizedName]
FROM [AspNetRoles] AS [a]
WHERE [a].[NormalizedName] = @normalizedName
2026-07-09 06:39:02.947 +05:30 [INF] Executed DbCommand (1ms) [Parameters=[@normalizedName='?' (Size = 256)], CommandType='"Text"', CommandTimeout='30']
SELECT TOP(1) [a].[Id], [a].[ConcurrencyStamp], [a].[Name], [a].[NormalizedName]
FROM [AspNetRoles] AS [a]
WHERE [a].[NormalizedName] = @normalizedName
2026-07-09 06:39:02.983 +05:30 [INF] Executed DbCommand (8ms) [Parameters=[@normalizedEmail='?' (Size = 256)], CommandType='"Text"', CommandTimeout='30']
SELECT TOP(2) [a].[Id], [a].[AccessFailedCount], [a].[ConcurrencyStamp], [a].[Discriminator], [a].[Email], [a].[EmailConfirmed], [a].[LockoutEnabled], [a].[LockoutEnd], [a].[NormalizedEmail], [a].[NormalizedUserName], [a].[PasswordHash], [a].[PhoneNumber], [a].[PhoneNumberConfirmed], [a].[SecurityStamp], [a].[TwoFactorEnabled], [a].[UserName]
FROM [AspNetUsers] AS [a]
WHERE [a].[Discriminator] = N'User' AND [a].[NormalizedEmail] = @normalizedEmail
2026-07-09 06:39:03.260 +05:30 [INF] AppointmentBookedEventConsumer started. Listening to queue...
2026-07-09 06:39:03.451 +05:30 [INF] Now listening on: https://localhost:7234
2026-07-09 06:39:03.454 +05:30 [INF] Now listening on: http://localhost:5225
2026-07-09 06:39:03.510 +05:30 [INF] Application started. Press Ctrl+C to shut down.
2026-07-09 06:39:03.513 +05:30 [INF] Hosting environment: Development
2026-07-09 06:39:03.516 +05:30 [INF] Content root path: C:\Users\310508\source\repos\UST-Live-01\HealthCare\HealthCare.Api
2026-07-09 06:39:49.315 +05:30 [INF] Request starting HTTP/2 OPTIONS https://localhost:7234/api/auth/login - null null
2026-07-09 06:39:49.444 +05:30 [INF] CORS policy execution successful.
2026-07-09 06:39:49.456 +05:30 [INF] API Request: OPTIONS /api/auth/login responded 204
2026-07-09 06:39:49.476 +05:30 [INF] Request finished HTTP/2 OPTIONS https://localhost:7234/api/auth/login - 204 null null 166.317ms
2026-07-09 06:39:49.490 +05:30 [INF] Request starting HTTP/2 POST https://localhost:7234/api/auth/login - application/json 40
2026-07-09 06:39:49.512 +05:30 [INF] CORS policy execution successful.
2026-07-09 06:39:49.542 +05:30 [INF] Executing endpoint 'HealthCare.Api.Controllers.AuthController.Login (HealthCare.Api)'
2026-07-09 06:39:49.599 +05:30 [INF] Route matched with {action = "Login", controller = "Auth"}. Executing controller action with signature System.Threading.Tasks.Task`1[Microsoft.AspNetCore.Mvc.IActionResult] Login(HealthCare.Api.DTOs.Auth.LoginDto) on controller HealthCare.Api.Controllers.AuthController (HealthCare.Api).
2026-07-09 06:39:49.875 +05:30 [WRN] You do not have a valid license key for the Lucky Penny software AutoMapper. This is allowed for development and testing scenarios. If you are running in production you are required to have a licensed version. Please visit https://luckypennysoftware.com to obtain a valid license.
2026-07-09 06:39:50.161 +05:30 [INF] Executed DbCommand (2ms) [Parameters=[@normalizedEmail='?' (Size = 256)], CommandType='"Text"', CommandTimeout='30']
SELECT TOP(2) [a].[Id], [a].[AccessFailedCount], [a].[ConcurrencyStamp], [a].[Discriminator], [a].[Email], [a].[EmailConfirmed], [a].[LockoutEnabled], [a].[LockoutEnd], [a].[NormalizedEmail], [a].[NormalizedUserName], [a].[PasswordHash], [a].[PhoneNumber], [a].[PhoneNumberConfirmed], [a].[SecurityStamp], [a].[TwoFactorEnabled], [a].[UserName]
FROM [AspNetUsers] AS [a]
WHERE [a].[Discriminator] = N'User' AND [a].[NormalizedEmail] = @normalizedEmail
2026-07-09 06:39:50.189 +05:30 [INF] Executed action HealthCare.Api.Controllers.AuthController.Login (HealthCare.Api) in 570.0822ms
2026-07-09 06:39:50.196 +05:30 [INF] Executed endpoint 'HealthCare.Api.Controllers.AuthController.Login (HealthCare.Api)'
2026-07-09 06:39:50.214 +05:30 [ERR] Exception occurred while processing POST /api/auth/login
System.UnauthorizedAccessException: Invalid email or password
   at HealthCare.Api.Services.Implementations.AuthService.LoginAsync(LoginDto dto) in C:\Users\310508\source\repos\UST-Live-01\HealthCare\HealthCare.Api\Services\Implementations\AuthService.cs:line 100
   at HealthCare.Api.Controllers.AuthController.Login(LoginDto dto) in C:\Users\310508\source\repos\UST-Live-01\HealthCare\HealthCare.Api\Controllers\AuthController.cs:line 43
   at Microsoft.AspNetCore.Mvc.Infrastructure.ActionMethodExecutor.TaskOfIActionResultExecutor.Execute(ActionContext actionContext, IActionResultTypeMapper mapper, ObjectMethodExecutor executor, Object controller, Object[] arguments)
   at Microsoft.AspNetCore.Mvc.Infrastructure.ControllerActionInvoker.<InvokeActionMethodAsync>g__Awaited|12_0(ControllerActionInvoker invoker, ValueTask`1 actionResultValueTask)
   at Microsoft.AspNetCore.Mvc.Infrastructure.ControllerActionInvoker.<InvokeNextActionFilterAsync>g__Awaited|10_0(ControllerActionInvoker invoker, Task lastTask, State next, Scope scope, Object state, Boolean isCompleted)
   at Microsoft.AspNetCore.Mvc.Infrastructure.ControllerActionInvoker.Rethrow(ActionExecutedContextSealed context)
   at Microsoft.AspNetCore.Mvc.Infrastructure.ControllerActionInvoker.Next(State& next, Scope& scope, Object& state, Boolean& isCompleted)
   at Microsoft.AspNetCore.Mvc.Infrastructure.ControllerActionInvoker.<InvokeInnerFilterAsync>g__Awaited|13_0(ControllerActionInvoker invoker, Task lastTask, State next, Scope scope, Object state, Boolean isCompleted)
   at Microsoft.AspNetCore.Mvc.Infrastructure.ResourceInvoker.<InvokeFilterPipelineAsync>g__Awaited|20_0(ResourceInvoker invoker, Task lastTask, State next, Scope scope, Object state, Boolean isCompleted)
   at Microsoft.AspNetCore.Mvc.Infrastructure.ResourceInvoker.<InvokeAsync>g__Logged|17_1(ResourceInvoker invoker)
   at Microsoft.AspNetCore.Mvc.Infrastructure.ResourceInvoker.<InvokeAsync>g__Logged|17_1(ResourceInvoker invoker)
   at Microsoft.AspNetCore.Routing.EndpointMiddleware.<Invoke>g__AwaitRequestTask|7_0(Endpoint endpoint, Task requestTask, ILogger logger)
   at Microsoft.AspNetCore.Authorization.AuthorizationMiddleware.Invoke(HttpContext context)
   at Microsoft.AspNetCore.Authentication.AuthenticationMiddleware.Invoke(HttpContext context)
   at Swashbuckle.AspNetCore.SwaggerUI.SwaggerUIMiddleware.Invoke(HttpContext httpContext)
   at Swashbuckle.AspNetCore.Swagger.SwaggerMiddleware.Invoke(HttpContext httpContext, ISwaggerProvider swaggerProvider)
   at Program.<>c.<<<Main>$>b__0_6>d.MoveNext() in C:\Users\310508\source\repos\UST-Live-01\HealthCare\HealthCare.Api\Program.cs:line 141
--- End of stack trace from previous location ---
   at Microsoft.AspNetCore.Diagnostics.ExceptionHandlerMiddlewareImpl.<Invoke>g__Awaited|10_0(ExceptionHandlerMiddlewareImpl middleware, HttpContext context, Task task)
2026-07-09 06:39:50.294 +05:30 [INF] Request finished HTTP/2 POST https://localhost:7234/api/auth/login - 401 null application/json; charset=utf-8 804.2013ms
2026-07-09 07:51:18.508 +05:30 [INF] Executed DbCommand (19ms) [Parameters=[], CommandType='"Text"', CommandTimeout='30']
SELECT 1
2026-07-09 07:51:18.551 +05:30 [INF] Acquiring an exclusive lock for migration application. See https://aka.ms/efcore-docs-migrations-lock for more information if this takes too long.
2026-07-09 07:51:18.582 +05:30 [INF] Executed DbCommand (27ms) [Parameters=[], CommandType='"Text"', CommandTimeout='30']
DECLARE @result int;
EXEC @result = sp_getapplock @Resource = '__EFMigrationsLock', @LockOwner = 'Session', @LockMode = 'Exclusive';
SELECT @result
2026-07-09 07:51:18.640 +05:30 [INF] Executed DbCommand (2ms) [Parameters=[], CommandType='"Text"', CommandTimeout='30']
IF OBJECT_ID(N'[__EFMigrationsHistory]') IS NULL
BEGIN
    CREATE TABLE [__EFMigrationsHistory] (
        [MigrationId] nvarchar(150) NOT NULL,
        [ProductVersion] nvarchar(32) NOT NULL,
        CONSTRAINT [PK___EFMigrationsHistory] PRIMARY KEY ([MigrationId])
    );
END;
2026-07-09 07:51:18.648 +05:30 [INF] Executed DbCommand (0ms) [Parameters=[], CommandType='"Text"', CommandTimeout='30']
SELECT 1
2026-07-09 07:51:18.648 +05:30 [INF] Executed DbCommand (0ms) [Parameters=[], CommandType='"Text"', CommandTimeout='30']
SELECT OBJECT_ID(N'[__EFMigrationsHistory]');
2026-07-09 07:51:18.655 +05:30 [INF] Executed DbCommand (5ms) [Parameters=[], CommandType='"Text"', CommandTimeout='30']
SELECT [MigrationId], [ProductVersion]
FROM [__EFMigrationsHistory]
ORDER BY [MigrationId];
2026-07-09 07:51:18.664 +05:30 [INF] Applying migration '20260709022044_AddNotification'.
2026-07-09 07:51:18.720 +05:30 [INF] Executed DbCommand (20ms) [Parameters=[], CommandType='"Text"', CommandTimeout='30']
ALTER TABLE [HealthRecords] ADD [HealthRecordId] int NOT NULL DEFAULT 0;
2026-07-09 07:51:18.728 +05:30 [INF] Executed DbCommand (7ms) [Parameters=[], CommandType='"Text"', CommandTimeout='30']
CREATE TABLE [Notifications] (
    [NotificationId] int NOT NULL IDENTITY,
    [DoctorId] int NOT NULL,
    [Message] nvarchar(500) NOT NULL,
    [IsRead] bit NOT NULL,
    [CreatedAtUtc] datetime2 NOT NULL,
    CONSTRAINT [PK_Notifications] PRIMARY KEY ([NotificationId]),
    CONSTRAINT [FK_Notifications_Doctors_DoctorId] FOREIGN KEY ([DoctorId]) REFERENCES [Doctors] ([DoctorId]) ON DELETE CASCADE
);
2026-07-09 07:51:18.731 +05:30 [INF] Executed DbCommand (2ms) [Parameters=[], CommandType='"Text"', CommandTimeout='30']
CREATE INDEX [IX_Notifications_DoctorId] ON [Notifications] ([DoctorId]);
2026-07-09 07:51:18.735 +05:30 [INF] Executed DbCommand (3ms) [Parameters=[], CommandType='"Text"', CommandTimeout='30']
INSERT INTO [__EFMigrationsHistory] ([MigrationId], [ProductVersion])
VALUES (N'20260709022044_AddNotification', N'10.0.9');
2026-07-09 07:51:18.740 +05:30 [INF] Executed DbCommand (3ms) [Parameters=[], CommandType='"Text"', CommandTimeout='30']
DECLARE @result int;
EXEC @result = sp_releaseapplock @Resource = '__EFMigrationsLock', @LockOwner = 'Session';
SELECT @result
2026-07-09 10:33:09.003 +05:30 [INF] User profile is available. Using 'C:\Users\310508\AppData\Local\ASP.NET\DataProtection-Keys' as key repository and Windows DPAPI to encrypt keys at rest.
2026-07-09 10:33:12.074 +05:30 [INF] Executed DbCommand (233ms) [Parameters=[@normalizedName='?' (Size = 256)], CommandType='"Text"', CommandTimeout='30']
SELECT TOP(1) [a].[Id], [a].[ConcurrencyStamp], [a].[Name], [a].[NormalizedName]
FROM [AspNetRoles] AS [a]
WHERE [a].[NormalizedName] = @normalizedName
2026-07-09 10:33:12.241 +05:30 [INF] Executed DbCommand (10ms) [Parameters=[@normalizedName='?' (Size = 256)], CommandType='"Text"', CommandTimeout='30']
SELECT TOP(1) [a].[Id], [a].[ConcurrencyStamp], [a].[Name], [a].[NormalizedName]
FROM [AspNetRoles] AS [a]
WHERE [a].[NormalizedName] = @normalizedName
2026-07-09 10:33:12.249 +05:30 [INF] Executed DbCommand (1ms) [Parameters=[@normalizedName='?' (Size = 256)], CommandType='"Text"', CommandTimeout='30']
SELECT TOP(1) [a].[Id], [a].[ConcurrencyStamp], [a].[Name], [a].[NormalizedName]
FROM [AspNetRoles] AS [a]
WHERE [a].[NormalizedName] = @normalizedName
2026-07-09 10:33:12.260 +05:30 [INF] Executed DbCommand (1ms) [Parameters=[@normalizedName='?' (Size = 256)], CommandType='"Text"', CommandTimeout='30']
SELECT TOP(1) [a].[Id], [a].[ConcurrencyStamp], [a].[Name], [a].[NormalizedName]
FROM [AspNetRoles] AS [a]
WHERE [a].[NormalizedName] = @normalizedName
2026-07-09 10:33:12.274 +05:30 [INF] Executed DbCommand (2ms) [Parameters=[@normalizedName='?' (Size = 256)], CommandType='"Text"', CommandTimeout='30']
SELECT TOP(1) [a].[Id], [a].[ConcurrencyStamp], [a].[Name], [a].[NormalizedName]
FROM [AspNetRoles] AS [a]
WHERE [a].[NormalizedName] = @normalizedName
2026-07-09 10:33:12.280 +05:30 [INF] Executed DbCommand (1ms) [Parameters=[@normalizedName='?' (Size = 256)], CommandType='"Text"', CommandTimeout='30']
SELECT TOP(1) [a].[Id], [a].[ConcurrencyStamp], [a].[Name], [a].[NormalizedName]
FROM [AspNetRoles] AS [a]
WHERE [a].[NormalizedName] = @normalizedName
2026-07-09 10:33:12.360 +05:30 [INF] Executed DbCommand (36ms) [Parameters=[@normalizedEmail='?' (Size = 256)], CommandType='"Text"', CommandTimeout='30']
SELECT TOP(2) [a].[Id], [a].[AccessFailedCount], [a].[ConcurrencyStamp], [a].[Discriminator], [a].[Email], [a].[EmailConfirmed], [a].[LockoutEnabled], [a].[LockoutEnd], [a].[NormalizedEmail], [a].[NormalizedUserName], [a].[PasswordHash], [a].[PhoneNumber], [a].[PhoneNumberConfirmed], [a].[SecurityStamp], [a].[TwoFactorEnabled], [a].[UserName]
FROM [AspNetUsers] AS [a]
WHERE [a].[Discriminator] = N'User' AND [a].[NormalizedEmail] = @normalizedEmail
2026-07-09 10:33:13.175 +05:30 [INF] Configured endpoint AppointmentBooked, Consumer: HealthCare.Api.Consumers.AppointmentBookedConsumer
2026-07-09 10:33:13.250 +05:30 [ERR] Hosting failed to start
MassTransit.ConfigurationException: The bus configuration is invalid:
[Failure] License must be specified with SetLicense/SetLicenseLocation or by setting the MT_LICENSE/MT_LICENSE_PATH environment variables. See https://masstransit.massient.com/configuration/license for details.
   at MassTransit.MassTransitExceptionExtensions.ThrowIfContainsFailure(IEnumerable`1 results, String prefix) in D:\a\MassTransit\MassTransit\src\MassTransit.Abstractions\Exceptions\MassTransitExceptionExtensions.cs:line 26
   at MassTransit.Configuration.TransportRegistrationBusFactory`1.CreateBus[T,TConfigurator](T configurator, IBusRegistrationContext context, Action`2 configure, IEnumerable`1 specifications) in D:\a\MassTransit\MassTransit\src\MassTransit\DependencyInjection\Configuration\TransportRegistrationBusFactory.cs:line 50
   at MassTransit.RabbitMqTransport.Configuration.RabbitMqRegistrationBusFactory.CreateBus(IBusRegistrationContext context, IEnumerable`1 specifications, String busName) in D:\a\MassTransit\MassTransit\src\Transports\MassTransit.RabbitMqTransport\RabbitMqTransport\Configuration\RabbitMqRegistrationBusFactory.cs:line 71
   at MassTransit.Configuration.ServiceCollectionBusConfigurator.CreateBus[T](T busFactory, IServiceProvider provider) in D:\a\MassTransit\MassTransit\src\MassTransit\DependencyInjection\Configuration\ServiceCollectionBusConfigurator.cs:line 154
   at MassTransit.Configuration.ServiceCollectionBusConfigurator.<>c__DisplayClass9_0`1.<SetBusFactory>b__0(IServiceProvider provider) in D:\a\MassTransit\MassTransit\src\MassTransit\DependencyInjection\Configuration\ServiceCollectionBusConfigurator.cs:line 108
   at Microsoft.Extensions.DependencyInjection.ServiceLookup.CallSiteRuntimeResolver.VisitRootCache(ServiceCallSite callSite, RuntimeResolverContext context)
   at Microsoft.Extensions.DependencyInjection.ServiceLookup.CallSiteVisitor`2.VisitCallSite(ServiceCallSite callSite, TArgument argument)
   at Microsoft.Extensions.DependencyInjection.ServiceLookup.CallSiteRuntimeResolver.Resolve(ServiceCallSite callSite, ServiceProviderEngineScope scope)
   at Microsoft.Extensions.DependencyInjection.ServiceProvider.CreateServiceAccessor(ServiceIdentifier serviceIdentifier)
   at System.Collections.Concurrent.ConcurrentDictionary`2.GetOrAdd(TKey key, Func`2 valueFactory)
   at Microsoft.Extensions.DependencyInjection.ServiceProvider.GetService(ServiceIdentifier serviceIdentifier, ServiceProviderEngineScope serviceProviderEngineScope)
   at Microsoft.Extensions.DependencyInjection.ServiceLookup.ServiceProviderEngineScope.GetService(Type serviceType)
   at Microsoft.Extensions.DependencyInjection.ServiceProviderServiceExtensions.GetRequiredService(IServiceProvider provider, Type serviceType)
   at Microsoft.Extensions.DependencyInjection.ServiceProviderServiceExtensions.GetRequiredService[T](IServiceProvider provider)
   at MassTransit.Configuration.ServiceCollectionBusConfigurator.<>c__9`1.<SetBusFactory>b__9_1(IServiceProvider provider) in D:\a\MassTransit\MassTransit\src\MassTransit\DependencyInjection\Configuration\ServiceCollectionBusConfigurator.cs:line 110
   at Microsoft.Extensions.DependencyInjection.ServiceLookup.CallSiteRuntimeResolver.VisitRootCache(ServiceCallSite callSite, RuntimeResolverContext context)
   at Microsoft.Extensions.DependencyInjection.ServiceLookup.CallSiteVisitor`2.VisitCallSite(ServiceCallSite callSite, TArgument argument)
   at Microsoft.Extensions.DependencyInjection.ServiceLookup.CallSiteRuntimeResolver.VisitIEnumerable(IEnumerableCallSite enumerableCallSite, RuntimeResolverContext context)
   at Microsoft.Extensions.DependencyInjection.ServiceLookup.CallSiteRuntimeResolver.VisitRootCache(ServiceCallSite callSite, RuntimeResolverContext context)
   at Microsoft.Extensions.DependencyInjection.ServiceLookup.CallSiteVisitor`2.VisitCallSite(ServiceCallSite callSite, TArgument argument)
   at Microsoft.Extensions.DependencyInjection.ServiceLookup.CallSiteRuntimeResolver.VisitConstructor(ConstructorCallSite constructorCallSite, RuntimeResolverContext context)
   at Microsoft.Extensions.DependencyInjection.ServiceLookup.CallSiteRuntimeResolver.VisitRootCache(ServiceCallSite callSite, RuntimeResolverContext context)
   at Microsoft.Extensions.DependencyInjection.ServiceLookup.CallSiteVisitor`2.VisitCallSite(ServiceCallSite callSite, TArgument argument)
   at Microsoft.Extensions.DependencyInjection.ServiceLookup.CallSiteRuntimeResolver.VisitIEnumerable(IEnumerableCallSite enumerableCallSite, RuntimeResolverContext context)
   at Microsoft.Extensions.DependencyInjection.ServiceLookup.CallSiteRuntimeResolver.VisitRootCache(ServiceCallSite callSite, RuntimeResolverContext context)
   at Microsoft.Extensions.DependencyInjection.ServiceLookup.CallSiteVisitor`2.VisitCallSite(ServiceCallSite callSite, TArgument argument)
   at Microsoft.Extensions.DependencyInjection.ServiceLookup.CallSiteRuntimeResolver.VisitConstructor(ConstructorCallSite constructorCallSite, RuntimeResolverContext context)
   at Microsoft.Extensions.DependencyInjection.ServiceLookup.CallSiteVisitor`2.VisitCallSite(ServiceCallSite callSite, TArgument argument)
   at Microsoft.Extensions.DependencyInjection.ServiceLookup.CallSiteRuntimeResolver.VisitConstructor(ConstructorCallSite constructorCallSite, RuntimeResolverContext context)
   at Microsoft.Extensions.DependencyInjection.ServiceLookup.CallSiteRuntimeResolver.VisitRootCache(ServiceCallSite callSite, RuntimeResolverContext context)
   at Microsoft.Extensions.DependencyInjection.ServiceLookup.CallSiteVisitor`2.VisitCallSite(ServiceCallSite callSite, TArgument argument)
   at Microsoft.Extensions.DependencyInjection.ServiceLookup.CallSiteRuntimeResolver.VisitConstructor(ConstructorCallSite constructorCallSite, RuntimeResolverContext context)
   at Microsoft.Extensions.DependencyInjection.ServiceLookup.CallSiteRuntimeResolver.VisitRootCache(ServiceCallSite callSite, RuntimeResolverContext context)
   at Microsoft.Extensions.DependencyInjection.ServiceLookup.CallSiteVisitor`2.VisitCallSite(ServiceCallSite callSite, TArgument argument)
   at Microsoft.Extensions.DependencyInjection.ServiceLookup.CallSiteRuntimeResolver.VisitConstructor(ConstructorCallSite constructorCallSite, RuntimeResolverContext context)
   at Microsoft.Extensions.DependencyInjection.ServiceLookup.CallSiteRuntimeResolver.VisitRootCache(ServiceCallSite callSite, RuntimeResolverContext context)
   at Microsoft.Extensions.DependencyInjection.ServiceLookup.CallSiteVisitor`2.VisitCallSite(ServiceCallSite callSite, TArgument argument)
   at Microsoft.Extensions.DependencyInjection.ServiceLookup.CallSiteRuntimeResolver.VisitIEnumerable(IEnumerableCallSite enumerableCallSite, RuntimeResolverContext context)
   at Microsoft.Extensions.DependencyInjection.ServiceLookup.CallSiteRuntimeResolver.VisitRootCache(ServiceCallSite callSite, RuntimeResolverContext context)
   at Microsoft.Extensions.DependencyInjection.ServiceLookup.CallSiteVisitor`2.VisitCallSite(ServiceCallSite callSite, TArgument argument)
   at Microsoft.Extensions.DependencyInjection.ServiceLookup.CallSiteRuntimeResolver.Resolve(ServiceCallSite callSite, ServiceProviderEngineScope scope)
   at Microsoft.Extensions.DependencyInjection.ServiceProvider.CreateServiceAccessor(ServiceIdentifier serviceIdentifier)
   at System.Collections.Concurrent.ConcurrentDictionary`2.GetOrAdd(TKey key, Func`2 valueFactory)
   at Microsoft.Extensions.DependencyInjection.ServiceProvider.GetService(ServiceIdentifier serviceIdentifier, ServiceProviderEngineScope serviceProviderEngineScope)
   at Microsoft.Extensions.DependencyInjection.ServiceProvider.GetService(Type serviceType)
   at Microsoft.Extensions.DependencyInjection.ServiceProviderServiceExtensions.GetRequiredService(IServiceProvider provider, Type serviceType)
   at Microsoft.Extensions.DependencyInjection.ServiceProviderServiceExtensions.GetRequiredService[T](IServiceProvider provider)
   at Microsoft.Extensions.Hosting.Internal.Host.StartAsync(CancellationToken cancellationToken)
2026-07-09 10:45:56.042 +05:30 [INF] User profile is available. Using 'C:\Users\310508\AppData\Local\ASP.NET\DataProtection-Keys' as key repository and Windows DPAPI to encrypt keys at rest.
2026-07-09 10:45:57.827 +05:30 [INF] Executed DbCommand (60ms) [Parameters=[@normalizedName='?' (Size = 256)], CommandType='"Text"', CommandTimeout='30']
SELECT TOP(1) [a].[Id], [a].[ConcurrencyStamp], [a].[Name], [a].[NormalizedName]
FROM [AspNetRoles] AS [a]
WHERE [a].[NormalizedName] = @normalizedName
2026-07-09 10:45:57.947 +05:30 [INF] Executed DbCommand (2ms) [Parameters=[@normalizedName='?' (Size = 256)], CommandType='"Text"', CommandTimeout='30']
SELECT TOP(1) [a].[Id], [a].[ConcurrencyStamp], [a].[Name], [a].[NormalizedName]
FROM [AspNetRoles] AS [a]
WHERE [a].[NormalizedName] = @normalizedName
2026-07-09 10:45:57.953 +05:30 [INF] Executed DbCommand (1ms) [Parameters=[@normalizedName='?' (Size = 256)], CommandType='"Text"', CommandTimeout='30']
SELECT TOP(1) [a].[Id], [a].[ConcurrencyStamp], [a].[Name], [a].[NormalizedName]
FROM [AspNetRoles] AS [a]
WHERE [a].[NormalizedName] = @normalizedName
2026-07-09 10:45:57.959 +05:30 [INF] Executed DbCommand (1ms) [Parameters=[@normalizedName='?' (Size = 256)], CommandType='"Text"', CommandTimeout='30']
SELECT TOP(1) [a].[Id], [a].[ConcurrencyStamp], [a].[Name], [a].[NormalizedName]
FROM [AspNetRoles] AS [a]
WHERE [a].[NormalizedName] = @normalizedName
2026-07-09 10:45:57.967 +05:30 [INF] Executed DbCommand (1ms) [Parameters=[@normalizedName='?' (Size = 256)], CommandType='"Text"', CommandTimeout='30']
SELECT TOP(1) [a].[Id], [a].[ConcurrencyStamp], [a].[Name], [a].[NormalizedName]
FROM [AspNetRoles] AS [a]
WHERE [a].[NormalizedName] = @normalizedName
2026-07-09 10:45:57.971 +05:30 [INF] Executed DbCommand (0ms) [Parameters=[@normalizedName='?' (Size = 256)], CommandType='"Text"', CommandTimeout='30']
SELECT TOP(1) [a].[Id], [a].[ConcurrencyStamp], [a].[Name], [a].[NormalizedName]
FROM [AspNetRoles] AS [a]
WHERE [a].[NormalizedName] = @normalizedName
2026-07-09 10:45:57.998 +05:30 [INF] Executed DbCommand (4ms) [Parameters=[@normalizedEmail='?' (Size = 256)], CommandType='"Text"', CommandTimeout='30']
SELECT TOP(2) [a].[Id], [a].[AccessFailedCount], [a].[ConcurrencyStamp], [a].[Discriminator], [a].[Email], [a].[EmailConfirmed], [a].[LockoutEnabled], [a].[LockoutEnd], [a].[NormalizedEmail], [a].[NormalizedUserName], [a].[PasswordHash], [a].[PhoneNumber], [a].[PhoneNumberConfirmed], [a].[SecurityStamp], [a].[TwoFactorEnabled], [a].[UserName]
FROM [AspNetUsers] AS [a]
WHERE [a].[Discriminator] = N'User' AND [a].[NormalizedEmail] = @normalizedEmail
2026-07-09 10:45:58.417 +05:30 [INF] Configured endpoint AppointmentBooked, Consumer: HealthCare.Api.Consumers.AppointmentBookedConsumer
2026-07-09 10:45:58.759 +05:30 [INF] Now listening on: https://localhost:7234
2026-07-09 10:45:58.764 +05:30 [INF] Now listening on: http://localhost:5225
2026-07-09 10:45:58.831 +05:30 [INF] Application started. Press Ctrl+C to shut down.
2026-07-09 10:45:58.833 +05:30 [INF] Hosting environment: Development
2026-07-09 10:45:58.836 +05:30 [INF] Content root path: C:\Users\310508\source\repos\UST-Live-01\HealthCare\HealthCare.Api
2026-07-09 10:45:59.084 +05:30 [INF] Bus started: "rabbitmq://localhost/"
2026-07-09 10:46:58.323 +05:30 [INF] User profile is available. Using 'C:\Users\310508\AppData\Local\ASP.NET\DataProtection-Keys' as key repository and Windows DPAPI to encrypt keys at rest.
2026-07-09 10:47:01.434 +05:30 [INF] Executed DbCommand (61ms) [Parameters=[@normalizedName='?' (Size = 256)], CommandType='"Text"', CommandTimeout='30']
SELECT TOP(1) [a].[Id], [a].[ConcurrencyStamp], [a].[Name], [a].[NormalizedName]
FROM [AspNetRoles] AS [a]
WHERE [a].[NormalizedName] = @normalizedName
2026-07-09 10:47:01.538 +05:30 [INF] Executed DbCommand (1ms) [Parameters=[@normalizedName='?' (Size = 256)], CommandType='"Text"', CommandTimeout='30']
SELECT TOP(1) [a].[Id], [a].[ConcurrencyStamp], [a].[Name], [a].[NormalizedName]
FROM [AspNetRoles] AS [a]
WHERE [a].[NormalizedName] = @normalizedName
2026-07-09 10:47:01.543 +05:30 [INF] Executed DbCommand (0ms) [Parameters=[@normalizedName='?' (Size = 256)], CommandType='"Text"', CommandTimeout='30']
SELECT TOP(1) [a].[Id], [a].[ConcurrencyStamp], [a].[Name], [a].[NormalizedName]
FROM [AspNetRoles] AS [a]
WHERE [a].[NormalizedName] = @normalizedName
2026-07-09 10:47:01.549 +05:30 [INF] Executed DbCommand (0ms) [Parameters=[@normalizedName='?' (Size = 256)], CommandType='"Text"', CommandTimeout='30']
SELECT TOP(1) [a].[Id], [a].[ConcurrencyStamp], [a].[Name], [a].[NormalizedName]
FROM [AspNetRoles] AS [a]
WHERE [a].[NormalizedName] = @normalizedName
2026-07-09 10:47:01.559 +05:30 [INF] Executed DbCommand (1ms) [Parameters=[@normalizedName='?' (Size = 256)], CommandType='"Text"', CommandTimeout='30']
SELECT TOP(1) [a].[Id], [a].[ConcurrencyStamp], [a].[Name], [a].[NormalizedName]
FROM [AspNetRoles] AS [a]
WHERE [a].[NormalizedName] = @normalizedName
2026-07-09 10:47:01.563 +05:30 [INF] Executed DbCommand (1ms) [Parameters=[@normalizedName='?' (Size = 256)], CommandType='"Text"', CommandTimeout='30']
SELECT TOP(1) [a].[Id], [a].[ConcurrencyStamp], [a].[Name], [a].[NormalizedName]
FROM [AspNetRoles] AS [a]
WHERE [a].[NormalizedName] = @normalizedName
2026-07-09 10:47:01.593 +05:30 [INF] Executed DbCommand (5ms) [Parameters=[@normalizedEmail='?' (Size = 256)], CommandType='"Text"', CommandTimeout='30']
SELECT TOP(2) [a].[Id], [a].[AccessFailedCount], [a].[ConcurrencyStamp], [a].[Discriminator], [a].[Email], [a].[EmailConfirmed], [a].[LockoutEnabled], [a].[LockoutEnd], [a].[NormalizedEmail], [a].[NormalizedUserName], [a].[PasswordHash], [a].[PhoneNumber], [a].[PhoneNumberConfirmed], [a].[SecurityStamp], [a].[TwoFactorEnabled], [a].[UserName]
FROM [AspNetUsers] AS [a]
WHERE [a].[Discriminator] = N'User' AND [a].[NormalizedEmail] = @normalizedEmail
2026-07-09 10:47:02.169 +05:30 [INF] Configured endpoint AppointmentBooked, Consumer: HealthCare.Api.Consumers.AppointmentBookedConsumer
2026-07-09 10:47:02.748 +05:30 [INF] Now listening on: https://localhost:7234
2026-07-09 10:47:02.750 +05:30 [INF] Now listening on: http://localhost:5225
2026-07-09 10:47:02.758 +05:30 [INF] Bus started: "rabbitmq://localhost/"
2026-07-09 10:47:02.864 +05:30 [INF] Application started. Press Ctrl+C to shut down.
2026-07-09 10:47:02.866 +05:30 [INF] Hosting environment: Development
2026-07-09 10:47:02.867 +05:30 [INF] Content root path: C:\Users\310508\source\repos\UST-Live-01\HealthCare\HealthCare.Api
2026-07-09 10:47:20.815 +05:30 [INF] Request starting HTTP/2 GET https://localhost:7234/ - null null
2026-07-09 10:47:21.005 +05:30 [INF] API Request: GET / responded 404
2026-07-09 10:47:21.014 +05:30 [INF] Request finished HTTP/2 GET https://localhost:7234/ - 404 null null 201.5211ms
2026-07-09 10:47:21.021 +05:30 [INF] Request reached the end of the middleware pipeline without being handled by application code. Request path: GET https://localhost:7234/, Response status code: 404
2026-07-09 10:47:29.471 +05:30 [INF] Request starting HTTP/2 GET https://localhost:7234/swagger - null null
2026-07-09 10:47:29.481 +05:30 [INF] API Request: GET /swagger responded 301
2026-07-09 10:47:29.483 +05:30 [INF] Request finished HTTP/2 GET https://localhost:7234/swagger - 301 null null 12.4076ms
2026-07-09 10:47:29.493 +05:30 [INF] Request starting HTTP/2 GET https://localhost:7234/swagger/index.html - null null
2026-07-09 10:47:29.609 +05:30 [INF] API Request: GET /swagger/index.html responded 200
2026-07-09 10:47:29.615 +05:30 [INF] Request finished HTTP/2 GET https://localhost:7234/swagger/index.html - 200 null text/html;charset=utf-8 121.9246ms
2026-07-09 10:47:29.627 +05:30 [INF] Request starting HTTP/2 GET https://localhost:7234/swagger/swagger-ui.css - null null
2026-07-09 10:47:29.627 +05:30 [INF] Request starting HTTP/2 GET https://localhost:7234/swagger/index.css - null null
2026-07-09 10:47:29.628 +05:30 [INF] Request starting HTTP/2 GET https://localhost:7234/swagger/swagger-ui-bundle.js - null null
2026-07-09 10:47:29.628 +05:30 [INF] Request starting HTTP/2 GET https://localhost:7234/swagger/swagger-ui-standalone-preset.js - null null
2026-07-09 10:47:29.628 +05:30 [INF] Request starting HTTP/2 GET https://localhost:7234/swagger/index.js - null null
2026-07-09 10:47:29.632 +05:30 [INF] Request starting HTTP/2 GET https://localhost:7234/_framework/aspnetcore-browser-refresh.js - null null
2026-07-09 10:47:29.634 +05:30 [INF] Request starting HTTP/2 GET https://localhost:7234/_vs/browserLink - null null
2026-07-09 10:47:29.680 +05:30 [INF] API Request: GET /swagger/swagger-ui-bundle.js responded 200
2026-07-09 10:47:29.657 +05:30 [INF] API Request: GET /swagger/index.js responded 200
2026-07-09 10:47:29.684 +05:30 [INF] Request finished HTTP/2 GET https://localhost:7234/swagger/index.js - 200 null application/javascript;charset=utf-8 55.7001ms
2026-07-09 10:47:29.673 +05:30 [INF] API Request: GET /swagger/swagger-ui-standalone-preset.js responded 200
2026-07-09 10:47:29.679 +05:30 [INF] Request finished HTTP/2 GET https://localhost:7234/_framework/aspnetcore-browser-refresh.js - 200 14933 application/javascript; charset=utf-8 47.2809ms
2026-07-09 10:47:29.656 +05:30 [INF] API Request: GET /swagger/index.css responded 200
2026-07-09 10:47:29.684 +05:30 [INF] Request finished HTTP/2 GET https://localhost:7234/swagger/swagger-ui-bundle.js - 200 418599 text/javascript 56.4509ms
2026-07-09 10:47:29.668 +05:30 [INF] API Request: GET /swagger/swagger-ui.css responded 200
2026-07-09 10:47:29.691 +05:30 [INF] Request finished HTTP/2 GET https://localhost:7234/swagger/swagger-ui-standalone-preset.js - 200 76613 text/javascript 62.3101ms
2026-07-09 10:47:29.703 +05:30 [INF] Request finished HTTP/2 GET https://localhost:7234/swagger/index.css - 200 152 text/css 75.118ms
2026-07-09 10:47:29.712 +05:30 [INF] Request finished HTTP/2 GET https://localhost:7234/swagger/swagger-ui.css - 200 26499 text/css 84.7952ms
2026-07-09 10:47:29.834 +05:30 [INF] Request finished HTTP/2 GET https://localhost:7234/_vs/browserLink - 200 null text/javascript; charset=UTF-8 200.6658ms
2026-07-09 10:47:29.894 +05:30 [INF] Request starting HTTP/2 GET https://localhost:7234/swagger/v1/swagger.json - null null
2026-07-09 10:47:29.909 +05:30 [INF] Request starting HTTP/2 GET https://localhost:7234/swagger/favicon-32x32.png - null null
2026-07-09 10:47:29.914 +05:30 [INF] API Request: GET /swagger/favicon-32x32.png responded 200
2026-07-09 10:47:29.916 +05:30 [INF] Request finished HTTP/2 GET https://localhost:7234/swagger/favicon-32x32.png - 200 628 image/png 7.2169ms
2026-07-09 10:47:29.951 +05:30 [INF] API Request: GET /swagger/v1/swagger.json responded 200
2026-07-09 10:47:29.954 +05:30 [INF] Request finished HTTP/2 GET https://localhost:7234/swagger/v1/swagger.json - 200 null application/json;charset=utf-8 59.9528ms
2026-07-09 10:48:12.431 +05:30 [INF] Request starting HTTP/2 POST https://localhost:7234/api/auth/login - application/json 60
2026-07-09 10:48:12.451 +05:30 [INF] CORS policy execution failed.
2026-07-09 10:48:12.453 +05:30 [INF] Request origin https://localhost:7234 does not have permission to access the resource.
2026-07-09 10:48:12.457 +05:30 [INF] Executing endpoint 'HealthCare.Api.Controllers.AuthController.Login (HealthCare.Api)'
2026-07-09 10:48:12.481 +05:30 [INF] Route matched with {action = "Login", controller = "Auth"}. Executing controller action with signature System.Threading.Tasks.Task`1[Microsoft.AspNetCore.Mvc.IActionResult] Login(HealthCare.Api.DTOs.Auth.LoginDto) on controller HealthCare.Api.Controllers.AuthController (HealthCare.Api).
2026-07-09 10:48:12.718 +05:30 [WRN] You do not have a valid license key for the Lucky Penny software AutoMapper. This is allowed for development and testing scenarios. If you are running in production you are required to have a licensed version. Please visit https://luckypennysoftware.com to obtain a valid license.
2026-07-09 10:48:12.959 +05:30 [INF] Executed DbCommand (11ms) [Parameters=[@normalizedEmail='?' (Size = 256)], CommandType='"Text"', CommandTimeout='30']
SELECT TOP(2) [a].[Id], [a].[AccessFailedCount], [a].[ConcurrencyStamp], [a].[Discriminator], [a].[Email], [a].[EmailConfirmed], [a].[LockoutEnabled], [a].[LockoutEnd], [a].[NormalizedEmail], [a].[NormalizedUserName], [a].[PasswordHash], [a].[PhoneNumber], [a].[PhoneNumberConfirmed], [a].[SecurityStamp], [a].[TwoFactorEnabled], [a].[UserName]
FROM [AspNetUsers] AS [a]
WHERE [a].[Discriminator] = N'User' AND [a].[NormalizedEmail] = @normalizedEmail
2026-07-09 10:48:13.361 +05:30 [INF] Executed DbCommand (34ms) [Parameters=[@userId='?' (Size = 450)], CommandType='"Text"', CommandTimeout='30']
SELECT [a0].[Name]
FROM [AspNetUserRoles] AS [a]
INNER JOIN [AspNetRoles] AS [a0] ON [a].[RoleId] = [a0].[Id]
WHERE [a].[UserId] = @userId
2026-07-09 10:48:13.409 +05:30 [INF] Executed DbCommand (18ms) [Parameters=[@userId='?' (Size = 450)], CommandType='"Text"', CommandTimeout='30']
SELECT TOP(1) [p].[PatientId], [p].[CreatedDate], [p].[DateOfBirth], [p].[FullName], [p].[Gender], [p].[InsuranceId], [p].[IsActive], [p].[PhoneNumber], [p].[UserId]
FROM [Patients] AS [p]
WHERE [p].[UserId] = @userId
2026-07-09 10:48:13.493 +05:30 [INF] Executed DbCommand (4ms) [Parameters=[@userId='?' (Size = 450)], CommandType='"Text"', CommandTimeout='30']
SELECT [a0].[Name]
FROM [AspNetUserRoles] AS [a]
INNER JOIN [AspNetRoles] AS [a0] ON [a].[RoleId] = [a0].[Id]
WHERE [a].[UserId] = @userId
2026-07-09 10:48:13.542 +05:30 [INF] Executing OkObjectResult, writing value of type 'HealthCare.Api.DTOs.Auth.AuthResponseDto'.
2026-07-09 10:48:13.571 +05:30 [INF] Executed action HealthCare.Api.Controllers.AuthController.Login (HealthCare.Api) in 1077.5211ms
2026-07-09 10:48:13.575 +05:30 [INF] Executed endpoint 'HealthCare.Api.Controllers.AuthController.Login (HealthCare.Api)'
2026-07-09 10:48:13.579 +05:30 [INF] API Request: POST /api/auth/login responded 200
2026-07-09 10:48:13.594 +05:30 [INF] Request finished HTTP/2 POST https://localhost:7234/api/auth/login - 200 null application/json; charset=utf-8 1163.1597ms
2026-07-09 10:48:17.116 +05:30 [INF] Request starting HTTP/2 POST https://localhost:7234/api/auth/login - application/json 60
2026-07-09 10:48:17.123 +05:30 [INF] CORS policy execution failed.
2026-07-09 10:48:17.125 +05:30 [INF] Request origin https://localhost:7234 does not have permission to access the resource.
2026-07-09 10:48:17.131 +05:30 [INF] Executing endpoint 'HealthCare.Api.Controllers.AuthController.Login (HealthCare.Api)'
2026-07-09 10:48:17.133 +05:30 [INF] Route matched with {action = "Login", controller = "Auth"}. Executing controller action with signature System.Threading.Tasks.Task`1[Microsoft.AspNetCore.Mvc.IActionResult] Login(HealthCare.Api.DTOs.Auth.LoginDto) on controller HealthCare.Api.Controllers.AuthController (HealthCare.Api).
2026-07-09 10:48:17.177 +05:30 [INF] Executed DbCommand (5ms) [Parameters=[@normalizedEmail='?' (Size = 256)], CommandType='"Text"', CommandTimeout='30']
SELECT TOP(2) [a].[Id], [a].[AccessFailedCount], [a].[ConcurrencyStamp], [a].[Discriminator], [a].[Email], [a].[EmailConfirmed], [a].[LockoutEnabled], [a].[LockoutEnd], [a].[NormalizedEmail], [a].[NormalizedUserName], [a].[PasswordHash], [a].[PhoneNumber], [a].[PhoneNumberConfirmed], [a].[SecurityStamp], [a].[TwoFactorEnabled], [a].[UserName]
FROM [AspNetUsers] AS [a]
WHERE [a].[Discriminator] = N'User' AND [a].[NormalizedEmail] = @normalizedEmail
2026-07-09 10:48:17.336 +05:30 [INF] Executed DbCommand (8ms) [Parameters=[@userId='?' (Size = 450)], CommandType='"Text"', CommandTimeout='30']
SELECT [a0].[Name]
FROM [AspNetUserRoles] AS [a]
INNER JOIN [AspNetRoles] AS [a0] ON [a].[RoleId] = [a0].[Id]
WHERE [a].[UserId] = @userId
2026-07-09 10:48:17.344 +05:30 [INF] Executed DbCommand (4ms) [Parameters=[@userId='?' (Size = 450)], CommandType='"Text"', CommandTimeout='30']
SELECT TOP(1) [p].[PatientId], [p].[CreatedDate], [p].[DateOfBirth], [p].[FullName], [p].[Gender], [p].[InsuranceId], [p].[IsActive], [p].[PhoneNumber], [p].[UserId]
FROM [Patients] AS [p]
WHERE [p].[UserId] = @userId
2026-07-09 10:48:17.353 +05:30 [INF] Executed DbCommand (1ms) [Parameters=[@userId='?' (Size = 450)], CommandType='"Text"', CommandTimeout='30']
SELECT [a0].[Name]
FROM [AspNetUserRoles] AS [a]
INNER JOIN [AspNetRoles] AS [a0] ON [a].[RoleId] = [a0].[Id]
WHERE [a].[UserId] = @userId
2026-07-09 10:48:17.357 +05:30 [INF] Executing OkObjectResult, writing value of type 'HealthCare.Api.DTOs.Auth.AuthResponseDto'.
2026-07-09 10:48:17.359 +05:30 [INF] Executed action HealthCare.Api.Controllers.AuthController.Login (HealthCare.Api) in 224.3957ms
2026-07-09 10:48:17.362 +05:30 [INF] Executed endpoint 'HealthCare.Api.Controllers.AuthController.Login (HealthCare.Api)'
2026-07-09 10:48:17.363 +05:30 [INF] API Request: POST /api/auth/login responded 200
2026-07-09 10:48:17.366 +05:30 [INF] Request finished HTTP/2 POST https://localhost:7234/api/auth/login - 200 null application/json; charset=utf-8 249.0122ms
2026-07-09 10:49:31.183 +05:30 [INF] Request starting HTTP/2 GET https://localhost:7234/api/doctors/available?specialisation=Orthopedic&date=10-07-2026 - null null
2026-07-09 10:49:31.275 +05:30 [INF] Executing endpoint 'HealthCare.Api.Controllers.DoctorController.GetAvailableDoctors (HealthCare.Api)'
2026-07-09 10:49:31.295 +05:30 [INF] Route matched with {action = "GetAvailableDoctors", controller = "Doctor"}. Executing controller action with signature System.Threading.Tasks.Task`1[Microsoft.AspNetCore.Mvc.IActionResult] GetAvailableDoctors(System.String, System.DateOnly) on controller HealthCare.Api.Controllers.DoctorController (HealthCare.Api).
2026-07-09 10:49:31.727 +05:30 [INF] Executed DbCommand (59ms) [Parameters=[@specialisation='?' (Size = 50), @date='?' (DbType = Date)], CommandType='"Text"', CommandTimeout='30']
SELECT [d].[DoctorId], [d].[FullName], [d].[Specialisation], [d].[ConsultationFee], [d].[IsActive]
FROM [Doctors] AS [d]
WHERE [d].[Specialisation] = @specialisation AND [d].[IsActive] = CAST(1 AS bit) AND NOT EXISTS (
    SELECT 1
    FROM [DoctorLeaves] AS [d0]
    WHERE [d].[DoctorId] = [d0].[DoctorId] AND [d0].[LeaveDate] = @date) AND EXISTS (
    SELECT 1
    FROM (
        SELECT [d1].[TimeSlot]
        FROM [DoctorAvailableSlots] AS [d1]
        WHERE [d].[DoctorId] = [d1].[DoctorId]
        EXCEPT
        SELECT [a].[TimeSlot]
        FROM [Appointments] AS [a]
        WHERE [d].[DoctorId] = [a].[DoctorId] AND [a].[ScheduledDate] = @date AND [a].[Status] <> N'Cancelled'
    ) AS [e])
2026-07-09 10:49:31.801 +05:30 [INF] Executing OkObjectResult, writing value of type 'System.Collections.Generic.List`1[[HealthCare.Api.DTOs.Doctor.DoctorListDto, HealthCare.Shared, Version=1.0.0.0, Culture=neutral, PublicKeyToken=null]]'.
2026-07-09 10:49:31.804 +05:30 [INF] Executed action HealthCare.Api.Controllers.DoctorController.GetAvailableDoctors (HealthCare.Api) in 505.8926ms
2026-07-09 10:49:31.806 +05:30 [INF] Executed endpoint 'HealthCare.Api.Controllers.DoctorController.GetAvailableDoctors (HealthCare.Api)'
2026-07-09 10:49:31.807 +05:30 [INF] API Request: GET /api/doctors/available responded 200
2026-07-09 10:49:31.809 +05:30 [INF] Request finished HTTP/2 GET https://localhost:7234/api/doctors/available?specialisation=Orthopedic&date=10-07-2026 - 200 null application/json; charset=utf-8 625.8176ms
2026-07-09 10:50:51.069 +05:30 [INF] Request starting HTTP/2 GET https://localhost:7234/api/appointments/available-slots?date=10-07-2026&doctorId=5 - null null
2026-07-09 10:50:51.077 +05:30 [INF] Executing endpoint 'HealthCare.Api.Controllers.AppointmentController.GetAvailableTimeSlots (HealthCare.Api)'
2026-07-09 10:50:51.086 +05:30 [INF] Route matched with {action = "GetAvailableTimeSlots", controller = "Appointment"}. Executing controller action with signature System.Threading.Tasks.Task`1[Microsoft.AspNetCore.Mvc.IActionResult] GetAvailableTimeSlots(System.DateOnly, Int32) on controller HealthCare.Api.Controllers.AppointmentController (HealthCare.Api).
2026-07-09 10:50:51.105 +05:30 [INF] Executed DbCommand (5ms) [Parameters=[@doctorId='?' (DbType = Int32)], CommandType='"Text"', CommandTimeout='30']
SELECT [d].[TimeSlot]
FROM [DoctorAvailableSlots] AS [d]
WHERE [d].[DoctorId] = @doctorId
2026-07-09 10:50:51.118 +05:30 [INF] Executed DbCommand (4ms) [Parameters=[@date='?' (DbType = Date), @doctorId='?' (DbType = Int32)], CommandType='"Text"', CommandTimeout='30']
SELECT [a].[TimeSlot]
FROM [Appointments] AS [a]
WHERE [a].[ScheduledDate] = @date AND [a].[DoctorId] = @doctorId AND [a].[Status] <> N'Cancelled'
2026-07-09 10:50:51.122 +05:30 [INF] Executing OkObjectResult, writing value of type 'System.Collections.Generic.List`1[[System.String, System.Private.CoreLib, Version=10.0.0.0, Culture=neutral, PublicKeyToken=7cec85d7bea7798e]]'.
2026-07-09 10:50:51.124 +05:30 [INF] Executed action HealthCare.Api.Controllers.AppointmentController.GetAvailableTimeSlots (HealthCare.Api) in 35.8623ms
2026-07-09 10:50:51.126 +05:30 [INF] Executed endpoint 'HealthCare.Api.Controllers.AppointmentController.GetAvailableTimeSlots (HealthCare.Api)'
2026-07-09 10:50:51.127 +05:30 [INF] API Request: GET /api/appointments/available-slots responded 200
2026-07-09 10:50:51.129 +05:30 [INF] Request finished HTTP/2 GET https://localhost:7234/api/appointments/available-slots?date=10-07-2026&doctorId=5 - 200 null application/json; charset=utf-8 59.2849ms
2026-07-09 10:52:02.807 +05:30 [INF] Usage Telemetry: {"id":"88a60000-e56a-1944-a354-08dedd794f13","created":"2026-07-09T10:47:02.0658301\u002B05:30","host":{"framework_version":"10.0.8","mass_transit_version":"8.4.1.0","operating_system_version":"Microsoft Windows NT 10.0.26200.0","time_zone_info":"(UTC\u002B05:30) Chennai, Kolkata, Mumbai, New Delhi","commit_hash":"8c7e467cd2edf26ecef95e98a99e3633a7325676"},"bus":[{"created":"2026-07-09T10:47:02.0673949\u002B05:30","configured":"2026-07-09T10:47:02.2856167\u002B05:30","started":"2026-07-09T10:47:02.7541049\u002B05:30","name":"IBus","endpoints":[{"name":"AppointmentBooked","type":"RabbitMQ","prefetch_count":16,"consumer_count":1,"message_count":1},{"name":"_bus_","type":"RabbitMQ","prefetch_count":16}]}]}
2026-07-09 11:44:06.727 +05:30 [INF] User profile is available. Using 'C:\Users\310508\AppData\Local\ASP.NET\DataProtection-Keys' as key repository and Windows DPAPI to encrypt keys at rest.
2026-07-09 11:44:08.166 +05:30 [INF] Executed DbCommand (47ms) [Parameters=[@normalizedName='?' (Size = 256)], CommandType='"Text"', CommandTimeout='30']
SELECT TOP(1) [a].[Id], [a].[ConcurrencyStamp], [a].[Name], [a].[NormalizedName]
FROM [AspNetRoles] AS [a]
WHERE [a].[NormalizedName] = @normalizedName
2026-07-09 11:44:08.237 +05:30 [INF] Executed DbCommand (1ms) [Parameters=[@normalizedName='?' (Size = 256)], CommandType='"Text"', CommandTimeout='30']
SELECT TOP(1) [a].[Id], [a].[ConcurrencyStamp], [a].[Name], [a].[NormalizedName]
FROM [AspNetRoles] AS [a]
WHERE [a].[NormalizedName] = @normalizedName
2026-07-09 11:44:08.243 +05:30 [INF] Executed DbCommand (0ms) [Parameters=[@normalizedName='?' (Size = 256)], CommandType='"Text"', CommandTimeout='30']
SELECT TOP(1) [a].[Id], [a].[ConcurrencyStamp], [a].[Name], [a].[NormalizedName]
FROM [AspNetRoles] AS [a]
WHERE [a].[NormalizedName] = @normalizedName
2026-07-09 11:44:08.247 +05:30 [INF] Executed DbCommand (0ms) [Parameters=[@normalizedName='?' (Size = 256)], CommandType='"Text"', CommandTimeout='30']
SELECT TOP(1) [a].[Id], [a].[ConcurrencyStamp], [a].[Name], [a].[NormalizedName]
FROM [AspNetRoles] AS [a]
WHERE [a].[NormalizedName] = @normalizedName
2026-07-09 11:44:08.254 +05:30 [INF] Executed DbCommand (1ms) [Parameters=[@normalizedName='?' (Size = 256)], CommandType='"Text"', CommandTimeout='30']
SELECT TOP(1) [a].[Id], [a].[ConcurrencyStamp], [a].[Name], [a].[NormalizedName]
FROM [AspNetRoles] AS [a]
WHERE [a].[NormalizedName] = @normalizedName
2026-07-09 11:44:08.257 +05:30 [INF] Executed DbCommand (0ms) [Parameters=[@normalizedName='?' (Size = 256)], CommandType='"Text"', CommandTimeout='30']
SELECT TOP(1) [a].[Id], [a].[ConcurrencyStamp], [a].[Name], [a].[NormalizedName]
FROM [AspNetRoles] AS [a]
WHERE [a].[NormalizedName] = @normalizedName
2026-07-09 11:44:08.280 +05:30 [INF] Executed DbCommand (6ms) [Parameters=[@normalizedEmail='?' (Size = 256)], CommandType='"Text"', CommandTimeout='30']
SELECT TOP(2) [a].[Id], [a].[AccessFailedCount], [a].[ConcurrencyStamp], [a].[Discriminator], [a].[Email], [a].[EmailConfirmed], [a].[LockoutEnabled], [a].[LockoutEnd], [a].[NormalizedEmail], [a].[NormalizedUserName], [a].[PasswordHash], [a].[PhoneNumber], [a].[PhoneNumberConfirmed], [a].[SecurityStamp], [a].[TwoFactorEnabled], [a].[UserName]
FROM [AspNetUsers] AS [a]
WHERE [a].[Discriminator] = N'User' AND [a].[NormalizedEmail] = @normalizedEmail
2026-07-09 11:44:08.734 +05:30 [INF] Configured endpoint AppointmentBooked, Consumer: HealthCare.Api.Consumers.AppointmentBookedConsumer
2026-07-09 11:44:09.203 +05:30 [INF] Bus started: "rabbitmq://localhost/"
2026-07-09 11:44:09.209 +05:30 [INF] Now listening on: https://localhost:7234
2026-07-09 11:44:09.213 +05:30 [INF] Now listening on: http://localhost:5225
2026-07-09 11:44:09.304 +05:30 [INF] Application started. Press Ctrl+C to shut down.
2026-07-09 11:44:09.306 +05:30 [INF] Hosting environment: Development
2026-07-09 11:44:09.308 +05:30 [INF] Content root path: C:\Users\310508\source\repos\UST-Live-01\HealthCare\HealthCare.Api
2026-07-09 11:46:52.704 +05:30 [INF] Request starting HTTP/2 OPTIONS https://localhost:7234/api/auth/login - null null
2026-07-09 11:46:52.786 +05:30 [INF] CORS policy execution successful.
2026-07-09 11:46:52.793 +05:30 [INF] API Request: OPTIONS /api/auth/login responded 204
2026-07-09 11:46:52.805 +05:30 [INF] Request finished HTTP/2 OPTIONS https://localhost:7234/api/auth/login - 204 null null 104.8092ms
2026-07-09 11:46:52.813 +05:30 [INF] Request starting HTTP/2 POST https://localhost:7234/api/auth/login - application/json 52
2026-07-09 11:46:52.828 +05:30 [INF] CORS policy execution successful.
2026-07-09 11:46:52.854 +05:30 [INF] Executing endpoint 'HealthCare.Api.Controllers.AuthController.Login (HealthCare.Api)'
2026-07-09 11:46:52.903 +05:30 [INF] Route matched with {action = "Login", controller = "Auth"}. Executing controller action with signature System.Threading.Tasks.Task`1[Microsoft.AspNetCore.Mvc.IActionResult] Login(HealthCare.Api.DTOs.Auth.LoginDto) on controller HealthCare.Api.Controllers.AuthController (HealthCare.Api).
2026-07-09 11:46:53.080 +05:30 [WRN] You do not have a valid license key for the Lucky Penny software AutoMapper. This is allowed for development and testing scenarios. If you are running in production you are required to have a licensed version. Please visit https://luckypennysoftware.com to obtain a valid license.
2026-07-09 11:46:53.297 +05:30 [INF] Executed DbCommand (9ms) [Parameters=[@normalizedEmail='?' (Size = 256)], CommandType='"Text"', CommandTimeout='30']
SELECT TOP(2) [a].[Id], [a].[AccessFailedCount], [a].[ConcurrencyStamp], [a].[Discriminator], [a].[Email], [a].[EmailConfirmed], [a].[LockoutEnabled], [a].[LockoutEnd], [a].[NormalizedEmail], [a].[NormalizedUserName], [a].[PasswordHash], [a].[PhoneNumber], [a].[PhoneNumberConfirmed], [a].[SecurityStamp], [a].[TwoFactorEnabled], [a].[UserName]
FROM [AspNetUsers] AS [a]
WHERE [a].[Discriminator] = N'User' AND [a].[NormalizedEmail] = @normalizedEmail
2026-07-09 11:46:53.405 +05:30 [INF] Executed action HealthCare.Api.Controllers.AuthController.Login (HealthCare.Api) in 493.8369ms
2026-07-09 11:46:53.408 +05:30 [INF] Executed endpoint 'HealthCare.Api.Controllers.AuthController.Login (HealthCare.Api)'
2026-07-09 11:46:53.414 +05:30 [ERR] Exception occurred while processing POST /api/auth/login
System.UnauthorizedAccessException: Invalid email or password
   at HealthCare.Api.Services.Implementations.AuthService.LoginAsync(LoginDto dto) in C:\Users\310508\source\repos\UST-Live-01\HealthCare\HealthCare.Api\Services\Implementations\AuthService.cs:line 104
   at HealthCare.Api.Controllers.AuthController.Login(LoginDto dto) in C:\Users\310508\source\repos\UST-Live-01\HealthCare\HealthCare.Api\Controllers\AuthController.cs:line 43
   at Microsoft.AspNetCore.Mvc.Infrastructure.ActionMethodExecutor.TaskOfIActionResultExecutor.Execute(ActionContext actionContext, IActionResultTypeMapper mapper, ObjectMethodExecutor executor, Object controller, Object[] arguments)
   at Microsoft.AspNetCore.Mvc.Infrastructure.ControllerActionInvoker.<InvokeActionMethodAsync>g__Awaited|12_0(ControllerActionInvoker invoker, ValueTask`1 actionResultValueTask)
   at Microsoft.AspNetCore.Mvc.Infrastructure.ControllerActionInvoker.<InvokeNextActionFilterAsync>g__Awaited|10_0(ControllerActionInvoker invoker, Task lastTask, State next, Scope scope, Object state, Boolean isCompleted)
   at Microsoft.AspNetCore.Mvc.Infrastructure.ControllerActionInvoker.Rethrow(ActionExecutedContextSealed context)
   at Microsoft.AspNetCore.Mvc.Infrastructure.ControllerActionInvoker.Next(State& next, Scope& scope, Object& state, Boolean& isCompleted)
   at Microsoft.AspNetCore.Mvc.Infrastructure.ControllerActionInvoker.<InvokeInnerFilterAsync>g__Awaited|13_0(ControllerActionInvoker invoker, Task lastTask, State next, Scope scope, Object state, Boolean isCompleted)
   at Microsoft.AspNetCore.Mvc.Infrastructure.ResourceInvoker.<InvokeFilterPipelineAsync>g__Awaited|20_0(ResourceInvoker invoker, Task lastTask, State next, Scope scope, Object state, Boolean isCompleted)
   at Microsoft.AspNetCore.Mvc.Infrastructure.ResourceInvoker.<InvokeAsync>g__Logged|17_1(ResourceInvoker invoker)
   at Microsoft.AspNetCore.Mvc.Infrastructure.ResourceInvoker.<InvokeAsync>g__Logged|17_1(ResourceInvoker invoker)
   at Microsoft.AspNetCore.Routing.EndpointMiddleware.<Invoke>g__AwaitRequestTask|7_0(Endpoint endpoint, Task requestTask, ILogger logger)
   at Microsoft.AspNetCore.Authorization.AuthorizationMiddleware.Invoke(HttpContext context)
   at Microsoft.AspNetCore.Authentication.AuthenticationMiddleware.Invoke(HttpContext context)
   at Swashbuckle.AspNetCore.SwaggerUI.SwaggerUIMiddleware.Invoke(HttpContext httpContext)
   at Swashbuckle.AspNetCore.Swagger.SwaggerMiddleware.Invoke(HttpContext httpContext, ISwaggerProvider swaggerProvider)
   at Program.<>c.<<<Main>$>b__0_8>d.MoveNext() in C:\Users\310508\source\repos\UST-Live-01\HealthCare\HealthCare.Api\Program.cs:line 173
--- End of stack trace from previous location ---
   at Microsoft.AspNetCore.Diagnostics.ExceptionHandlerMiddlewareImpl.<Invoke>g__Awaited|10_0(ExceptionHandlerMiddlewareImpl middleware, HttpContext context, Task task)
2026-07-09 11:46:53.470 +05:30 [INF] Request finished HTTP/2 POST https://localhost:7234/api/auth/login - 401 null application/json; charset=utf-8 656.8256ms
2026-07-09 11:48:03.719 +05:30 [INF] User profile is available. Using 'C:\Users\310508\AppData\Local\ASP.NET\DataProtection-Keys' as key repository and Windows DPAPI to encrypt keys at rest.
2026-07-09 11:48:05.773 +05:30 [INF] Executed DbCommand (93ms) [Parameters=[@normalizedName='?' (Size = 256)], CommandType='"Text"', CommandTimeout='30']
SELECT TOP(1) [a].[Id], [a].[ConcurrencyStamp], [a].[Name], [a].[NormalizedName]
FROM [AspNetRoles] AS [a]
WHERE [a].[NormalizedName] = @normalizedName
2026-07-09 11:48:05.935 +05:30 [INF] Executed DbCommand (4ms) [Parameters=[@normalizedName='?' (Size = 256)], CommandType='"Text"', CommandTimeout='30']
SELECT TOP(1) [a].[Id], [a].[ConcurrencyStamp], [a].[Name], [a].[NormalizedName]
FROM [AspNetRoles] AS [a]
WHERE [a].[NormalizedName] = @normalizedName
2026-07-09 11:48:05.941 +05:30 [INF] Executed DbCommand (1ms) [Parameters=[@normalizedName='?' (Size = 256)], CommandType='"Text"', CommandTimeout='30']
SELECT TOP(1) [a].[Id], [a].[ConcurrencyStamp], [a].[Name], [a].[NormalizedName]
FROM [AspNetRoles] AS [a]
WHERE [a].[NormalizedName] = @normalizedName
2026-07-09 11:48:05.948 +05:30 [INF] Executed DbCommand (1ms) [Parameters=[@normalizedName='?' (Size = 256)], CommandType='"Text"', CommandTimeout='30']
SELECT TOP(1) [a].[Id], [a].[ConcurrencyStamp], [a].[Name], [a].[NormalizedName]
FROM [AspNetRoles] AS [a]
WHERE [a].[NormalizedName] = @normalizedName
2026-07-09 11:48:05.960 +05:30 [INF] Executed DbCommand (1ms) [Parameters=[@normalizedName='?' (Size = 256)], CommandType='"Text"', CommandTimeout='30']
SELECT TOP(1) [a].[Id], [a].[ConcurrencyStamp], [a].[Name], [a].[NormalizedName]
FROM [AspNetRoles] AS [a]
WHERE [a].[NormalizedName] = @normalizedName
2026-07-09 11:48:05.965 +05:30 [INF] Executed DbCommand (1ms) [Parameters=[@normalizedName='?' (Size = 256)], CommandType='"Text"', CommandTimeout='30']
SELECT TOP(1) [a].[Id], [a].[ConcurrencyStamp], [a].[Name], [a].[NormalizedName]
FROM [AspNetRoles] AS [a]
WHERE [a].[NormalizedName] = @normalizedName
2026-07-09 11:48:05.990 +05:30 [INF] Executed DbCommand (4ms) [Parameters=[@normalizedEmail='?' (Size = 256)], CommandType='"Text"', CommandTimeout='30']
SELECT TOP(2) [a].[Id], [a].[AccessFailedCount], [a].[ConcurrencyStamp], [a].[Discriminator], [a].[Email], [a].[EmailConfirmed], [a].[LockoutEnabled], [a].[LockoutEnd], [a].[NormalizedEmail], [a].[NormalizedUserName], [a].[PasswordHash], [a].[PhoneNumber], [a].[PhoneNumberConfirmed], [a].[SecurityStamp], [a].[TwoFactorEnabled], [a].[UserName]
FROM [AspNetUsers] AS [a]
WHERE [a].[Discriminator] = N'User' AND [a].[NormalizedEmail] = @normalizedEmail
2026-07-09 11:48:06.650 +05:30 [INF] Configured endpoint AppointmentBooked, Consumer: HealthCare.Api.Consumers.AppointmentBookedConsumer
2026-07-09 11:48:07.268 +05:30 [INF] Now listening on: https://localhost:7234
2026-07-09 11:48:07.270 +05:30 [INF] Now listening on: http://localhost:5225
2026-07-09 11:48:07.273 +05:30 [INF] Bus started: "rabbitmq://localhost/"
2026-07-09 11:48:07.353 +05:30 [INF] Application started. Press Ctrl+C to shut down.
2026-07-09 11:48:07.359 +05:30 [INF] Hosting environment: Development
2026-07-09 11:48:07.361 +05:30 [INF] Content root path: C:\Users\310508\source\repos\UST-Live-01\HealthCare\HealthCare.Api
2026-07-09 11:48:20.980 +05:30 [INF] Request starting HTTP/2 OPTIONS https://localhost:7234/api/auth/login - null null
2026-07-09 11:48:21.043 +05:30 [INF] CORS policy execution successful.
2026-07-09 11:48:21.051 +05:30 [INF] API Request: OPTIONS /api/auth/login responded 204
2026-07-09 11:48:21.063 +05:30 [INF] Request finished HTTP/2 OPTIONS https://localhost:7234/api/auth/login - 204 null null 84.2551ms
2026-07-09 11:48:21.069 +05:30 [INF] Request starting HTTP/2 POST https://localhost:7234/api/auth/login - application/json 52
2026-07-09 11:48:21.079 +05:30 [INF] CORS policy execution successful.
2026-07-09 11:48:21.091 +05:30 [INF] Executing endpoint 'HealthCare.Api.Controllers.AuthController.Login (HealthCare.Api)'
2026-07-09 11:48:21.121 +05:30 [INF] Route matched with {action = "Login", controller = "Auth"}. Executing controller action with signature System.Threading.Tasks.Task`1[Microsoft.AspNetCore.Mvc.IActionResult] Login(HealthCare.Api.DTOs.Auth.LoginDto) on controller HealthCare.Api.Controllers.AuthController (HealthCare.Api).
2026-07-09 11:48:21.261 +05:30 [WRN] You do not have a valid license key for the Lucky Penny software AutoMapper. This is allowed for development and testing scenarios. If you are running in production you are required to have a licensed version. Please visit https://luckypennysoftware.com to obtain a valid license.
2026-07-09 11:48:21.392 +05:30 [INF] Executed DbCommand (1ms) [Parameters=[@normalizedEmail='?' (Size = 256)], CommandType='"Text"', CommandTimeout='30']
SELECT TOP(2) [a].[Id], [a].[AccessFailedCount], [a].[ConcurrencyStamp], [a].[Discriminator], [a].[Email], [a].[EmailConfirmed], [a].[LockoutEnabled], [a].[LockoutEnd], [a].[NormalizedEmail], [a].[NormalizedUserName], [a].[PasswordHash], [a].[PhoneNumber], [a].[PhoneNumberConfirmed], [a].[SecurityStamp], [a].[TwoFactorEnabled], [a].[UserName]
FROM [AspNetUsers] AS [a]
WHERE [a].[Discriminator] = N'User' AND [a].[NormalizedEmail] = @normalizedEmail
2026-07-09 11:48:21.567 +05:30 [INF] Executed action HealthCare.Api.Controllers.AuthController.Login (HealthCare.Api) in 435.7552ms
2026-07-09 11:48:21.569 +05:30 [INF] Executed endpoint 'HealthCare.Api.Controllers.AuthController.Login (HealthCare.Api)'
2026-07-09 11:48:21.579 +05:30 [ERR] Exception occurred while processing POST /api/auth/login
System.UnauthorizedAccessException: Invalid email or password
   at HealthCare.Api.Services.Implementations.AuthService.LoginAsync(LoginDto dto) in C:\Users\310508\source\repos\UST-Live-01\HealthCare\HealthCare.Api\Services\Implementations\AuthService.cs:line 104
   at HealthCare.Api.Controllers.AuthController.Login(LoginDto dto) in C:\Users\310508\source\repos\UST-Live-01\HealthCare\HealthCare.Api\Controllers\AuthController.cs:line 43
   at Microsoft.AspNetCore.Mvc.Infrastructure.ActionMethodExecutor.TaskOfIActionResultExecutor.Execute(ActionContext actionContext, IActionResultTypeMapper mapper, ObjectMethodExecutor executor, Object controller, Object[] arguments)
   at Microsoft.AspNetCore.Mvc.Infrastructure.ControllerActionInvoker.<InvokeActionMethodAsync>g__Awaited|12_0(ControllerActionInvoker invoker, ValueTask`1 actionResultValueTask)
   at Microsoft.AspNetCore.Mvc.Infrastructure.ControllerActionInvoker.<InvokeNextActionFilterAsync>g__Awaited|10_0(ControllerActionInvoker invoker, Task lastTask, State next, Scope scope, Object state, Boolean isCompleted)
   at Microsoft.AspNetCore.Mvc.Infrastructure.ControllerActionInvoker.Rethrow(ActionExecutedContextSealed context)
   at Microsoft.AspNetCore.Mvc.Infrastructure.ControllerActionInvoker.Next(State& next, Scope& scope, Object& state, Boolean& isCompleted)
   at Microsoft.AspNetCore.Mvc.Infrastructure.ControllerActionInvoker.<InvokeInnerFilterAsync>g__Awaited|13_0(ControllerActionInvoker invoker, Task lastTask, State next, Scope scope, Object state, Boolean isCompleted)
   at Microsoft.AspNetCore.Mvc.Infrastructure.ResourceInvoker.<InvokeFilterPipelineAsync>g__Awaited|20_0(ResourceInvoker invoker, Task lastTask, State next, Scope scope, Object state, Boolean isCompleted)
   at Microsoft.AspNetCore.Mvc.Infrastructure.ResourceInvoker.<InvokeAsync>g__Logged|17_1(ResourceInvoker invoker)
   at Microsoft.AspNetCore.Mvc.Infrastructure.ResourceInvoker.<InvokeAsync>g__Logged|17_1(ResourceInvoker invoker)
   at Microsoft.AspNetCore.Routing.EndpointMiddleware.<Invoke>g__AwaitRequestTask|7_0(Endpoint endpoint, Task requestTask, ILogger logger)
   at Microsoft.AspNetCore.Authorization.AuthorizationMiddleware.Invoke(HttpContext context)
   at Microsoft.AspNetCore.Authentication.AuthenticationMiddleware.Invoke(HttpContext context)
   at Swashbuckle.AspNetCore.SwaggerUI.SwaggerUIMiddleware.Invoke(HttpContext httpContext)
   at Swashbuckle.AspNetCore.Swagger.SwaggerMiddleware.Invoke(HttpContext httpContext, ISwaggerProvider swaggerProvider)
   at Program.<>c.<<<Main>$>b__0_8>d.MoveNext() in C:\Users\310508\source\repos\UST-Live-01\HealthCare\HealthCare.Api\Program.cs:line 173
--- End of stack trace from previous location ---
   at Microsoft.AspNetCore.Diagnostics.ExceptionHandlerMiddlewareImpl.<Invoke>g__Awaited|10_0(ExceptionHandlerMiddlewareImpl middleware, HttpContext context, Task task)
2026-07-09 11:48:21.632 +05:30 [INF] Request finished HTTP/2 POST https://localhost:7234/api/auth/login - 401 null application/json; charset=utf-8 562.2693ms
2026-07-09 11:53:07.328 +05:30 [INF] Usage Telemetry: {"id":"48880000-e56a-1944-a3e1-08dedd81d742","created":"2026-07-09T11:48:06.5180099\u002B05:30","host":{"framework_version":"10.0.8","mass_transit_version":"8.4.1.0","operating_system_version":"Microsoft Windows NT 10.0.26200.0","time_zone_info":"(UTC\u002B05:30) Chennai, Kolkata, Mumbai, New Delhi","commit_hash":"8c7e467cd2edf26ecef95e98a99e3633a7325676"},"bus":[{"created":"2026-07-09T11:48:06.5206298\u002B05:30","configured":"2026-07-09T11:48:06.8527610\u002B05:30","started":"2026-07-09T11:48:07.2709698\u002B05:30","name":"IBus","endpoints":[{"name":"AppointmentBooked","type":"RabbitMQ","prefetch_count":16,"consumer_count":1,"message_count":1},{"name":"_bus_","type":"RabbitMQ","prefetch_count":16}]}]}
2026-07-09 11:53:38.951 +05:30 [INF] Request starting HTTP/2 OPTIONS https://localhost:7234/api/auth/login - null null
2026-07-09 11:53:38.957 +05:30 [INF] CORS policy execution successful.
2026-07-09 11:53:38.958 +05:30 [INF] API Request: OPTIONS /api/auth/login responded 204
2026-07-09 11:53:38.960 +05:30 [INF] Request finished HTTP/2 OPTIONS https://localhost:7234/api/auth/login - 204 null null 8.8731ms
2026-07-09 11:53:38.962 +05:30 [INF] Request starting HTTP/2 POST https://localhost:7234/api/auth/login - application/json 51
2026-07-09 11:53:38.966 +05:30 [INF] CORS policy execution successful.
2026-07-09 11:53:38.969 +05:30 [INF] Executing endpoint 'HealthCare.Api.Controllers.AuthController.Login (HealthCare.Api)'
2026-07-09 11:53:38.970 +05:30 [INF] Route matched with {action = "Login", controller = "Auth"}. Executing controller action with signature System.Threading.Tasks.Task`1[Microsoft.AspNetCore.Mvc.IActionResult] Login(HealthCare.Api.DTOs.Auth.LoginDto) on controller HealthCare.Api.Controllers.AuthController (HealthCare.Api).
2026-07-09 11:53:39.034 +05:30 [INF] Executed DbCommand (6ms) [Parameters=[@normalizedEmail='?' (Size = 256)], CommandType='"Text"', CommandTimeout='30']
SELECT TOP(2) [a].[Id], [a].[AccessFailedCount], [a].[ConcurrencyStamp], [a].[Discriminator], [a].[Email], [a].[EmailConfirmed], [a].[LockoutEnabled], [a].[LockoutEnd], [a].[NormalizedEmail], [a].[NormalizedUserName], [a].[PasswordHash], [a].[PhoneNumber], [a].[PhoneNumberConfirmed], [a].[SecurityStamp], [a].[TwoFactorEnabled], [a].[UserName]
FROM [AspNetUsers] AS [a]
WHERE [a].[Discriminator] = N'User' AND [a].[NormalizedEmail] = @normalizedEmail
2026-07-09 11:53:39.295 +05:30 [INF] Executed DbCommand (7ms) [Parameters=[@userId='?' (Size = 450)], CommandType='"Text"', CommandTimeout='30']
SELECT [a0].[Name]
FROM [AspNetUserRoles] AS [a]
INNER JOIN [AspNetRoles] AS [a0] ON [a].[RoleId] = [a0].[Id]
WHERE [a].[UserId] = @userId
2026-07-09 11:53:39.330 +05:30 [INF] Executed DbCommand (7ms) [Parameters=[@userId='?' (Size = 450)], CommandType='"Text"', CommandTimeout='30']
SELECT TOP(1) [p].[PatientId], [p].[CreatedDate], [p].[DateOfBirth], [p].[FullName], [p].[Gender], [p].[InsuranceId], [p].[IsActive], [p].[PhoneNumber], [p].[UserId]
FROM [Patients] AS [p]
WHERE [p].[UserId] = @userId
2026-07-09 11:53:39.456 +05:30 [INF] Executed DbCommand (1ms) [Parameters=[@userId='?' (Size = 450)], CommandType='"Text"', CommandTimeout='30']
SELECT [a0].[Name]
FROM [AspNetUserRoles] AS [a]
INNER JOIN [AspNetRoles] AS [a0] ON [a].[RoleId] = [a0].[Id]
WHERE [a].[UserId] = @userId
2026-07-09 11:53:39.519 +05:30 [INF] Executing OkObjectResult, writing value of type 'HealthCare.Api.DTOs.Auth.AuthResponseDto'.
2026-07-09 11:53:39.531 +05:30 [INF] Executed action HealthCare.Api.Controllers.AuthController.Login (HealthCare.Api) in 559.7564ms
2026-07-09 11:53:39.533 +05:30 [INF] Executed endpoint 'HealthCare.Api.Controllers.AuthController.Login (HealthCare.Api)'
2026-07-09 11:53:39.534 +05:30 [INF] API Request: POST /api/auth/login responded 200
2026-07-09 11:53:39.539 +05:30 [INF] Request finished HTTP/2 POST https://localhost:7234/api/auth/login - 200 null application/json; charset=utf-8 576.5763ms
2026-07-09 11:53:39.885 +05:30 [INF] Request starting HTTP/2 OPTIONS https://localhost:7234/api/records/my-records - null null
2026-07-09 11:53:39.885 +05:30 [INF] Request starting HTTP/2 OPTIONS https://localhost:7234/api/appointments/patient/upcoming - null null
2026-07-09 11:53:39.889 +05:30 [INF] CORS policy execution successful.
2026-07-09 11:53:39.892 +05:30 [INF] CORS policy execution successful.
2026-07-09 11:53:39.893 +05:30 [INF] API Request: OPTIONS /api/records/my-records responded 204
2026-07-09 11:53:39.894 +05:30 [INF] API Request: OPTIONS /api/appointments/patient/upcoming responded 204
2026-07-09 11:53:39.895 +05:30 [INF] Request finished HTTP/2 OPTIONS https://localhost:7234/api/records/my-records - 204 null null 10.1909ms
2026-07-09 11:53:39.896 +05:30 [INF] Request finished HTTP/2 OPTIONS https://localhost:7234/api/appointments/patient/upcoming - 204 null null 11.4454ms
2026-07-09 11:53:39.897 +05:30 [INF] Request starting HTTP/2 GET https://localhost:7234/api/records/my-records - null null
2026-07-09 11:53:39.899 +05:30 [INF] Request starting HTTP/2 GET https://localhost:7234/api/appointments/patient/upcoming - null null
2026-07-09 11:53:39.909 +05:30 [INF] CORS policy execution successful.
2026-07-09 11:53:39.909 +05:30 [INF] CORS policy execution successful.
2026-07-09 11:53:39.987 +05:30 [INF] Executing endpoint 'HealthCare.Api.Controllers.HealthRecordController.GetHealthRecordByPatient (HealthCare.Api)'
2026-07-09 11:53:39.987 +05:30 [INF] Executing endpoint 'HealthCare.Api.Controllers.AppointmentController.GetAppointmentByPatient (HealthCare.Api)'
2026-07-09 11:53:40.000 +05:30 [INF] Route matched with {action = "GetHealthRecordByPatient", controller = "HealthRecord"}. Executing controller action with signature System.Threading.Tasks.Task`1[Microsoft.AspNetCore.Mvc.IActionResult] GetHealthRecordByPatient() on controller HealthCare.Api.Controllers.HealthRecordController (HealthCare.Api).
2026-07-09 11:53:40.000 +05:30 [INF] Route matched with {action = "GetAppointmentByPatient", controller = "Appointment"}. Executing controller action with signature System.Threading.Tasks.Task`1[Microsoft.AspNetCore.Mvc.IActionResult] GetAppointmentByPatient() on controller HealthCare.Api.Controllers.AppointmentController (HealthCare.Api).
2026-07-09 11:53:40.059 +05:30 [INF] Executed DbCommand (10ms) [Parameters=[@id='?' (DbType = Int32)], CommandType='"Text"', CommandTimeout='30']
SELECT [h].[RecordId], [p].[FullName] AS [PatientName], [d].[FullName] AS [DoctorName], [h].[VisitDate], [h].[Diagnosis], [h].[Prescription], [h].[Notes]
FROM [HealthRecords] AS [h]
INNER JOIN [Patients] AS [p] ON [h].[PatientId] = [p].[PatientId]
INNER JOIN [Doctors] AS [d] ON [h].[DoctorId] = [d].[DoctorId]
WHERE [h].[PatientId] = @id
2026-07-09 11:53:40.063 +05:30 [INF] Executing OkObjectResult, writing value of type 'System.Collections.Generic.List`1[[HealthCare.Api.DTOs.HealthRecord.HealthRecordListDto, HealthCare.Shared, Version=1.0.0.0, Culture=neutral, PublicKeyToken=null]]'.
2026-07-09 11:53:40.066 +05:30 [INF] Executed action HealthCare.Api.Controllers.HealthRecordController.GetHealthRecordByPatient (HealthCare.Api) in 64.7747ms
2026-07-09 11:53:40.068 +05:30 [INF] Executed endpoint 'HealthCare.Api.Controllers.HealthRecordController.GetHealthRecordByPatient (HealthCare.Api)'
2026-07-09 11:53:40.069 +05:30 [INF] API Request: GET /api/records/my-records responded 200
2026-07-09 11:53:40.071 +05:30 [INF] Request finished HTTP/2 GET https://localhost:7234/api/records/my-records - 200 null application/json; charset=utf-8 174.5196ms
2026-07-09 11:53:40.260 +05:30 [INF] Executed DbCommand (7ms) [Parameters=[@id='?' (DbType = Int32)], CommandType='"Text"', CommandTimeout='30']
SELECT [a].[AppointmentId], [a].[PatientId], [p].[FullName] AS [PatientName], [d].[FullName] AS [DoctorName], [a].[ScheduledDate], [a].[TimeSlot], [a].[Status]
FROM [Appointments] AS [a]
INNER JOIN [Patients] AS [p] ON [a].[PatientId] = [p].[PatientId]
INNER JOIN [Doctors] AS [d] ON [a].[DoctorId] = [d].[DoctorId]
WHERE [a].[PatientId] = @id AND [a].[ScheduledDate] >= CAST(CONVERT(date, GETDATE()) AS date)
2026-07-09 11:53:40.265 +05:30 [INF] Executing OkObjectResult, writing value of type 'System.Collections.Generic.List`1[[HealthCare.Api.DTOs.Appointment.AppointmentListDto, HealthCare.Shared, Version=1.0.0.0, Culture=neutral, PublicKeyToken=null]]'.
2026-07-09 11:53:40.273 +05:30 [INF] Executed action HealthCare.Api.Controllers.AppointmentController.GetAppointmentByPatient (HealthCare.Api) in 270.764ms
2026-07-09 11:53:40.275 +05:30 [INF] Executed endpoint 'HealthCare.Api.Controllers.AppointmentController.GetAppointmentByPatient (HealthCare.Api)'
2026-07-09 11:53:40.277 +05:30 [INF] API Request: GET /api/appointments/patient/upcoming responded 200
2026-07-09 11:53:40.279 +05:30 [INF] Request finished HTTP/2 GET https://localhost:7234/api/appointments/patient/upcoming - 200 null application/json; charset=utf-8 380.2821ms
2026-07-09 11:53:56.980 +05:30 [INF] Request starting HTTP/2 OPTIONS https://localhost:7234/api/doctors/available?specialisation=Dermatologist&date=2026-07-11 - null null
2026-07-09 11:53:56.984 +05:30 [INF] CORS policy execution successful.
2026-07-09 11:53:56.985 +05:30 [INF] API Request: OPTIONS /api/doctors/available responded 204
2026-07-09 11:53:56.986 +05:30 [INF] Request finished HTTP/2 OPTIONS https://localhost:7234/api/doctors/available?specialisation=Dermatologist&date=2026-07-11 - 204 null null 6.2605ms
2026-07-09 11:53:56.989 +05:30 [INF] Request starting HTTP/2 GET https://localhost:7234/api/doctors/available?specialisation=Dermatologist&date=2026-07-11 - null null
2026-07-09 11:53:56.993 +05:30 [INF] CORS policy execution successful.
2026-07-09 11:53:56.997 +05:30 [INF] Executing endpoint 'HealthCare.Api.Controllers.DoctorController.GetAvailableDoctors (HealthCare.Api)'
2026-07-09 11:53:57.005 +05:30 [INF] Route matched with {action = "GetAvailableDoctors", controller = "Doctor"}. Executing controller action with signature System.Threading.Tasks.Task`1[Microsoft.AspNetCore.Mvc.IActionResult] GetAvailableDoctors(System.String, System.DateOnly) on controller HealthCare.Api.Controllers.DoctorController (HealthCare.Api).
2026-07-09 11:54:05.366 +05:30 [INF] Request starting HTTP/2 OPTIONS https://localhost:7234/api/doctors/available?specialisation=Cardiologist&date=2026-07-11 - null null
2026-07-09 11:54:05.370 +05:30 [INF] CORS policy execution successful.
2026-07-09 11:54:05.371 +05:30 [INF] API Request: OPTIONS /api/doctors/available responded 204
2026-07-09 11:54:05.373 +05:30 [INF] Request finished HTTP/2 OPTIONS https://localhost:7234/api/doctors/available?specialisation=Cardiologist&date=2026-07-11 - 204 null null 6.5469ms
2026-07-09 11:54:05.375 +05:30 [INF] Request starting HTTP/2 GET https://localhost:7234/api/doctors/available?specialisation=Cardiologist&date=2026-07-11 - null null
2026-07-09 11:54:05.379 +05:30 [INF] CORS policy execution successful.
2026-07-09 11:54:05.380 +05:30 [INF] Executing endpoint 'HealthCare.Api.Controllers.DoctorController.GetAvailableDoctors (HealthCare.Api)'
2026-07-09 11:54:05.381 +05:30 [INF] Route matched with {action = "GetAvailableDoctors", controller = "Doctor"}. Executing controller action with signature System.Threading.Tasks.Task`1[Microsoft.AspNetCore.Mvc.IActionResult] GetAvailableDoctors(System.String, System.DateOnly) on controller HealthCare.Api.Controllers.DoctorController (HealthCare.Api).
2026-07-09 11:54:11.300 +05:30 [INF] Executed action HealthCare.Api.Controllers.DoctorController.GetAvailableDoctors (HealthCare.Api) in 5916.5075ms
2026-07-09 11:54:11.300 +05:30 [INF] Executed action HealthCare.Api.Controllers.DoctorController.GetAvailableDoctors (HealthCare.Api) in 14292.9791ms
2026-07-09 11:54:11.303 +05:30 [INF] Executed endpoint 'HealthCare.Api.Controllers.DoctorController.GetAvailableDoctors (HealthCare.Api)'
2026-07-09 11:54:11.305 +05:30 [INF] Executed endpoint 'HealthCare.Api.Controllers.DoctorController.GetAvailableDoctors (HealthCare.Api)'
2026-07-09 11:54:11.307 +05:30 [ERR] Exception occurred while processing GET /api/doctors/available
StackExchange.Redis.RedisConnectionException: The message timed out in the backlog attempting to send because no connection became available (5000ms) - Last Connection Exception: It was not possible to connect to the redis server(s). ConnectTimeout, command=HMGET, timeout: 5000, inst: 0, qu: 0, qs: 0, aw: False, bw: CheckingForTimeout, rs: NotStarted, ws: Idle, in: 0, last-in: 0, cur-in: 0, sync-ops: 0, async-ops: 2, serverEndpoint: localhost:6379, conn-sec: n/a, aoc: 0, mc: 1/1/0, mgr: 10 of 10 available, clientName: 25012S3(SE.Redis-v2.7.27.49176), IOCP: (Busy=0,Free=1000,Min=1,Max=1000), WORKER: (Busy=1,Free=32766,Min=8,Max=32767), POOL: (Threads=6,QueuedItems=0,CompletedItems=1778,Timers=8), v: 2.7.27.49176 (Please take a look at this article for some common client-side issues that can cause timeouts: https://stackexchange.github.io/StackExchange.Redis/Timeouts)
 ---> StackExchange.Redis.RedisConnectionException: It was not possible to connect to the redis server(s). ConnectTimeout
   --- End of inner exception stack trace ---
   at Microsoft.Extensions.Caching.StackExchangeRedis.RedisCache.GetAndRefreshAsync(String key, Boolean getData, CancellationToken token)
   at Microsoft.Extensions.Caching.StackExchangeRedis.RedisCache.GetAsync(String key, CancellationToken token)
   at Microsoft.Extensions.Caching.Distributed.DistributedCacheExtensions.GetStringAsync(IDistributedCache cache, String key, CancellationToken token)
   at HealthCare.Api.Services.Implementations.DoctorService.AvailableDoctors(String specialisation, DateOnly date) in C:\Users\310508\source\repos\UST-Live-01\HealthCare\HealthCare.Api\Services\Implementations\DoctorService.cs:line 272
   at HealthCare.Api.Controllers.DoctorController.GetAvailableDoctors(String specialisation, DateOnly date) in C:\Users\310508\source\repos\UST-Live-01\HealthCare\HealthCare.Api\Controllers\DoctorController.cs:line 55
   at Microsoft.AspNetCore.Mvc.Infrastructure.ActionMethodExecutor.TaskOfIActionResultExecutor.Execute(ActionContext actionContext, IActionResultTypeMapper mapper, ObjectMethodExecutor executor, Object controller, Object[] arguments)
   at Microsoft.AspNetCore.Mvc.Infrastructure.ControllerActionInvoker.<InvokeActionMethodAsync>g__Awaited|12_0(ControllerActionInvoker invoker, ValueTask`1 actionResultValueTask)
   at Microsoft.AspNetCore.Mvc.Infrastructure.ControllerActionInvoker.<InvokeNextActionFilterAsync>g__Awaited|10_0(ControllerActionInvoker invoker, Task lastTask, State next, Scope scope, Object state, Boolean isCompleted)
   at Microsoft.AspNetCore.Mvc.Infrastructure.ControllerActionInvoker.Rethrow(ActionExecutedContextSealed context)
   at Microsoft.AspNetCore.Mvc.Infrastructure.ControllerActionInvoker.Next(State& next, Scope& scope, Object& state, Boolean& isCompleted)
   at Microsoft.AspNetCore.Mvc.Infrastructure.ControllerActionInvoker.<InvokeInnerFilterAsync>g__Awaited|13_0(ControllerActionInvoker invoker, Task lastTask, State next, Scope scope, Object state, Boolean isCompleted)
   at Microsoft.AspNetCore.Mvc.Infrastructure.ResourceInvoker.<InvokeFilterPipelineAsync>g__Awaited|20_0(ResourceInvoker invoker, Task lastTask, State next, Scope scope, Object state, Boolean isCompleted)
   at Microsoft.AspNetCore.Mvc.Infrastructure.ResourceInvoker.<InvokeAsync>g__Logged|17_1(ResourceInvoker invoker)
   at Microsoft.AspNetCore.Mvc.Infrastructure.ResourceInvoker.<InvokeAsync>g__Logged|17_1(ResourceInvoker invoker)
   at Microsoft.AspNetCore.Routing.EndpointMiddleware.<Invoke>g__AwaitRequestTask|7_0(Endpoint endpoint, Task requestTask, ILogger logger)
   at Microsoft.AspNetCore.Authorization.AuthorizationMiddleware.Invoke(HttpContext context)
   at Microsoft.AspNetCore.Authentication.AuthenticationMiddleware.Invoke(HttpContext context)
   at Swashbuckle.AspNetCore.SwaggerUI.SwaggerUIMiddleware.Invoke(HttpContext httpContext)
   at Swashbuckle.AspNetCore.Swagger.SwaggerMiddleware.Invoke(HttpContext httpContext, ISwaggerProvider swaggerProvider)
   at Program.<>c.<<<Main>$>b__0_8>d.MoveNext() in C:\Users\310508\source\repos\UST-Live-01\HealthCare\HealthCare.Api\Program.cs:line 173
--- End of stack trace from previous location ---
   at Microsoft.AspNetCore.Diagnostics.ExceptionHandlerMiddlewareImpl.<Invoke>g__Awaited|10_0(ExceptionHandlerMiddlewareImpl middleware, HttpContext context, Task task)
2026-07-09 11:54:11.308 +05:30 [ERR] Exception occurred while processing GET /api/doctors/available
StackExchange.Redis.RedisConnectionException: The message timed out in the backlog attempting to send because no connection became available (5000ms) - Last Connection Exception: It was not possible to connect to the redis server(s). ConnectTimeout, command=HMGET, timeout: 5000, inst: 0, qu: 1, qs: 0, aw: False, bw: CheckingForTimeout, rs: NotStarted, ws: Idle, in: 0, last-in: 0, cur-in: 0, sync-ops: 0, async-ops: 2, serverEndpoint: localhost:6379, conn-sec: n/a, aoc: 0, mc: 1/1/0, mgr: 10 of 10 available, clientName: 25012S3(SE.Redis-v2.7.27.49176), IOCP: (Busy=0,Free=1000,Min=1,Max=1000), WORKER: (Busy=0,Free=32767,Min=8,Max=32767), POOL: (Threads=6,QueuedItems=0,CompletedItems=1778,Timers=8), v: 2.7.27.49176 (Please take a look at this article for some common client-side issues that can cause timeouts: https://stackexchange.github.io/StackExchange.Redis/Timeouts)
 ---> StackExchange.Redis.RedisConnectionException: It was not possible to connect to the redis server(s). ConnectTimeout
   --- End of inner exception stack trace ---
   at Microsoft.Extensions.Caching.StackExchangeRedis.RedisCache.GetAndRefreshAsync(String key, Boolean getData, CancellationToken token)
   at Microsoft.Extensions.Caching.StackExchangeRedis.RedisCache.GetAsync(String key, CancellationToken token)
   at Microsoft.Extensions.Caching.Distributed.DistributedCacheExtensions.GetStringAsync(IDistributedCache cache, String key, CancellationToken token)
   at HealthCare.Api.Services.Implementations.DoctorService.AvailableDoctors(String specialisation, DateOnly date) in C:\Users\310508\source\repos\UST-Live-01\HealthCare\HealthCare.Api\Services\Implementations\DoctorService.cs:line 272
   at HealthCare.Api.Controllers.DoctorController.GetAvailableDoctors(String specialisation, DateOnly date) in C:\Users\310508\source\repos\UST-Live-01\HealthCare\HealthCare.Api\Controllers\DoctorController.cs:line 55
   at Microsoft.AspNetCore.Mvc.Infrastructure.ActionMethodExecutor.TaskOfIActionResultExecutor.Execute(ActionContext actionContext, IActionResultTypeMapper mapper, ObjectMethodExecutor executor, Object controller, Object[] arguments)
   at Microsoft.AspNetCore.Mvc.Infrastructure.ControllerActionInvoker.<InvokeActionMethodAsync>g__Awaited|12_0(ControllerActionInvoker invoker, ValueTask`1 actionResultValueTask)
   at Microsoft.AspNetCore.Mvc.Infrastructure.ControllerActionInvoker.<InvokeNextActionFilterAsync>g__Awaited|10_0(ControllerActionInvoker invoker, Task lastTask, State next, Scope scope, Object state, Boolean isCompleted)
   at Microsoft.AspNetCore.Mvc.Infrastructure.ControllerActionInvoker.Rethrow(ActionExecutedContextSealed context)
   at Microsoft.AspNetCore.Mvc.Infrastructure.ControllerActionInvoker.Next(State& next, Scope& scope, Object& state, Boolean& isCompleted)
   at Microsoft.AspNetCore.Mvc.Infrastructure.ControllerActionInvoker.<InvokeInnerFilterAsync>g__Awaited|13_0(ControllerActionInvoker invoker, Task lastTask, State next, Scope scope, Object state, Boolean isCompleted)
   at Microsoft.AspNetCore.Mvc.Infrastructure.ResourceInvoker.<InvokeFilterPipelineAsync>g__Awaited|20_0(ResourceInvoker invoker, Task lastTask, State next, Scope scope, Object state, Boolean isCompleted)
   at Microsoft.AspNetCore.Mvc.Infrastructure.ResourceInvoker.<InvokeAsync>g__Logged|17_1(ResourceInvoker invoker)
   at Microsoft.AspNetCore.Mvc.Infrastructure.ResourceInvoker.<InvokeAsync>g__Logged|17_1(ResourceInvoker invoker)
   at Microsoft.AspNetCore.Routing.EndpointMiddleware.<Invoke>g__AwaitRequestTask|7_0(Endpoint endpoint, Task requestTask, ILogger logger)
   at Microsoft.AspNetCore.Authorization.AuthorizationMiddleware.Invoke(HttpContext context)
   at Microsoft.AspNetCore.Authentication.AuthenticationMiddleware.Invoke(HttpContext context)
   at Swashbuckle.AspNetCore.SwaggerUI.SwaggerUIMiddleware.Invoke(HttpContext httpContext)
   at Swashbuckle.AspNetCore.Swagger.SwaggerMiddleware.Invoke(HttpContext httpContext, ISwaggerProvider swaggerProvider)
   at Program.<>c.<<<Main>$>b__0_8>d.MoveNext() in C:\Users\310508\source\repos\UST-Live-01\HealthCare\HealthCare.Api\Program.cs:line 173
--- End of stack trace from previous location ---
   at Microsoft.AspNetCore.Diagnostics.ExceptionHandlerMiddlewareImpl.<Invoke>g__Awaited|10_0(ExceptionHandlerMiddlewareImpl middleware, HttpContext context, Task task)
2026-07-09 11:54:11.322 +05:30 [INF] Request finished HTTP/2 GET https://localhost:7234/api/doctors/available?specialisation=Cardiologist&date=2026-07-11 - 500 null application/json; charset=utf-8 5946.278ms
2026-07-09 11:54:11.327 +05:30 [INF] Request finished HTTP/2 GET https://localhost:7234/api/doctors/available?specialisation=Dermatologist&date=2026-07-11 - 500 null application/json; charset=utf-8 14338.4314ms
2026-07-09 11:54:13.319 +05:30 [INF] Request starting HTTP/2 OPTIONS https://localhost:7234/api/doctors/available?specialisation=Pediatrician&date=2026-07-11 - null null
2026-07-09 11:54:13.322 +05:30 [INF] CORS policy execution successful.
2026-07-09 11:54:13.323 +05:30 [INF] API Request: OPTIONS /api/doctors/available responded 204
2026-07-09 11:54:13.325 +05:30 [INF] Request finished HTTP/2 OPTIONS https://localhost:7234/api/doctors/available?specialisation=Pediatrician&date=2026-07-11 - 204 null null 5.5929ms
2026-07-09 11:54:13.328 +05:30 [INF] Request starting HTTP/2 GET https://localhost:7234/api/doctors/available?specialisation=Pediatrician&date=2026-07-11 - null null
2026-07-09 11:54:13.330 +05:30 [INF] CORS policy execution successful.
2026-07-09 11:54:13.332 +05:30 [INF] Executing endpoint 'HealthCare.Api.Controllers.DoctorController.GetAvailableDoctors (HealthCare.Api)'
2026-07-09 11:54:13.333 +05:30 [INF] Route matched with {action = "GetAvailableDoctors", controller = "Doctor"}. Executing controller action with signature System.Threading.Tasks.Task`1[Microsoft.AspNetCore.Mvc.IActionResult] GetAvailableDoctors(System.String, System.DateOnly) on controller HealthCare.Api.Controllers.DoctorController (HealthCare.Api).
2026-07-09 11:54:19.270 +05:30 [INF] Executed action HealthCare.Api.Controllers.DoctorController.GetAvailableDoctors (HealthCare.Api) in 5935.8362ms
2026-07-09 11:54:19.273 +05:30 [INF] Executed endpoint 'HealthCare.Api.Controllers.DoctorController.GetAvailableDoctors (HealthCare.Api)'
2026-07-09 11:54:19.275 +05:30 [ERR] Exception occurred while processing GET /api/doctors/available
StackExchange.Redis.RedisConnectionException: The message timed out in the backlog attempting to send because no connection became available (5000ms) - Last Connection Exception: It was not possible to connect to the redis server(s). ConnectTimeout, command=HMGET, timeout: 5000, inst: 0, qu: 0, qs: 0, aw: False, bw: CheckingForTimeout, last-in: 0, cur-in: 0, sync-ops: 0, async-ops: 3, serverEndpoint: localhost:6379, conn-sec: n/a, aoc: 0, mc: 1/1/0, mgr: 10 of 10 available, clientName: 25012S3(SE.Redis-v2.7.27.49176), IOCP: (Busy=0,Free=1000,Min=1,Max=1000), WORKER: (Busy=3,Free=32764,Min=8,Max=32767), POOL: (Threads=6,QueuedItems=0,CompletedItems=1866,Timers=8), v: 2.7.27.49176 (Please take a look at this article for some common client-side issues that can cause timeouts: https://stackexchange.github.io/StackExchange.Redis/Timeouts)
 ---> StackExchange.Redis.RedisConnectionException: It was not possible to connect to the redis server(s). ConnectTimeout
   --- End of inner exception stack trace ---
   at Microsoft.Extensions.Caching.StackExchangeRedis.RedisCache.GetAndRefreshAsync(String key, Boolean getData, CancellationToken token)
   at Microsoft.Extensions.Caching.StackExchangeRedis.RedisCache.GetAsync(String key, CancellationToken token)
   at Microsoft.Extensions.Caching.Distributed.DistributedCacheExtensions.GetStringAsync(IDistributedCache cache, String key, CancellationToken token)
   at HealthCare.Api.Services.Implementations.DoctorService.AvailableDoctors(String specialisation, DateOnly date) in C:\Users\310508\source\repos\UST-Live-01\HealthCare\HealthCare.Api\Services\Implementations\DoctorService.cs:line 272
   at HealthCare.Api.Controllers.DoctorController.GetAvailableDoctors(String specialisation, DateOnly date) in C:\Users\310508\source\repos\UST-Live-01\HealthCare\HealthCare.Api\Controllers\DoctorController.cs:line 55
   at Microsoft.AspNetCore.Mvc.Infrastructure.ActionMethodExecutor.TaskOfIActionResultExecutor.Execute(ActionContext actionContext, IActionResultTypeMapper mapper, ObjectMethodExecutor executor, Object controller, Object[] arguments)
   at Microsoft.AspNetCore.Mvc.Infrastructure.ControllerActionInvoker.<InvokeActionMethodAsync>g__Awaited|12_0(ControllerActionInvoker invoker, ValueTask`1 actionResultValueTask)
   at Microsoft.AspNetCore.Mvc.Infrastructure.ControllerActionInvoker.<InvokeNextActionFilterAsync>g__Awaited|10_0(ControllerActionInvoker invoker, Task lastTask, State next, Scope scope, Object state, Boolean isCompleted)
   at Microsoft.AspNetCore.Mvc.Infrastructure.ControllerActionInvoker.Rethrow(ActionExecutedContextSealed context)
   at Microsoft.AspNetCore.Mvc.Infrastructure.ControllerActionInvoker.Next(State& next, Scope& scope, Object& state, Boolean& isCompleted)
   at Microsoft.AspNetCore.Mvc.Infrastructure.ControllerActionInvoker.<InvokeInnerFilterAsync>g__Awaited|13_0(ControllerActionInvoker invoker, Task lastTask, State next, Scope scope, Object state, Boolean isCompleted)
   at Microsoft.AspNetCore.Mvc.Infrastructure.ResourceInvoker.<InvokeFilterPipelineAsync>g__Awaited|20_0(ResourceInvoker invoker, Task lastTask, State next, Scope scope, Object state, Boolean isCompleted)
   at Microsoft.AspNetCore.Mvc.Infrastructure.ResourceInvoker.<InvokeAsync>g__Logged|17_1(ResourceInvoker invoker)
   at Microsoft.AspNetCore.Mvc.Infrastructure.ResourceInvoker.<InvokeAsync>g__Logged|17_1(ResourceInvoker invoker)
   at Microsoft.AspNetCore.Routing.EndpointMiddleware.<Invoke>g__AwaitRequestTask|7_0(Endpoint endpoint, Task requestTask, ILogger logger)
   at Microsoft.AspNetCore.Authorization.AuthorizationMiddleware.Invoke(HttpContext context)
   at Microsoft.AspNetCore.Authentication.AuthenticationMiddleware.Invoke(HttpContext context)
   at Swashbuckle.AspNetCore.SwaggerUI.SwaggerUIMiddleware.Invoke(HttpContext httpContext)
   at Swashbuckle.AspNetCore.Swagger.SwaggerMiddleware.Invoke(HttpContext httpContext, ISwaggerProvider swaggerProvider)
   at Program.<>c.<<<Main>$>b__0_8>d.MoveNext() in C:\Users\310508\source\repos\UST-Live-01\HealthCare\HealthCare.Api\Program.cs:line 173
--- End of stack trace from previous location ---
   at Microsoft.AspNetCore.Diagnostics.ExceptionHandlerMiddlewareImpl.<Invoke>g__Awaited|10_0(ExceptionHandlerMiddlewareImpl middleware, HttpContext context, Task task)
2026-07-09 11:54:19.289 +05:30 [INF] Request finished HTTP/2 GET https://localhost:7234/api/doctors/available?specialisation=Pediatrician&date=2026-07-11 - 500 null application/json; charset=utf-8 5961.7821ms
2026-07-09 11:56:04.436 +05:30 [INF] Request starting HTTP/2 OPTIONS https://localhost:7234/api/doctors/available?specialisation=Cardiologist&date=2026-07-11 - null null
2026-07-09 11:56:04.440 +05:30 [INF] CORS policy execution successful.
2026-07-09 11:56:04.441 +05:30 [INF] API Request: OPTIONS /api/doctors/available responded 204
2026-07-09 11:56:04.442 +05:30 [INF] Request finished HTTP/2 OPTIONS https://localhost:7234/api/doctors/available?specialisation=Cardiologist&date=2026-07-11 - 204 null null 6.0005ms
2026-07-09 11:56:04.445 +05:30 [INF] Request starting HTTP/2 GET https://localhost:7234/api/doctors/available?specialisation=Cardiologist&date=2026-07-11 - null null
2026-07-09 11:56:04.449 +05:30 [INF] CORS policy execution successful.
2026-07-09 11:56:04.451 +05:30 [INF] Executing endpoint 'HealthCare.Api.Controllers.DoctorController.GetAvailableDoctors (HealthCare.Api)'
2026-07-09 11:56:04.452 +05:30 [INF] Route matched with {action = "GetAvailableDoctors", controller = "Doctor"}. Executing controller action with signature System.Threading.Tasks.Task`1[Microsoft.AspNetCore.Mvc.IActionResult] GetAvailableDoctors(System.String, System.DateOnly) on controller HealthCare.Api.Controllers.DoctorController (HealthCare.Api).
2026-07-09 11:56:10.281 +05:30 [INF] Executed action HealthCare.Api.Controllers.DoctorController.GetAvailableDoctors (HealthCare.Api) in 5827.1791ms
2026-07-09 11:56:10.285 +05:30 [INF] Executed endpoint 'HealthCare.Api.Controllers.DoctorController.GetAvailableDoctors (HealthCare.Api)'
2026-07-09 11:56:10.286 +05:30 [ERR] Exception occurred while processing GET /api/doctors/available
StackExchange.Redis.RedisConnectionException: The message timed out in the backlog attempting to send because no connection became available (5000ms) - Last Connection Exception: It was not possible to connect to the redis server(s). ConnectTimeout, command=HMGET, timeout: 5000, inst: 0, qu: 0, qs: 0, aw: False, bw: CheckingForTimeout, rs: NotStarted, ws: Initializing, in: 0, last-in: 0, cur-in: 0, sync-ops: 0, async-ops: 4, serverEndpoint: localhost:6379, conn-sec: n/a, aoc: 0, mc: 1/1/0, mgr: 10 of 10 available, clientName: 25012S3(SE.Redis-v2.7.27.49176), IOCP: (Busy=0,Free=1000,Min=1,Max=1000), WORKER: (Busy=3,Free=32764,Min=8,Max=32767), POOL: (Threads=5,QueuedItems=0,CompletedItems=2801,Timers=8), v: 2.7.27.49176 (Please take a look at this article for some common client-side issues that can cause timeouts: https://stackexchange.github.io/StackExchange.Redis/Timeouts)
 ---> StackExchange.Redis.RedisConnectionException: It was not possible to connect to the redis server(s). ConnectTimeout
   --- End of inner exception stack trace ---
   at Microsoft.Extensions.Caching.StackExchangeRedis.RedisCache.GetAndRefreshAsync(String key, Boolean getData, CancellationToken token)
   at Microsoft.Extensions.Caching.StackExchangeRedis.RedisCache.GetAsync(String key, CancellationToken token)
   at Microsoft.Extensions.Caching.Distributed.DistributedCacheExtensions.GetStringAsync(IDistributedCache cache, String key, CancellationToken token)
   at HealthCare.Api.Services.Implementations.DoctorService.AvailableDoctors(String specialisation, DateOnly date) in C:\Users\310508\source\repos\UST-Live-01\HealthCare\HealthCare.Api\Services\Implementations\DoctorService.cs:line 272
   at HealthCare.Api.Controllers.DoctorController.GetAvailableDoctors(String specialisation, DateOnly date) in C:\Users\310508\source\repos\UST-Live-01\HealthCare\HealthCare.Api\Controllers\DoctorController.cs:line 55
   at Microsoft.AspNetCore.Mvc.Infrastructure.ActionMethodExecutor.TaskOfIActionResultExecutor.Execute(ActionContext actionContext, IActionResultTypeMapper mapper, ObjectMethodExecutor executor, Object controller, Object[] arguments)
   at Microsoft.AspNetCore.Mvc.Infrastructure.ControllerActionInvoker.<InvokeActionMethodAsync>g__Awaited|12_0(ControllerActionInvoker invoker, ValueTask`1 actionResultValueTask)
   at Microsoft.AspNetCore.Mvc.Infrastructure.ControllerActionInvoker.<InvokeNextActionFilterAsync>g__Awaited|10_0(ControllerActionInvoker invoker, Task lastTask, State next, Scope scope, Object state, Boolean isCompleted)
   at Microsoft.AspNetCore.Mvc.Infrastructure.ControllerActionInvoker.Rethrow(ActionExecutedContextSealed context)
   at Microsoft.AspNetCore.Mvc.Infrastructure.ControllerActionInvoker.Next(State& next, Scope& scope, Object& state, Boolean& isCompleted)
   at Microsoft.AspNetCore.Mvc.Infrastructure.ControllerActionInvoker.<InvokeInnerFilterAsync>g__Awaited|13_0(ControllerActionInvoker invoker, Task lastTask, State next, Scope scope, Object state, Boolean isCompleted)
   at Microsoft.AspNetCore.Mvc.Infrastructure.ResourceInvoker.<InvokeFilterPipelineAsync>g__Awaited|20_0(ResourceInvoker invoker, Task lastTask, State next, Scope scope, Object state, Boolean isCompleted)
   at Microsoft.AspNetCore.Mvc.Infrastructure.ResourceInvoker.<InvokeAsync>g__Logged|17_1(ResourceInvoker invoker)
   at Microsoft.AspNetCore.Mvc.Infrastructure.ResourceInvoker.<InvokeAsync>g__Logged|17_1(ResourceInvoker invoker)
   at Microsoft.AspNetCore.Routing.EndpointMiddleware.<Invoke>g__AwaitRequestTask|7_0(Endpoint endpoint, Task requestTask, ILogger logger)
   at Microsoft.AspNetCore.Authorization.AuthorizationMiddleware.Invoke(HttpContext context)
   at Microsoft.AspNetCore.Authentication.AuthenticationMiddleware.Invoke(HttpContext context)
   at Swashbuckle.AspNetCore.SwaggerUI.SwaggerUIMiddleware.Invoke(HttpContext httpContext)
   at Swashbuckle.AspNetCore.Swagger.SwaggerMiddleware.Invoke(HttpContext httpContext, ISwaggerProvider swaggerProvider)
   at Program.<>c.<<<Main>$>b__0_8>d.MoveNext() in C:\Users\310508\source\repos\UST-Live-01\HealthCare\HealthCare.Api\Program.cs:line 173
--- End of stack trace from previous location ---
   at Microsoft.AspNetCore.Diagnostics.ExceptionHandlerMiddlewareImpl.<Invoke>g__Awaited|10_0(ExceptionHandlerMiddlewareImpl middleware, HttpContext context, Task task)
2026-07-09 11:56:10.295 +05:30 [INF] Request finished HTTP/2 GET https://localhost:7234/api/doctors/available?specialisation=Cardiologist&date=2026-07-11 - 500 null application/json; charset=utf-8 5850.0681ms
2026-07-09 11:56:36.177 +05:30 [INF] Request starting HTTP/2 OPTIONS https://localhost:7234/api/doctors/available?specialisation=Pediatrician&date=2026-07-11 - null null
2026-07-09 11:56:36.181 +05:30 [INF] CORS policy execution successful.
2026-07-09 11:56:36.182 +05:30 [INF] API Request: OPTIONS /api/doctors/available responded 204
2026-07-09 11:56:36.184 +05:30 [INF] Request finished HTTP/2 OPTIONS https://localhost:7234/api/doctors/available?specialisation=Pediatrician&date=2026-07-11 - 204 null null 6.6612ms
2026-07-09 11:56:36.186 +05:30 [INF] Request starting HTTP/2 GET https://localhost:7234/api/doctors/available?specialisation=Pediatrician&date=2026-07-11 - null null
2026-07-09 11:56:36.189 +05:30 [INF] CORS policy execution successful.
2026-07-09 11:56:36.190 +05:30 [INF] Executing endpoint 'HealthCare.Api.Controllers.DoctorController.GetAvailableDoctors (HealthCare.Api)'
2026-07-09 11:56:36.191 +05:30 [INF] Route matched with {action = "GetAvailableDoctors", controller = "Doctor"}. Executing controller action with signature System.Threading.Tasks.Task`1[Microsoft.AspNetCore.Mvc.IActionResult] GetAvailableDoctors(System.String, System.DateOnly) on controller HealthCare.Api.Controllers.DoctorController (HealthCare.Api).
2026-07-09 11:56:41.270 +05:30 [INF] Executed action HealthCare.Api.Controllers.DoctorController.GetAvailableDoctors (HealthCare.Api) in 5076.2012ms
2026-07-09 11:56:41.274 +05:30 [INF] Executed endpoint 'HealthCare.Api.Controllers.DoctorController.GetAvailableDoctors (HealthCare.Api)'
2026-07-09 11:56:41.276 +05:30 [ERR] Exception occurred while processing GET /api/doctors/available
StackExchange.Redis.RedisConnectionException: The message timed out in the backlog attempting to send because no connection became available (5000ms) - Last Connection Exception: It was not possible to connect to the redis server(s). ConnectTimeout, command=HMGET, timeout: 5000, inst: 0, qu: 0, qs: 0, aw: False, bw: CheckingForTimeout, last-in: 0, cur-in: 0, sync-ops: 0, async-ops: 5, serverEndpoint: localhost:6379, conn-sec: n/a, aoc: 0, mc: 1/1/0, mgr: 10 of 10 available, clientName: 25012S3(SE.Redis-v2.7.27.49176), IOCP: (Busy=0,Free=1000,Min=1,Max=1000), WORKER: (Busy=1,Free=32766,Min=8,Max=32767), POOL: (Threads=4,QueuedItems=0,CompletedItems=3066,Timers=7), v: 2.7.27.49176 (Please take a look at this article for some common client-side issues that can cause timeouts: https://stackexchange.github.io/StackExchange.Redis/Timeouts)
 ---> StackExchange.Redis.RedisConnectionException: It was not possible to connect to the redis server(s). ConnectTimeout
   --- End of inner exception stack trace ---
   at Microsoft.Extensions.Caching.StackExchangeRedis.RedisCache.GetAndRefreshAsync(String key, Boolean getData, CancellationToken token)
   at Microsoft.Extensions.Caching.StackExchangeRedis.RedisCache.GetAsync(String key, CancellationToken token)
   at Microsoft.Extensions.Caching.Distributed.DistributedCacheExtensions.GetStringAsync(IDistributedCache cache, String key, CancellationToken token)
   at HealthCare.Api.Services.Implementations.DoctorService.AvailableDoctors(String specialisation, DateOnly date) in C:\Users\310508\source\repos\UST-Live-01\HealthCare\HealthCare.Api\Services\Implementations\DoctorService.cs:line 272
   at HealthCare.Api.Controllers.DoctorController.GetAvailableDoctors(String specialisation, DateOnly date) in C:\Users\310508\source\repos\UST-Live-01\HealthCare\HealthCare.Api\Controllers\DoctorController.cs:line 55
   at Microsoft.AspNetCore.Mvc.Infrastructure.ActionMethodExecutor.TaskOfIActionResultExecutor.Execute(ActionContext actionContext, IActionResultTypeMapper mapper, ObjectMethodExecutor executor, Object controller, Object[] arguments)
   at Microsoft.AspNetCore.Mvc.Infrastructure.ControllerActionInvoker.<InvokeActionMethodAsync>g__Awaited|12_0(ControllerActionInvoker invoker, ValueTask`1 actionResultValueTask)
   at Microsoft.AspNetCore.Mvc.Infrastructure.ControllerActionInvoker.<InvokeNextActionFilterAsync>g__Awaited|10_0(ControllerActionInvoker invoker, Task lastTask, State next, Scope scope, Object state, Boolean isCompleted)
   at Microsoft.AspNetCore.Mvc.Infrastructure.ControllerActionInvoker.Rethrow(ActionExecutedContextSealed context)
   at Microsoft.AspNetCore.Mvc.Infrastructure.ControllerActionInvoker.Next(State& next, Scope& scope, Object& state, Boolean& isCompleted)
   at Microsoft.AspNetCore.Mvc.Infrastructure.ControllerActionInvoker.<InvokeInnerFilterAsync>g__Awaited|13_0(ControllerActionInvoker invoker, Task lastTask, State next, Scope scope, Object state, Boolean isCompleted)
   at Microsoft.AspNetCore.Mvc.Infrastructure.ResourceInvoker.<InvokeFilterPipelineAsync>g__Awaited|20_0(ResourceInvoker invoker, Task lastTask, State next, Scope scope, Object state, Boolean isCompleted)
   at Microsoft.AspNetCore.Mvc.Infrastructure.ResourceInvoker.<InvokeAsync>g__Logged|17_1(ResourceInvoker invoker)
   at Microsoft.AspNetCore.Mvc.Infrastructure.ResourceInvoker.<InvokeAsync>g__Logged|17_1(ResourceInvoker invoker)
   at Microsoft.AspNetCore.Routing.EndpointMiddleware.<Invoke>g__AwaitRequestTask|7_0(Endpoint endpoint, Task requestTask, ILogger logger)
   at Microsoft.AspNetCore.Authorization.AuthorizationMiddleware.Invoke(HttpContext context)
   at Microsoft.AspNetCore.Authentication.AuthenticationMiddleware.Invoke(HttpContext context)
   at Swashbuckle.AspNetCore.SwaggerUI.SwaggerUIMiddleware.Invoke(HttpContext httpContext)
   at Swashbuckle.AspNetCore.Swagger.SwaggerMiddleware.Invoke(HttpContext httpContext, ISwaggerProvider swaggerProvider)
   at Program.<>c.<<<Main>$>b__0_8>d.MoveNext() in C:\Users\310508\source\repos\UST-Live-01\HealthCare\HealthCare.Api\Program.cs:line 173
--- End of stack trace from previous location ---
   at Microsoft.AspNetCore.Diagnostics.ExceptionHandlerMiddlewareImpl.<Invoke>g__Awaited|10_0(ExceptionHandlerMiddlewareImpl middleware, HttpContext context, Task task)
2026-07-09 11:56:41.289 +05:30 [INF] Request finished HTTP/2 GET https://localhost:7234/api/doctors/available?specialisation=Pediatrician&date=2026-07-11 - 500 null application/json; charset=utf-8 5103.0901ms
2026-07-09 12:31:57.846 +05:30 [INF] User profile is available. Using 'C:\Users\310508\AppData\Local\ASP.NET\DataProtection-Keys' as key repository and Windows DPAPI to encrypt keys at rest.
2026-07-09 12:31:59.142 +05:30 [INF] Executed DbCommand (46ms) [Parameters=[@normalizedName='?' (Size = 256)], CommandType='"Text"', CommandTimeout='30']
SELECT TOP(1) [a].[Id], [a].[ConcurrencyStamp], [a].[Name], [a].[NormalizedName]
FROM [AspNetRoles] AS [a]
WHERE [a].[NormalizedName] = @normalizedName
2026-07-09 12:31:59.210 +05:30 [INF] Executed DbCommand (1ms) [Parameters=[@normalizedName='?' (Size = 256)], CommandType='"Text"', CommandTimeout='30']
SELECT TOP(1) [a].[Id], [a].[ConcurrencyStamp], [a].[Name], [a].[NormalizedName]
FROM [AspNetRoles] AS [a]
WHERE [a].[NormalizedName] = @normalizedName
2026-07-09 12:31:59.215 +05:30 [INF] Executed DbCommand (1ms) [Parameters=[@normalizedName='?' (Size = 256)], CommandType='"Text"', CommandTimeout='30']
SELECT TOP(1) [a].[Id], [a].[ConcurrencyStamp], [a].[Name], [a].[NormalizedName]
FROM [AspNetRoles] AS [a]
WHERE [a].[NormalizedName] = @normalizedName
2026-07-09 12:31:59.220 +05:30 [INF] Executed DbCommand (0ms) [Parameters=[@normalizedName='?' (Size = 256)], CommandType='"Text"', CommandTimeout='30']
SELECT TOP(1) [a].[Id], [a].[ConcurrencyStamp], [a].[Name], [a].[NormalizedName]
FROM [AspNetRoles] AS [a]
WHERE [a].[NormalizedName] = @normalizedName
2026-07-09 12:31:59.228 +05:30 [INF] Executed DbCommand (1ms) [Parameters=[@normalizedName='?' (Size = 256)], CommandType='"Text"', CommandTimeout='30']
SELECT TOP(1) [a].[Id], [a].[ConcurrencyStamp], [a].[Name], [a].[NormalizedName]
FROM [AspNetRoles] AS [a]
WHERE [a].[NormalizedName] = @normalizedName
2026-07-09 12:31:59.231 +05:30 [INF] Executed DbCommand (0ms) [Parameters=[@normalizedName='?' (Size = 256)], CommandType='"Text"', CommandTimeout='30']
SELECT TOP(1) [a].[Id], [a].[ConcurrencyStamp], [a].[Name], [a].[NormalizedName]
FROM [AspNetRoles] AS [a]
WHERE [a].[NormalizedName] = @normalizedName
2026-07-09 12:31:59.255 +05:30 [INF] Executed DbCommand (7ms) [Parameters=[@normalizedEmail='?' (Size = 256)], CommandType='"Text"', CommandTimeout='30']
SELECT TOP(2) [a].[Id], [a].[AccessFailedCount], [a].[ConcurrencyStamp], [a].[Discriminator], [a].[Email], [a].[EmailConfirmed], [a].[LockoutEnabled], [a].[LockoutEnd], [a].[NormalizedEmail], [a].[NormalizedUserName], [a].[PasswordHash], [a].[PhoneNumber], [a].[PhoneNumberConfirmed], [a].[SecurityStamp], [a].[TwoFactorEnabled], [a].[UserName]
FROM [AspNetUsers] AS [a]
WHERE [a].[Discriminator] = N'User' AND [a].[NormalizedEmail] = @normalizedEmail
2026-07-09 12:31:59.784 +05:30 [INF] Configured endpoint AppointmentBooked, Consumer: HealthCare.Api.Consumers.AppointmentBookedConsumer
2026-07-09 12:32:00.280 +05:30 [INF] Now listening on: https://localhost:7234
2026-07-09 12:32:00.282 +05:30 [INF] Now listening on: http://localhost:5225
2026-07-09 12:32:00.287 +05:30 [INF] Bus started: "rabbitmq://localhost/"
2026-07-09 12:32:00.411 +05:30 [INF] Application started. Press Ctrl+C to shut down.
2026-07-09 12:32:00.413 +05:30 [INF] Hosting environment: Development
2026-07-09 12:32:00.442 +05:30 [INF] Content root path: C:\Users\310508\source\repos\UST-Live-01\HealthCare\HealthCare.Api
2026-07-09 12:32:43.409 +05:30 [INF] Request starting HTTP/2 OPTIONS https://localhost:7234/api/auth/login - null null
2026-07-09 12:32:43.476 +05:30 [INF] CORS policy execution successful.
2026-07-09 12:32:43.483 +05:30 [INF] API Request: OPTIONS /api/auth/login responded 204
2026-07-09 12:32:43.495 +05:30 [INF] Request finished HTTP/2 OPTIONS https://localhost:7234/api/auth/login - 204 null null 88.1327ms
2026-07-09 12:32:43.500 +05:30 [INF] Request starting HTTP/2 POST https://localhost:7234/api/auth/login - application/json 51
2026-07-09 12:32:43.514 +05:30 [INF] CORS policy execution successful.
2026-07-09 12:32:43.530 +05:30 [INF] Executing endpoint 'HealthCare.Api.Controllers.AuthController.Login (HealthCare.Api)'
2026-07-09 12:32:43.578 +05:30 [INF] Route matched with {action = "Login", controller = "Auth"}. Executing controller action with signature System.Threading.Tasks.Task`1[Microsoft.AspNetCore.Mvc.IActionResult] Login(HealthCare.Api.DTOs.Auth.LoginDto) on controller HealthCare.Api.Controllers.AuthController (HealthCare.Api).
2026-07-09 12:32:43.779 +05:30 [WRN] You do not have a valid license key for the Lucky Penny software AutoMapper. This is allowed for development and testing scenarios. If you are running in production you are required to have a licensed version. Please visit https://luckypennysoftware.com to obtain a valid license.
2026-07-09 12:32:43.926 +05:30 [INF] Executed DbCommand (1ms) [Parameters=[@normalizedEmail='?' (Size = 256)], CommandType='"Text"', CommandTimeout='30']
SELECT TOP(2) [a].[Id], [a].[AccessFailedCount], [a].[ConcurrencyStamp], [a].[Discriminator], [a].[Email], [a].[EmailConfirmed], [a].[LockoutEnabled], [a].[LockoutEnd], [a].[NormalizedEmail], [a].[NormalizedUserName], [a].[PasswordHash], [a].[PhoneNumber], [a].[PhoneNumberConfirmed], [a].[SecurityStamp], [a].[TwoFactorEnabled], [a].[UserName]
FROM [AspNetUsers] AS [a]
WHERE [a].[Discriminator] = N'User' AND [a].[NormalizedEmail] = @normalizedEmail
2026-07-09 12:32:44.101 +05:30 [INF] Executed DbCommand (5ms) [Parameters=[@userId='?' (Size = 450)], CommandType='"Text"', CommandTimeout='30']
SELECT [a0].[Name]
FROM [AspNetUserRoles] AS [a]
INNER JOIN [AspNetRoles] AS [a0] ON [a].[RoleId] = [a0].[Id]
WHERE [a].[UserId] = @userId
2026-07-09 12:32:44.123 +05:30 [INF] Executed DbCommand (6ms) [Parameters=[@userId='?' (Size = 450)], CommandType='"Text"', CommandTimeout='30']
SELECT TOP(1) [p].[PatientId], [p].[CreatedDate], [p].[DateOfBirth], [p].[FullName], [p].[Gender], [p].[InsuranceId], [p].[IsActive], [p].[PhoneNumber], [p].[UserId]
FROM [Patients] AS [p]
WHERE [p].[UserId] = @userId
2026-07-09 12:32:44.192 +05:30 [INF] Executed DbCommand (1ms) [Parameters=[@userId='?' (Size = 450)], CommandType='"Text"', CommandTimeout='30']
SELECT [a0].[Name]
FROM [AspNetUserRoles] AS [a]
INNER JOIN [AspNetRoles] AS [a0] ON [a].[RoleId] = [a0].[Id]
WHERE [a].[UserId] = @userId
2026-07-09 12:32:44.274 +05:30 [INF] Executing OkObjectResult, writing value of type 'HealthCare.Api.DTOs.Auth.AuthResponseDto'.
2026-07-09 12:32:44.290 +05:30 [INF] Executed action HealthCare.Api.Controllers.AuthController.Login (HealthCare.Api) in 702.8196ms
2026-07-09 12:32:44.292 +05:30 [INF] Executed endpoint 'HealthCare.Api.Controllers.AuthController.Login (HealthCare.Api)'
2026-07-09 12:32:44.293 +05:30 [INF] API Request: POST /api/auth/login responded 200
2026-07-09 12:32:44.300 +05:30 [INF] Request finished HTTP/2 POST https://localhost:7234/api/auth/login - 200 null application/json; charset=utf-8 799.4958ms
2026-07-09 12:32:44.639 +05:30 [INF] Request starting HTTP/2 OPTIONS https://localhost:7234/api/appointments/patient/upcoming - null null
2026-07-09 12:32:44.639 +05:30 [INF] Request starting HTTP/2 OPTIONS https://localhost:7234/api/records/my-records - null null
2026-07-09 12:32:44.650 +05:30 [INF] CORS policy execution successful.
2026-07-09 12:32:44.653 +05:30 [INF] CORS policy execution successful.
2026-07-09 12:32:44.653 +05:30 [INF] API Request: OPTIONS /api/appointments/patient/upcoming responded 204
2026-07-09 12:32:44.654 +05:30 [INF] API Request: OPTIONS /api/records/my-records responded 204
2026-07-09 12:32:44.658 +05:30 [INF] Request finished HTTP/2 OPTIONS https://localhost:7234/api/appointments/patient/upcoming - 204 null null 19.2566ms
2026-07-09 12:32:44.659 +05:30 [INF] Request finished HTTP/2 OPTIONS https://localhost:7234/api/records/my-records - 204 null null 20.3524ms
2026-07-09 12:32:44.661 +05:30 [INF] Request starting HTTP/2 GET https://localhost:7234/api/appointments/patient/upcoming - null null
2026-07-09 12:32:44.663 +05:30 [INF] Request starting HTTP/2 GET https://localhost:7234/api/records/my-records - null null
2026-07-09 12:32:44.672 +05:30 [INF] CORS policy execution successful.
2026-07-09 12:32:44.672 +05:30 [INF] CORS policy execution successful.
2026-07-09 12:32:44.756 +05:30 [INF] Executing endpoint 'HealthCare.Api.Controllers.HealthRecordController.GetHealthRecordByPatient (HealthCare.Api)'
2026-07-09 12:32:44.756 +05:30 [INF] Executing endpoint 'HealthCare.Api.Controllers.AppointmentController.GetAppointmentByPatient (HealthCare.Api)'
2026-07-09 12:32:44.767 +05:30 [INF] Route matched with {action = "GetHealthRecordByPatient", controller = "HealthRecord"}. Executing controller action with signature System.Threading.Tasks.Task`1[Microsoft.AspNetCore.Mvc.IActionResult] GetHealthRecordByPatient() on controller HealthCare.Api.Controllers.HealthRecordController (HealthCare.Api).
2026-07-09 12:32:44.767 +05:30 [INF] Route matched with {action = "GetAppointmentByPatient", controller = "Appointment"}. Executing controller action with signature System.Threading.Tasks.Task`1[Microsoft.AspNetCore.Mvc.IActionResult] GetAppointmentByPatient() on controller HealthCare.Api.Controllers.AppointmentController (HealthCare.Api).
2026-07-09 12:32:44.840 +05:30 [INF] Executed DbCommand (13ms) [Parameters=[@id='?' (DbType = Int32)], CommandType='"Text"', CommandTimeout='30']
SELECT [h].[RecordId], [p].[FullName] AS [PatientName], [d].[FullName] AS [DoctorName], [h].[VisitDate], [h].[Diagnosis], [h].[Prescription], [h].[Notes]
FROM [HealthRecords] AS [h]
INNER JOIN [Patients] AS [p] ON [h].[PatientId] = [p].[PatientId]
INNER JOIN [Doctors] AS [d] ON [h].[DoctorId] = [d].[DoctorId]
WHERE [h].[PatientId] = @id
2026-07-09 12:32:44.849 +05:30 [INF] Executing OkObjectResult, writing value of type 'System.Collections.Generic.List`1[[HealthCare.Api.DTOs.HealthRecord.HealthRecordListDto, HealthCare.Shared, Version=1.0.0.0, Culture=neutral, PublicKeyToken=null]]'.
2026-07-09 12:32:44.860 +05:30 [INF] Executed action HealthCare.Api.Controllers.HealthRecordController.GetHealthRecordByPatient (HealthCare.Api) in 90.2684ms
2026-07-09 12:32:44.862 +05:30 [INF] Executed endpoint 'HealthCare.Api.Controllers.HealthRecordController.GetHealthRecordByPatient (HealthCare.Api)'
2026-07-09 12:32:44.864 +05:30 [INF] API Request: GET /api/records/my-records responded 200
2026-07-09 12:32:44.866 +05:30 [INF] Request finished HTTP/2 GET https://localhost:7234/api/records/my-records - 200 null application/json; charset=utf-8 203.0789ms
2026-07-09 12:32:45.098 +05:30 [INF] Executed DbCommand (13ms) [Parameters=[@id='?' (DbType = Int32)], CommandType='"Text"', CommandTimeout='30']
SELECT [a].[AppointmentId], [a].[PatientId], [p].[FullName] AS [PatientName], [d].[FullName] AS [DoctorName], [a].[ScheduledDate], [a].[TimeSlot], [a].[Status]
FROM [Appointments] AS [a]
INNER JOIN [Patients] AS [p] ON [a].[PatientId] = [p].[PatientId]
INNER JOIN [Doctors] AS [d] ON [a].[DoctorId] = [d].[DoctorId]
WHERE [a].[PatientId] = @id AND [a].[ScheduledDate] >= CAST(CONVERT(date, GETDATE()) AS date)
2026-07-09 12:32:45.103 +05:30 [INF] Executing OkObjectResult, writing value of type 'System.Collections.Generic.List`1[[HealthCare.Api.DTOs.Appointment.AppointmentListDto, HealthCare.Shared, Version=1.0.0.0, Culture=neutral, PublicKeyToken=null]]'.
2026-07-09 12:32:45.118 +05:30 [INF] Executed action HealthCare.Api.Controllers.AppointmentController.GetAppointmentByPatient (HealthCare.Api) in 345.8097ms
2026-07-09 12:32:45.121 +05:30 [INF] Executed endpoint 'HealthCare.Api.Controllers.AppointmentController.GetAppointmentByPatient (HealthCare.Api)'
2026-07-09 12:32:45.122 +05:30 [INF] API Request: GET /api/appointments/patient/upcoming responded 200
2026-07-09 12:32:45.126 +05:30 [INF] Request finished HTTP/2 GET https://localhost:7234/api/appointments/patient/upcoming - 200 null application/json; charset=utf-8 464.4543ms
2026-07-09 12:32:53.546 +05:30 [INF] Request starting HTTP/2 OPTIONS https://localhost:7234/api/doctors/available?specialisation=Cardiologist&date=2026-07-10 - null null
2026-07-09 12:32:53.550 +05:30 [INF] CORS policy execution successful.
2026-07-09 12:32:53.551 +05:30 [INF] API Request: OPTIONS /api/doctors/available responded 204
2026-07-09 12:32:53.553 +05:30 [INF] Request finished HTTP/2 OPTIONS https://localhost:7234/api/doctors/available?specialisation=Cardiologist&date=2026-07-10 - 204 null null 7.3094ms
2026-07-09 12:32:53.555 +05:30 [INF] Request starting HTTP/2 GET https://localhost:7234/api/doctors/available?specialisation=Cardiologist&date=2026-07-10 - null null
2026-07-09 12:32:53.559 +05:30 [INF] CORS policy execution successful.
2026-07-09 12:32:53.563 +05:30 [INF] Executing endpoint 'HealthCare.Api.Controllers.DoctorController.GetAvailableDoctors (HealthCare.Api)'
2026-07-09 12:32:53.572 +05:30 [INF] Route matched with {action = "GetAvailableDoctors", controller = "Doctor"}. Executing controller action with signature System.Threading.Tasks.Task`1[Microsoft.AspNetCore.Mvc.IActionResult] GetAvailableDoctors(System.String, System.DateOnly) on controller HealthCare.Api.Controllers.DoctorController (HealthCare.Api).
2026-07-09 12:32:53.980 +05:30 [INF] Executed DbCommand (32ms) [Parameters=[@specialisation='?' (Size = 50), @date='?' (DbType = Date)], CommandType='"Text"', CommandTimeout='30']
SELECT [d].[DoctorId], [d].[FullName], [d].[Specialisation], [d].[ConsultationFee], [d].[IsActive]
FROM [Doctors] AS [d]
WHERE [d].[Specialisation] = @specialisation AND [d].[IsActive] = CAST(1 AS bit) AND NOT EXISTS (
    SELECT 1
    FROM [DoctorLeaves] AS [d0]
    WHERE [d].[DoctorId] = [d0].[DoctorId] AND [d0].[LeaveDate] = @date) AND EXISTS (
    SELECT 1
    FROM (
        SELECT [d1].[TimeSlot]
        FROM [DoctorAvailableSlots] AS [d1]
        WHERE [d].[DoctorId] = [d1].[DoctorId]
        EXCEPT
        SELECT [a].[TimeSlot]
        FROM [Appointments] AS [a]
        WHERE [d].[DoctorId] = [a].[DoctorId] AND [a].[ScheduledDate] = @date AND [a].[Status] <> N'Cancelled'
    ) AS [e])
2026-07-09 12:32:54.082 +05:30 [INF] Executing OkObjectResult, writing value of type 'System.Collections.Generic.List`1[[HealthCare.Api.DTOs.Doctor.DoctorListDto, HealthCare.Shared, Version=1.0.0.0, Culture=neutral, PublicKeyToken=null]]'.
2026-07-09 12:32:54.085 +05:30 [INF] Executed action HealthCare.Api.Controllers.DoctorController.GetAvailableDoctors (HealthCare.Api) in 509.8195ms
2026-07-09 12:32:54.087 +05:30 [INF] Executed endpoint 'HealthCare.Api.Controllers.DoctorController.GetAvailableDoctors (HealthCare.Api)'
2026-07-09 12:32:54.087 +05:30 [INF] API Request: GET /api/doctors/available responded 200
2026-07-09 12:32:54.089 +05:30 [INF] Request finished HTTP/2 GET https://localhost:7234/api/doctors/available?specialisation=Cardiologist&date=2026-07-10 - 200 null application/json; charset=utf-8 533.7729ms
2026-07-09 12:32:55.409 +05:30 [INF] Request starting HTTP/2 OPTIONS https://localhost:7234/api/appointments/available-slots?date=2026-07-10&doctorId=3 - null null
2026-07-09 12:32:55.413 +05:30 [INF] CORS policy execution successful.
2026-07-09 12:32:55.414 +05:30 [INF] API Request: OPTIONS /api/appointments/available-slots responded 204
2026-07-09 12:32:55.417 +05:30 [INF] Request finished HTTP/2 OPTIONS https://localhost:7234/api/appointments/available-slots?date=2026-07-10&doctorId=3 - 204 null null 7.5624ms
2026-07-09 12:32:55.419 +05:30 [INF] Request starting HTTP/2 GET https://localhost:7234/api/appointments/available-slots?date=2026-07-10&doctorId=3 - null null
2026-07-09 12:32:55.422 +05:30 [INF] CORS policy execution successful.
2026-07-09 12:32:55.424 +05:30 [INF] Executing endpoint 'HealthCare.Api.Controllers.AppointmentController.GetAvailableTimeSlots (HealthCare.Api)'
2026-07-09 12:32:55.436 +05:30 [INF] Route matched with {action = "GetAvailableTimeSlots", controller = "Appointment"}. Executing controller action with signature System.Threading.Tasks.Task`1[Microsoft.AspNetCore.Mvc.IActionResult] GetAvailableTimeSlots(System.DateOnly, Int32) on controller HealthCare.Api.Controllers.AppointmentController (HealthCare.Api).
2026-07-09 12:32:55.453 +05:30 [INF] Executed DbCommand (2ms) [Parameters=[@doctorId='?' (DbType = Int32)], CommandType='"Text"', CommandTimeout='30']
SELECT [d].[TimeSlot]
FROM [DoctorAvailableSlots] AS [d]
WHERE [d].[DoctorId] = @doctorId
2026-07-09 12:32:55.465 +05:30 [INF] Executed DbCommand (5ms) [Parameters=[@date='?' (DbType = Date), @doctorId='?' (DbType = Int32)], CommandType='"Text"', CommandTimeout='30']
SELECT [a].[TimeSlot]
FROM [Appointments] AS [a]
WHERE [a].[ScheduledDate] = @date AND [a].[DoctorId] = @doctorId AND [a].[Status] <> N'Cancelled'
2026-07-09 12:32:55.469 +05:30 [INF] Executing OkObjectResult, writing value of type 'System.Collections.Generic.List`1[[System.String, System.Private.CoreLib, Version=10.0.0.0, Culture=neutral, PublicKeyToken=7cec85d7bea7798e]]'.
2026-07-09 12:32:55.472 +05:30 [INF] Executed action HealthCare.Api.Controllers.AppointmentController.GetAvailableTimeSlots (HealthCare.Api) in 32.2289ms
2026-07-09 12:32:55.474 +05:30 [INF] Executed endpoint 'HealthCare.Api.Controllers.AppointmentController.GetAvailableTimeSlots (HealthCare.Api)'
2026-07-09 12:32:55.474 +05:30 [INF] API Request: GET /api/appointments/available-slots responded 200
2026-07-09 12:32:55.476 +05:30 [INF] Request finished HTTP/2 GET https://localhost:7234/api/appointments/available-slots?date=2026-07-10&doctorId=3 - 200 null application/json; charset=utf-8 56.9557ms
2026-07-09 12:32:58.361 +05:30 [INF] Request starting HTTP/2 OPTIONS https://localhost:7234/api/appointments/book - null null
2026-07-09 12:32:58.364 +05:30 [INF] CORS policy execution successful.
2026-07-09 12:32:58.365 +05:30 [INF] API Request: OPTIONS /api/appointments/book responded 204
2026-07-09 12:32:58.366 +05:30 [INF] Request finished HTTP/2 OPTIONS https://localhost:7234/api/appointments/book - 204 null null 4.71ms
2026-07-09 12:32:58.368 +05:30 [INF] Request starting HTTP/2 POST https://localhost:7234/api/appointments/book - application/json 64
2026-07-09 12:32:58.371 +05:30 [INF] CORS policy execution successful.
2026-07-09 12:32:58.372 +05:30 [INF] Executing endpoint 'HealthCare.Api.Controllers.AppointmentController.BookAppointment (HealthCare.Api)'
2026-07-09 12:32:58.380 +05:30 [INF] Route matched with {action = "BookAppointment", controller = "Appointment"}. Executing controller action with signature System.Threading.Tasks.Task`1[Microsoft.AspNetCore.Mvc.IActionResult] BookAppointment(HealthCare.Shared.DTOs.Appointment.CreateAppointmentDto) on controller HealthCare.Api.Controllers.AppointmentController (HealthCare.Api).
2026-07-09 12:32:58.424 +05:30 [INF] Executed DbCommand (10ms) [Parameters=[@date='?' (DbType = Date), @doctorId='?' (DbType = Int32), @timeSlot='?' (Size = 20)], CommandType='"Text"', CommandTimeout='30']
SELECT CASE
    WHEN EXISTS (
        SELECT 1
        FROM [Appointments] AS [a]
        WHERE [a].[ScheduledDate] = @date AND [a].[DoctorId] = @doctorId AND [a].[TimeSlot] = @timeSlot AND [a].[Status] <> N'Cancelled') THEN CAST(1 AS bit)
    ELSE CAST(0 AS bit)
END
2026-07-09 12:32:58.635 +05:30 [INF] Executed DbCommand (20ms) [Parameters=[@p0='?' (Size = 500), @p1='?' (DbType = DateTimeOffset), @p2='?' (DbType = Int32), @p3='?' (DbType = Int32), @p4='?' (DbType = Date), @p5='?' (Size = 20), @p6='?' (Size = 20)], CommandType='"Text"', CommandTimeout='30']
SET IMPLICIT_TRANSACTIONS OFF;
SET NOCOUNT ON;
INSERT INTO [Appointments] ([CancellationReason], [CreatedDate], [DoctorId], [PatientId], [ScheduledDate], [Status], [TimeSlot])
OUTPUT INSERTED.[AppointmentId]
VALUES (@p0, @p1, @p2, @p3, @p4, @p5, @p6);
2026-07-09 12:32:58.667 +05:30 [INF] Appointment booked: AppointmentId 1015
2026-07-09 12:32:58.679 +05:30 [INF] Executed DbCommand (5ms) [Parameters=[@patientId='?' (DbType = Int32)], CommandType='"Text"', CommandTimeout='30']
SELECT TOP(1) [p].[PatientId], [p].[CreatedDate], [p].[DateOfBirth], [p].[FullName], [p].[Gender], [p].[InsuranceId], [p].[IsActive], [p].[PhoneNumber], [p].[UserId]
FROM [Patients] AS [p]
WHERE [p].[PatientId] = @patientId
2026-07-09 12:32:58.862 +05:30 [INF] Executing OkObjectResult, writing value of type '<>f__AnonymousType0`1[[System.String, System.Private.CoreLib, Version=10.0.0.0, Culture=neutral, PublicKeyToken=7cec85d7bea7798e]]'.
2026-07-09 12:32:58.865 +05:30 [INF] Executed action HealthCare.Api.Controllers.AppointmentController.BookAppointment (HealthCare.Api) in 482.8174ms
2026-07-09 12:32:58.866 +05:30 [INF] Executed endpoint 'HealthCare.Api.Controllers.AppointmentController.BookAppointment (HealthCare.Api)'
2026-07-09 12:32:58.867 +05:30 [INF] API Request: POST /api/appointments/book responded 200
2026-07-09 12:32:58.868 +05:30 [INF] Request finished HTTP/2 POST https://localhost:7234/api/appointments/book - 200 null application/json; charset=utf-8 500.4979ms
2026-07-09 12:32:58.937 +05:30 [INF] Executed DbCommand (14ms) [Parameters=[@p0='?' (DbType = DateTime2), @p1='?' (DbType = Int32), @p2='?' (DbType = Boolean), @p3='?' (Size = 500)], CommandType='"Text"', CommandTimeout='30']
SET IMPLICIT_TRANSACTIONS OFF;
SET NOCOUNT ON;
INSERT INTO [Notifications] ([CreatedAtUtc], [DoctorId], [IsRead], [Message])
OUTPUT INSERTED.[NotificationId]
VALUES (@p0, @p1, @p2, @p3);
2026-07-09 12:32:58.942 +05:30 [INF] Notification created for DoctorId 3 from AppointmentId 1015
2026-07-09 12:37:00.350 +05:30 [INF] Usage Telemetry: {"id":"bc700000-e56a-1944-3f0a-08dedd87f8c6","created":"2026-07-09T12:31:59.7255563\u002B05:30","host":{"framework_version":"10.0.8","mass_transit_version":"8.4.1.0","operating_system_version":"Microsoft Windows NT 10.0.26200.0","time_zone_info":"(UTC\u002B05:30) Chennai, Kolkata, Mumbai, New Delhi","commit_hash":"8c7e467cd2edf26ecef95e98a99e3633a7325676"},"bus":[{"created":"2026-07-09T12:31:59.7272098\u002B05:30","configured":"2026-07-09T12:31:59.9141318\u002B05:30","started":"2026-07-09T12:32:00.2844731\u002B05:30","name":"IBus","endpoints":[{"name":"AppointmentBooked","type":"RabbitMQ","prefetch_count":16,"consumer_count":1,"message_count":1},{"name":"_bus_","type":"RabbitMQ","prefetch_count":16}]}]}
2026-07-09 14:10:07.423 +05:30 [INF] User profile is available. Using 'C:\Users\310508\AppData\Local\ASP.NET\DataProtection-Keys' as key repository and Windows DPAPI to encrypt keys at rest.
2026-07-09 14:10:09.939 +05:30 [INF] Executed DbCommand (77ms) [Parameters=[@normalizedName='?' (Size = 256)], CommandType='"Text"', CommandTimeout='30']
SELECT TOP(1) [a].[Id], [a].[ConcurrencyStamp], [a].[Name], [a].[NormalizedName]
FROM [AspNetRoles] AS [a]
WHERE [a].[NormalizedName] = @normalizedName
2026-07-09 14:10:10.092 +05:30 [INF] Executed DbCommand (4ms) [Parameters=[@normalizedName='?' (Size = 256)], CommandType='"Text"', CommandTimeout='30']
SELECT TOP(1) [a].[Id], [a].[ConcurrencyStamp], [a].[Name], [a].[NormalizedName]
FROM [AspNetRoles] AS [a]
WHERE [a].[NormalizedName] = @normalizedName
2026-07-09 14:10:10.098 +05:30 [INF] Executed DbCommand (0ms) [Parameters=[@normalizedName='?' (Size = 256)], CommandType='"Text"', CommandTimeout='30']
SELECT TOP(1) [a].[Id], [a].[ConcurrencyStamp], [a].[Name], [a].[NormalizedName]
FROM [AspNetRoles] AS [a]
WHERE [a].[NormalizedName] = @normalizedName
2026-07-09 14:10:10.104 +05:30 [INF] Executed DbCommand (1ms) [Parameters=[@normalizedName='?' (Size = 256)], CommandType='"Text"', CommandTimeout='30']
SELECT TOP(1) [a].[Id], [a].[ConcurrencyStamp], [a].[Name], [a].[NormalizedName]
FROM [AspNetRoles] AS [a]
WHERE [a].[NormalizedName] = @normalizedName
2026-07-09 14:10:10.113 +05:30 [INF] Executed DbCommand (1ms) [Parameters=[@normalizedName='?' (Size = 256)], CommandType='"Text"', CommandTimeout='30']
SELECT TOP(1) [a].[Id], [a].[ConcurrencyStamp], [a].[Name], [a].[NormalizedName]
FROM [AspNetRoles] AS [a]
WHERE [a].[NormalizedName] = @normalizedName
2026-07-09 14:10:10.117 +05:30 [INF] Executed DbCommand (0ms) [Parameters=[@normalizedName='?' (Size = 256)], CommandType='"Text"', CommandTimeout='30']
SELECT TOP(1) [a].[Id], [a].[ConcurrencyStamp], [a].[Name], [a].[NormalizedName]
FROM [AspNetRoles] AS [a]
WHERE [a].[NormalizedName] = @normalizedName
2026-07-09 14:10:10.155 +05:30 [INF] Executed DbCommand (11ms) [Parameters=[@normalizedEmail='?' (Size = 256)], CommandType='"Text"', CommandTimeout='30']
SELECT TOP(2) [a].[Id], [a].[AccessFailedCount], [a].[ConcurrencyStamp], [a].[Discriminator], [a].[Email], [a].[EmailConfirmed], [a].[LockoutEnabled], [a].[LockoutEnd], [a].[NormalizedEmail], [a].[NormalizedUserName], [a].[PasswordHash], [a].[PhoneNumber], [a].[PhoneNumberConfirmed], [a].[SecurityStamp], [a].[TwoFactorEnabled], [a].[UserName]
FROM [AspNetUsers] AS [a]
WHERE [a].[Discriminator] = N'User' AND [a].[NormalizedEmail] = @normalizedEmail
2026-07-09 14:10:10.811 +05:30 [INF] Configured endpoint AppointmentBooked, Consumer: HealthCare.Api.Consumers.AppointmentBookedConsumer
2026-07-09 14:10:11.361 +05:30 [INF] Now listening on: https://localhost:7234
2026-07-09 14:10:11.363 +05:30 [INF] Now listening on: http://localhost:5225
2026-07-09 14:10:11.406 +05:30 [INF] Bus started: "rabbitmq://localhost/"
2026-07-09 14:10:11.438 +05:30 [INF] Application started. Press Ctrl+C to shut down.
2026-07-09 14:10:11.440 +05:30 [INF] Hosting environment: Development
2026-07-09 14:10:11.441 +05:30 [INF] Content root path: C:\Users\310508\source\repos\UST-Live-01\HealthCare\HealthCare.Api
2026-07-09 14:10:18.865 +05:30 [INF] Request starting HTTP/2 OPTIONS https://localhost:7234/api/auth/login - null null
2026-07-09 14:10:18.920 +05:30 [INF] CORS policy execution successful.
2026-07-09 14:10:18.924 +05:30 [INF] API Request: OPTIONS /api/auth/login responded 204
2026-07-09 14:10:18.930 +05:30 [INF] Request finished HTTP/2 OPTIONS https://localhost:7234/api/auth/login - 204 null null 67.8085ms
2026-07-09 14:10:18.936 +05:30 [INF] Request starting HTTP/2 POST https://localhost:7234/api/auth/login - application/json 51
2026-07-09 14:10:18.942 +05:30 [INF] CORS policy execution successful.
2026-07-09 14:10:18.952 +05:30 [INF] Executing endpoint 'HealthCare.Api.Controllers.AuthController.Login (HealthCare.Api)'
2026-07-09 14:10:18.971 +05:30 [INF] Route matched with {action = "Login", controller = "Auth"}. Executing controller action with signature System.Threading.Tasks.Task`1[Microsoft.AspNetCore.Mvc.IActionResult] Login(HealthCare.Api.DTOs.Auth.LoginDto) on controller HealthCare.Api.Controllers.AuthController (HealthCare.Api).
2026-07-09 14:10:19.099 +05:30 [WRN] You do not have a valid license key for the Lucky Penny software AutoMapper. This is allowed for development and testing scenarios. If you are running in production you are required to have a licensed version. Please visit https://luckypennysoftware.com to obtain a valid license.
2026-07-09 14:10:19.242 +05:30 [INF] Executed DbCommand (1ms) [Parameters=[@normalizedEmail='?' (Size = 256)], CommandType='"Text"', CommandTimeout='30']
SELECT TOP(2) [a].[Id], [a].[AccessFailedCount], [a].[ConcurrencyStamp], [a].[Discriminator], [a].[Email], [a].[EmailConfirmed], [a].[LockoutEnabled], [a].[LockoutEnd], [a].[NormalizedEmail], [a].[NormalizedUserName], [a].[PasswordHash], [a].[PhoneNumber], [a].[PhoneNumberConfirmed], [a].[SecurityStamp], [a].[TwoFactorEnabled], [a].[UserName]
FROM [AspNetUsers] AS [a]
WHERE [a].[Discriminator] = N'User' AND [a].[NormalizedEmail] = @normalizedEmail
2026-07-09 14:10:19.459 +05:30 [INF] Executed DbCommand (8ms) [Parameters=[@userId='?' (Size = 450)], CommandType='"Text"', CommandTimeout='30']
SELECT [a0].[Name]
FROM [AspNetUserRoles] AS [a]
INNER JOIN [AspNetRoles] AS [a0] ON [a].[RoleId] = [a0].[Id]
WHERE [a].[UserId] = @userId
2026-07-09 14:10:19.485 +05:30 [INF] Executed DbCommand (4ms) [Parameters=[@userId='?' (Size = 450)], CommandType='"Text"', CommandTimeout='30']
SELECT TOP(1) [p].[PatientId], [p].[CreatedDate], [p].[DateOfBirth], [p].[FullName], [p].[Gender], [p].[InsuranceId], [p].[IsActive], [p].[PhoneNumber], [p].[UserId]
FROM [Patients] AS [p]
WHERE [p].[UserId] = @userId
2026-07-09 14:10:19.571 +05:30 [INF] Executed DbCommand (1ms) [Parameters=[@userId='?' (Size = 450)], CommandType='"Text"', CommandTimeout='30']
SELECT [a0].[Name]
FROM [AspNetUserRoles] AS [a]
INNER JOIN [AspNetRoles] AS [a0] ON [a].[RoleId] = [a0].[Id]
WHERE [a].[UserId] = @userId
2026-07-09 14:10:19.619 +05:30 [INF] Executing OkObjectResult, writing value of type 'HealthCare.Api.DTOs.Auth.AuthResponseDto'.
2026-07-09 14:10:19.669 +05:30 [INF] Executed action HealthCare.Api.Controllers.AuthController.Login (HealthCare.Api) in 690.9038ms
2026-07-09 14:10:19.672 +05:30 [INF] Executed endpoint 'HealthCare.Api.Controllers.AuthController.Login (HealthCare.Api)'
2026-07-09 14:10:19.675 +05:30 [INF] API Request: POST /api/auth/login responded 200
2026-07-09 14:10:19.683 +05:30 [INF] Request finished HTTP/2 POST https://localhost:7234/api/auth/login - 200 null application/json; charset=utf-8 747.2004ms
2026-07-09 14:10:20.022 +05:30 [INF] Request starting HTTP/2 OPTIONS https://localhost:7234/api/appointments/patient/upcoming - null null
2026-07-09 14:10:20.022 +05:30 [INF] Request starting HTTP/2 OPTIONS https://localhost:7234/api/records/my-records - null null
2026-07-09 14:10:20.027 +05:30 [INF] CORS policy execution successful.
2026-07-09 14:10:20.029 +05:30 [INF] CORS policy execution successful.
2026-07-09 14:10:20.030 +05:30 [INF] API Request: OPTIONS /api/appointments/patient/upcoming responded 204
2026-07-09 14:10:20.031 +05:30 [INF] API Request: OPTIONS /api/records/my-records responded 204
2026-07-09 14:10:20.033 +05:30 [INF] Request finished HTTP/2 OPTIONS https://localhost:7234/api/appointments/patient/upcoming - 204 null null 10.4073ms
2026-07-09 14:10:20.035 +05:30 [INF] Request finished HTTP/2 OPTIONS https://localhost:7234/api/records/my-records - 204 null null 12.0355ms
2026-07-09 14:10:20.037 +05:30 [INF] Request starting HTTP/2 GET https://localhost:7234/api/appointments/patient/upcoming - null null
2026-07-09 14:10:20.037 +05:30 [INF] Request starting HTTP/2 GET https://localhost:7234/api/records/my-records - null null
2026-07-09 14:10:20.050 +05:30 [INF] CORS policy execution successful.
2026-07-09 14:10:20.050 +05:30 [INF] CORS policy execution successful.
2026-07-09 14:10:20.116 +05:30 [INF] Executing endpoint 'HealthCare.Api.Controllers.AppointmentController.GetAppointmentByPatient (HealthCare.Api)'
2026-07-09 14:10:20.116 +05:30 [INF] Executing endpoint 'HealthCare.Api.Controllers.HealthRecordController.GetHealthRecordByPatient (HealthCare.Api)'
2026-07-09 14:10:20.127 +05:30 [INF] Route matched with {action = "GetHealthRecordByPatient", controller = "HealthRecord"}. Executing controller action with signature System.Threading.Tasks.Task`1[Microsoft.AspNetCore.Mvc.IActionResult] GetHealthRecordByPatient() on controller HealthCare.Api.Controllers.HealthRecordController (HealthCare.Api).
2026-07-09 14:10:20.127 +05:30 [INF] Route matched with {action = "GetAppointmentByPatient", controller = "Appointment"}. Executing controller action with signature System.Threading.Tasks.Task`1[Microsoft.AspNetCore.Mvc.IActionResult] GetAppointmentByPatient() on controller HealthCare.Api.Controllers.AppointmentController (HealthCare.Api).
2026-07-09 14:10:20.217 +05:30 [INF] Executed DbCommand (14ms) [Parameters=[@id='?' (DbType = Int32)], CommandType='"Text"', CommandTimeout='30']
SELECT [h].[RecordId], [p].[FullName] AS [PatientName], [d].[FullName] AS [DoctorName], [h].[VisitDate], [h].[Diagnosis], [h].[Prescription], [h].[Notes]
FROM [HealthRecords] AS [h]
INNER JOIN [Patients] AS [p] ON [h].[PatientId] = [p].[PatientId]
INNER JOIN [Doctors] AS [d] ON [h].[DoctorId] = [d].[DoctorId]
WHERE [h].[PatientId] = @id
2026-07-09 14:10:20.224 +05:30 [INF] Executing OkObjectResult, writing value of type 'System.Collections.Generic.List`1[[HealthCare.Api.DTOs.HealthRecord.HealthRecordListDto, HealthCare.Shared, Version=1.0.0.0, Culture=neutral, PublicKeyToken=null]]'.
2026-07-09 14:10:20.233 +05:30 [INF] Executed action HealthCare.Api.Controllers.HealthRecordController.GetHealthRecordByPatient (HealthCare.Api) in 103.4882ms
2026-07-09 14:10:20.235 +05:30 [INF] Executed endpoint 'HealthCare.Api.Controllers.HealthRecordController.GetHealthRecordByPatient (HealthCare.Api)'
2026-07-09 14:10:20.236 +05:30 [INF] API Request: GET /api/records/my-records responded 200
2026-07-09 14:10:20.238 +05:30 [INF] Request finished HTTP/2 GET https://localhost:7234/api/records/my-records - 200 null application/json; charset=utf-8 201.0407ms
2026-07-09 14:10:20.407 +05:30 [INF] Executed DbCommand (7ms) [Parameters=[@id='?' (DbType = Int32)], CommandType='"Text"', CommandTimeout='30']
SELECT [a].[AppointmentId], [a].[PatientId], [p].[FullName] AS [PatientName], [d].[FullName] AS [DoctorName], [a].[ScheduledDate], [a].[TimeSlot], [a].[Status]
FROM [Appointments] AS [a]
INNER JOIN [Patients] AS [p] ON [a].[PatientId] = [p].[PatientId]
INNER JOIN [Doctors] AS [d] ON [a].[DoctorId] = [d].[DoctorId]
WHERE [a].[PatientId] = @id AND [a].[ScheduledDate] >= CAST(CONVERT(date, GETDATE()) AS date)
2026-07-09 14:10:20.411 +05:30 [INF] Executing OkObjectResult, writing value of type 'System.Collections.Generic.List`1[[HealthCare.Api.DTOs.Appointment.AppointmentListDto, HealthCare.Shared, Version=1.0.0.0, Culture=neutral, PublicKeyToken=null]]'.
2026-07-09 14:10:20.427 +05:30 [INF] Executed action HealthCare.Api.Controllers.AppointmentController.GetAppointmentByPatient (HealthCare.Api) in 295.7442ms
2026-07-09 14:10:20.428 +05:30 [INF] Executed endpoint 'HealthCare.Api.Controllers.AppointmentController.GetAppointmentByPatient (HealthCare.Api)'
2026-07-09 14:10:20.429 +05:30 [INF] API Request: GET /api/appointments/patient/upcoming responded 200
2026-07-09 14:10:20.431 +05:30 [INF] Request finished HTTP/2 GET https://localhost:7234/api/appointments/patient/upcoming - 200 null application/json; charset=utf-8 394.298ms
2026-07-09 14:15:11.440 +05:30 [INF] Usage Telemetry: {"id":"10870000-e56a-1944-d209-08dedd95b015","created":"2026-07-09T14:10:10.7275587\u002B05:30","host":{"framework_version":"10.0.8","mass_transit_version":"8.4.1.0","operating_system_version":"Microsoft Windows NT 10.0.26200.0","time_zone_info":"(UTC\u002B05:30) Chennai, Kolkata, Mumbai, New Delhi","commit_hash":"8c7e467cd2edf26ecef95e98a99e3633a7325676"},"bus":[{"created":"2026-07-09T14:10:10.7293203\u002B05:30","configured":"2026-07-09T14:10:10.9859328\u002B05:30","started":"2026-07-09T14:10:11.4047649\u002B05:30","name":"IBus","endpoints":[{"name":"AppointmentBooked","type":"RabbitMQ","prefetch_count":16,"consumer_count":1,"message_count":1},{"name":"_bus_","type":"RabbitMQ","prefetch_count":16}]}]}
2026-07-09 14:30:57.864 +05:30 [INF] User profile is available. Using 'C:\Users\310508\AppData\Local\ASP.NET\DataProtection-Keys' as key repository and Windows DPAPI to encrypt keys at rest.
2026-07-09 14:30:59.511 +05:30 [INF] Executed DbCommand (51ms) [Parameters=[@normalizedName='?' (Size = 256)], CommandType='"Text"', CommandTimeout='30']
SELECT TOP(1) [a].[Id], [a].[ConcurrencyStamp], [a].[Name], [a].[NormalizedName]
FROM [AspNetRoles] AS [a]
WHERE [a].[NormalizedName] = @normalizedName
2026-07-09 14:30:59.593 +05:30 [INF] Executed DbCommand (1ms) [Parameters=[@normalizedName='?' (Size = 256)], CommandType='"Text"', CommandTimeout='30']
SELECT TOP(1) [a].[Id], [a].[ConcurrencyStamp], [a].[Name], [a].[NormalizedName]
FROM [AspNetRoles] AS [a]
WHERE [a].[NormalizedName] = @normalizedName
2026-07-09 14:30:59.598 +05:30 [INF] Executed DbCommand (1ms) [Parameters=[@normalizedName='?' (Size = 256)], CommandType='"Text"', CommandTimeout='30']
SELECT TOP(1) [a].[Id], [a].[ConcurrencyStamp], [a].[Name], [a].[NormalizedName]
FROM [AspNetRoles] AS [a]
WHERE [a].[NormalizedName] = @normalizedName
2026-07-09 14:30:59.602 +05:30 [INF] Executed DbCommand (0ms) [Parameters=[@normalizedName='?' (Size = 256)], CommandType='"Text"', CommandTimeout='30']
SELECT TOP(1) [a].[Id], [a].[ConcurrencyStamp], [a].[Name], [a].[NormalizedName]
FROM [AspNetRoles] AS [a]
WHERE [a].[NormalizedName] = @normalizedName
2026-07-09 14:30:59.608 +05:30 [INF] Executed DbCommand (1ms) [Parameters=[@normalizedName='?' (Size = 256)], CommandType='"Text"', CommandTimeout='30']
SELECT TOP(1) [a].[Id], [a].[ConcurrencyStamp], [a].[Name], [a].[NormalizedName]
FROM [AspNetRoles] AS [a]
WHERE [a].[NormalizedName] = @normalizedName
2026-07-09 14:30:59.611 +05:30 [INF] Executed DbCommand (0ms) [Parameters=[@normalizedName='?' (Size = 256)], CommandType='"Text"', CommandTimeout='30']
SELECT TOP(1) [a].[Id], [a].[ConcurrencyStamp], [a].[Name], [a].[NormalizedName]
FROM [AspNetRoles] AS [a]
WHERE [a].[NormalizedName] = @normalizedName
2026-07-09 14:30:59.636 +05:30 [INF] Executed DbCommand (5ms) [Parameters=[@normalizedEmail='?' (Size = 256)], CommandType='"Text"', CommandTimeout='30']
SELECT TOP(2) [a].[Id], [a].[AccessFailedCount], [a].[ConcurrencyStamp], [a].[Discriminator], [a].[Email], [a].[EmailConfirmed], [a].[LockoutEnabled], [a].[LockoutEnd], [a].[NormalizedEmail], [a].[NormalizedUserName], [a].[PasswordHash], [a].[PhoneNumber], [a].[PhoneNumberConfirmed], [a].[SecurityStamp], [a].[TwoFactorEnabled], [a].[UserName]
FROM [AspNetUsers] AS [a]
WHERE [a].[Discriminator] = N'User' AND [a].[NormalizedEmail] = @normalizedEmail
2026-07-09 14:30:59.959 +05:30 [INF] Configured endpoint AppointmentBooked, Consumer: HealthCare.Api.Consumers.AppointmentBookedConsumer
2026-07-09 14:31:00.233 +05:30 [INF] Now listening on: https://localhost:7234
2026-07-09 14:31:00.235 +05:30 [INF] Now listening on: http://localhost:5225
2026-07-09 14:31:00.266 +05:30 [INF] Bus started: "rabbitmq://localhost/"
2026-07-09 14:31:00.283 +05:30 [INF] Application started. Press Ctrl+C to shut down.
2026-07-09 14:31:00.284 +05:30 [INF] Hosting environment: Development
2026-07-09 14:31:00.285 +05:30 [INF] Content root path: C:\Users\310508\source\repos\UST-Live-01\HealthCare\HealthCare.Api
2026-07-09 14:31:59.438 +05:30 [INF] Request starting HTTP/2 OPTIONS https://localhost:7234/api/doctors/available?specialisation=Orthopedic&date=2026-07-10 - null null
2026-07-09 14:31:59.513 +05:30 [INF] CORS policy execution successful.
2026-07-09 14:31:59.521 +05:30 [INF] API Request: OPTIONS /api/doctors/available responded 204
2026-07-09 14:31:59.530 +05:30 [INF] Request finished HTTP/2 OPTIONS https://localhost:7234/api/doctors/available?specialisation=Orthopedic&date=2026-07-10 - 204 null null 97.5818ms
2026-07-09 14:31:59.534 +05:30 [INF] Request starting HTTP/2 GET https://localhost:7234/api/doctors/available?specialisation=Orthopedic&date=2026-07-10 - null null
2026-07-09 14:31:59.546 +05:30 [INF] CORS policy execution successful.
2026-07-09 14:31:59.646 +05:30 [INF] Failed to validate the token.
Microsoft.IdentityModel.Tokens.SecurityTokenExpiredException: IDX10223: Lifetime validation failed. The token is expired. ValidTo (UTC): '09-07-2026 08:55:19 AM', Current time (UTC): '09-07-2026 09:01:59 AM'.
   at Microsoft.IdentityModel.Tokens.ValidatorUtilities.ValidateLifetime(Nullable`1 notBefore, Nullable`1 expires, SecurityToken securityToken, TokenValidationParameters validationParameters)
   at Microsoft.IdentityModel.Tokens.Validators.ValidateLifetime(Nullable`1 notBefore, Nullable`1 expires, SecurityToken securityToken, TokenValidationParameters validationParameters)
   at Microsoft.IdentityModel.JsonWebTokens.JsonWebTokenHandler.ValidateTokenPayloadAsync(JsonWebToken jsonWebToken, TokenValidationParameters validationParameters, BaseConfiguration configuration)
   at Microsoft.IdentityModel.JsonWebTokens.JsonWebTokenHandler.ValidateJWSAsync(JsonWebToken jsonWebToken, TokenValidationParameters validationParameters, BaseConfiguration configuration)
2026-07-09 14:31:59.669 +05:30 [INF] Bearer was not authenticated. Failure message: IDX10223: Lifetime validation failed. The token is expired. ValidTo (UTC): '09-07-2026 08:55:19 AM', Current time (UTC): '09-07-2026 09:01:59 AM'.
2026-07-09 14:31:59.676 +05:30 [INF] Authorization failed. These requirements were not met:
DenyAnonymousAuthorizationRequirement: Requires an authenticated user.
RolesAuthorizationRequirement:User.IsInRole must be true for one of the following roles: (Patient)
2026-07-09 14:31:59.682 +05:30 [INF] AuthenticationScheme: Bearer was challenged.
2026-07-09 14:31:59.683 +05:30 [INF] API Request: GET /api/doctors/available responded 401
2026-07-09 14:31:59.687 +05:30 [INF] Request finished HTTP/2 GET https://localhost:7234/api/doctors/available?specialisation=Orthopedic&date=2026-07-10 - 401 0 null 152.7386ms
2026-07-09 14:32:02.607 +05:30 [INF] Request starting HTTP/2 OPTIONS https://localhost:7234/api/doctors/available?specialisation=Cardiologist&date=2026-07-10 - null null
2026-07-09 14:32:02.612 +05:30 [INF] CORS policy execution successful.
2026-07-09 14:32:02.613 +05:30 [INF] API Request: OPTIONS /api/doctors/available responded 204
2026-07-09 14:32:02.615 +05:30 [INF] Request finished HTTP/2 OPTIONS https://localhost:7234/api/doctors/available?specialisation=Cardiologist&date=2026-07-10 - 204 null null 7.7194ms
2026-07-09 14:32:02.618 +05:30 [INF] Request starting HTTP/2 GET https://localhost:7234/api/doctors/available?specialisation=Cardiologist&date=2026-07-10 - null null
2026-07-09 14:32:02.620 +05:30 [INF] CORS policy execution successful.
2026-07-09 14:32:02.624 +05:30 [INF] Failed to validate the token.
Microsoft.IdentityModel.Tokens.SecurityTokenExpiredException: IDX10223: Lifetime validation failed. The token is expired. ValidTo (UTC): '09-07-2026 08:55:19 AM', Current time (UTC): '09-07-2026 09:02:02 AM'.
   at Microsoft.IdentityModel.Tokens.ValidatorUtilities.ValidateLifetime(Nullable`1 notBefore, Nullable`1 expires, SecurityToken securityToken, TokenValidationParameters validationParameters)
   at Microsoft.IdentityModel.Tokens.Validators.ValidateLifetime(Nullable`1 notBefore, Nullable`1 expires, SecurityToken securityToken, TokenValidationParameters validationParameters)
   at Microsoft.IdentityModel.JsonWebTokens.JsonWebTokenHandler.ValidateTokenPayloadAsync(JsonWebToken jsonWebToken, TokenValidationParameters validationParameters, BaseConfiguration configuration)
   at Microsoft.IdentityModel.JsonWebTokens.JsonWebTokenHandler.ValidateJWSAsync(JsonWebToken jsonWebToken, TokenValidationParameters validationParameters, BaseConfiguration configuration)
2026-07-09 14:32:02.627 +05:30 [INF] Bearer was not authenticated. Failure message: IDX10223: Lifetime validation failed. The token is expired. ValidTo (UTC): '09-07-2026 08:55:19 AM', Current time (UTC): '09-07-2026 09:02:02 AM'.
2026-07-09 14:32:02.628 +05:30 [INF] Authorization failed. These requirements were not met:
DenyAnonymousAuthorizationRequirement: Requires an authenticated user.
RolesAuthorizationRequirement:User.IsInRole must be true for one of the following roles: (Patient)
2026-07-09 14:32:02.630 +05:30 [INF] AuthenticationScheme: Bearer was challenged.
2026-07-09 14:32:02.631 +05:30 [INF] API Request: GET /api/doctors/available responded 401
2026-07-09 14:32:02.633 +05:30 [INF] Request finished HTTP/2 GET https://localhost:7234/api/doctors/available?specialisation=Cardiologist&date=2026-07-10 - 401 0 null 15.0686ms
2026-07-09 14:32:04.979 +05:30 [INF] Request starting HTTP/2 OPTIONS https://localhost:7234/api/doctors/available?specialisation=Orthopedic&date=2026-07-10 - null null
2026-07-09 14:32:04.983 +05:30 [INF] CORS policy execution successful.
2026-07-09 14:32:04.985 +05:30 [INF] API Request: OPTIONS /api/doctors/available responded 204
2026-07-09 14:32:04.987 +05:30 [INF] Request finished HTTP/2 OPTIONS https://localhost:7234/api/doctors/available?specialisation=Orthopedic&date=2026-07-10 - 204 null null 7.775ms
2026-07-09 14:32:04.989 +05:30 [INF] Request starting HTTP/2 GET https://localhost:7234/api/doctors/available?specialisation=Orthopedic&date=2026-07-10 - null null
2026-07-09 14:32:04.992 +05:30 [INF] CORS policy execution successful.
2026-07-09 14:32:04.997 +05:30 [INF] Failed to validate the token.
Microsoft.IdentityModel.Tokens.SecurityTokenExpiredException: IDX10223: Lifetime validation failed. The token is expired. ValidTo (UTC): '09-07-2026 08:55:19 AM', Current time (UTC): '09-07-2026 09:02:04 AM'.
   at Microsoft.IdentityModel.Tokens.ValidatorUtilities.ValidateLifetime(Nullable`1 notBefore, Nullable`1 expires, SecurityToken securityToken, TokenValidationParameters validationParameters)
   at Microsoft.IdentityModel.Tokens.Validators.ValidateLifetime(Nullable`1 notBefore, Nullable`1 expires, SecurityToken securityToken, TokenValidationParameters validationParameters)
   at Microsoft.IdentityModel.JsonWebTokens.JsonWebTokenHandler.ValidateTokenPayloadAsync(JsonWebToken jsonWebToken, TokenValidationParameters validationParameters, BaseConfiguration configuration)
   at Microsoft.IdentityModel.JsonWebTokens.JsonWebTokenHandler.ValidateJWSAsync(JsonWebToken jsonWebToken, TokenValidationParameters validationParameters, BaseConfiguration configuration)
2026-07-09 14:32:04.999 +05:30 [INF] Bearer was not authenticated. Failure message: IDX10223: Lifetime validation failed. The token is expired. ValidTo (UTC): '09-07-2026 08:55:19 AM', Current time (UTC): '09-07-2026 09:02:04 AM'.
2026-07-09 14:32:05.000 +05:30 [INF] Authorization failed. These requirements were not met:
DenyAnonymousAuthorizationRequirement: Requires an authenticated user.
RolesAuthorizationRequirement:User.IsInRole must be true for one of the following roles: (Patient)
2026-07-09 14:32:05.001 +05:30 [INF] AuthenticationScheme: Bearer was challenged.
2026-07-09 14:32:05.002 +05:30 [INF] API Request: GET /api/doctors/available responded 401
2026-07-09 14:32:05.003 +05:30 [INF] Request finished HTTP/2 GET https://localhost:7234/api/doctors/available?specialisation=Orthopedic&date=2026-07-10 - 401 0 null 14.2864ms
2026-07-09 14:32:08.544 +05:30 [INF] Request starting HTTP/2 OPTIONS https://localhost:7234/api/doctors/available?specialisation=Pediatrician&date=2026-07-10 - null null
2026-07-09 14:32:08.547 +05:30 [INF] CORS policy execution successful.
2026-07-09 14:32:08.548 +05:30 [INF] API Request: OPTIONS /api/doctors/available responded 204
2026-07-09 14:32:08.551 +05:30 [INF] Request finished HTTP/2 OPTIONS https://localhost:7234/api/doctors/available?specialisation=Pediatrician&date=2026-07-10 - 204 null null 6.1668ms
2026-07-09 14:32:08.553 +05:30 [INF] Request starting HTTP/2 GET https://localhost:7234/api/doctors/available?specialisation=Pediatrician&date=2026-07-10 - null null
2026-07-09 14:32:08.556 +05:30 [INF] CORS policy execution successful.
2026-07-09 14:32:08.557 +05:30 [INF] Failed to validate the token.
Microsoft.IdentityModel.Tokens.SecurityTokenExpiredException: IDX10223: Lifetime validation failed. The token is expired. ValidTo (UTC): '09-07-2026 08:55:19 AM', Current time (UTC): '09-07-2026 09:02:08 AM'.
   at Microsoft.IdentityModel.Tokens.ValidatorUtilities.ValidateLifetime(Nullable`1 notBefore, Nullable`1 expires, SecurityToken securityToken, TokenValidationParameters validationParameters)
   at Microsoft.IdentityModel.Tokens.Validators.ValidateLifetime(Nullable`1 notBefore, Nullable`1 expires, SecurityToken securityToken, TokenValidationParameters validationParameters)
   at Microsoft.IdentityModel.JsonWebTokens.JsonWebTokenHandler.ValidateTokenPayloadAsync(JsonWebToken jsonWebToken, TokenValidationParameters validationParameters, BaseConfiguration configuration)
   at Microsoft.IdentityModel.JsonWebTokens.JsonWebTokenHandler.ValidateJWSAsync(JsonWebToken jsonWebToken, TokenValidationParameters validationParameters, BaseConfiguration configuration)
2026-07-09 14:32:08.559 +05:30 [INF] Bearer was not authenticated. Failure message: IDX10223: Lifetime validation failed. The token is expired. ValidTo (UTC): '09-07-2026 08:55:19 AM', Current time (UTC): '09-07-2026 09:02:08 AM'.
2026-07-09 14:32:08.560 +05:30 [INF] Authorization failed. These requirements were not met:
DenyAnonymousAuthorizationRequirement: Requires an authenticated user.
RolesAuthorizationRequirement:User.IsInRole must be true for one of the following roles: (Patient)
2026-07-09 14:32:08.562 +05:30 [INF] AuthenticationScheme: Bearer was challenged.
2026-07-09 14:32:08.563 +05:30 [INF] API Request: GET /api/doctors/available responded 401
2026-07-09 14:32:08.564 +05:30 [INF] Request finished HTTP/2 GET https://localhost:7234/api/doctors/available?specialisation=Pediatrician&date=2026-07-10 - 401 0 null 11.1301ms
2026-07-09 14:32:18.661 +05:30 [INF] Request starting HTTP/2 OPTIONS https://localhost:7234/api/doctors/available?specialisation=Cardiologist&date=2026-07-10 - null null
2026-07-09 14:32:18.665 +05:30 [INF] CORS policy execution successful.
2026-07-09 14:32:18.666 +05:30 [INF] API Request: OPTIONS /api/doctors/available responded 204
2026-07-09 14:32:18.667 +05:30 [INF] Request finished HTTP/2 OPTIONS https://localhost:7234/api/doctors/available?specialisation=Cardiologist&date=2026-07-10 - 204 null null 6.3138ms
2026-07-09 14:32:18.670 +05:30 [INF] Request starting HTTP/2 GET https://localhost:7234/api/doctors/available?specialisation=Cardiologist&date=2026-07-10 - null null
2026-07-09 14:32:18.674 +05:30 [INF] CORS policy execution successful.
2026-07-09 14:32:18.676 +05:30 [INF] Failed to validate the token.
Microsoft.IdentityModel.Tokens.SecurityTokenExpiredException: IDX10223: Lifetime validation failed. The token is expired. ValidTo (UTC): '09-07-2026 08:55:19 AM', Current time (UTC): '09-07-2026 09:02:18 AM'.
   at Microsoft.IdentityModel.Tokens.ValidatorUtilities.ValidateLifetime(Nullable`1 notBefore, Nullable`1 expires, SecurityToken securityToken, TokenValidationParameters validationParameters)
   at Microsoft.IdentityModel.Tokens.Validators.ValidateLifetime(Nullable`1 notBefore, Nullable`1 expires, SecurityToken securityToken, TokenValidationParameters validationParameters)
   at Microsoft.IdentityModel.JsonWebTokens.JsonWebTokenHandler.ValidateTokenPayloadAsync(JsonWebToken jsonWebToken, TokenValidationParameters validationParameters, BaseConfiguration configuration)
   at Microsoft.IdentityModel.JsonWebTokens.JsonWebTokenHandler.ValidateJWSAsync(JsonWebToken jsonWebToken, TokenValidationParameters validationParameters, BaseConfiguration configuration)
2026-07-09 14:32:18.678 +05:30 [INF] Bearer was not authenticated. Failure message: IDX10223: Lifetime validation failed. The token is expired. ValidTo (UTC): '09-07-2026 08:55:19 AM', Current time (UTC): '09-07-2026 09:02:18 AM'.
2026-07-09 14:32:18.679 +05:30 [INF] Authorization failed. These requirements were not met:
DenyAnonymousAuthorizationRequirement: Requires an authenticated user.
RolesAuthorizationRequirement:User.IsInRole must be true for one of the following roles: (Patient)
2026-07-09 14:32:18.680 +05:30 [INF] AuthenticationScheme: Bearer was challenged.
2026-07-09 14:32:18.681 +05:30 [INF] API Request: GET /api/doctors/available responded 401
2026-07-09 14:32:18.682 +05:30 [INF] Request finished HTTP/2 GET https://localhost:7234/api/doctors/available?specialisation=Cardiologist&date=2026-07-10 - 401 0 null 12.0977ms
2026-07-09 14:32:20.355 +05:30 [INF] Request starting HTTP/2 OPTIONS https://localhost:7234/api/doctors/available?specialisation=Psychiatrist&date=2026-07-10 - null null
2026-07-09 14:32:20.360 +05:30 [INF] CORS policy execution successful.
2026-07-09 14:32:20.361 +05:30 [INF] API Request: OPTIONS /api/doctors/available responded 204
2026-07-09 14:32:20.363 +05:30 [INF] Request finished HTTP/2 OPTIONS https://localhost:7234/api/doctors/available?specialisation=Psychiatrist&date=2026-07-10 - 204 null null 7.3329ms
2026-07-09 14:32:20.365 +05:30 [INF] Request starting HTTP/2 GET https://localhost:7234/api/doctors/available?specialisation=Psychiatrist&date=2026-07-10 - null null
2026-07-09 14:32:20.368 +05:30 [INF] CORS policy execution successful.
2026-07-09 14:32:20.370 +05:30 [INF] Failed to validate the token.
Microsoft.IdentityModel.Tokens.SecurityTokenExpiredException: IDX10223: Lifetime validation failed. The token is expired. ValidTo (UTC): '09-07-2026 08:55:19 AM', Current time (UTC): '09-07-2026 09:02:20 AM'.
   at Microsoft.IdentityModel.Tokens.ValidatorUtilities.ValidateLifetime(Nullable`1 notBefore, Nullable`1 expires, SecurityToken securityToken, TokenValidationParameters validationParameters)
   at Microsoft.IdentityModel.Tokens.Validators.ValidateLifetime(Nullable`1 notBefore, Nullable`1 expires, SecurityToken securityToken, TokenValidationParameters validationParameters)
   at Microsoft.IdentityModel.JsonWebTokens.JsonWebTokenHandler.ValidateTokenPayloadAsync(JsonWebToken jsonWebToken, TokenValidationParameters validationParameters, BaseConfiguration configuration)
   at Microsoft.IdentityModel.JsonWebTokens.JsonWebTokenHandler.ValidateJWSAsync(JsonWebToken jsonWebToken, TokenValidationParameters validationParameters, BaseConfiguration configuration)
2026-07-09 14:32:20.372 +05:30 [INF] Bearer was not authenticated. Failure message: IDX10223: Lifetime validation failed. The token is expired. ValidTo (UTC): '09-07-2026 08:55:19 AM', Current time (UTC): '09-07-2026 09:02:20 AM'.
2026-07-09 14:32:20.373 +05:30 [INF] Authorization failed. These requirements were not met:
DenyAnonymousAuthorizationRequirement: Requires an authenticated user.
RolesAuthorizationRequirement:User.IsInRole must be true for one of the following roles: (Patient)
2026-07-09 14:32:20.374 +05:30 [INF] AuthenticationScheme: Bearer was challenged.
2026-07-09 14:32:20.375 +05:30 [INF] API Request: GET /api/doctors/available responded 401
2026-07-09 14:32:20.376 +05:30 [INF] Request finished HTTP/2 GET https://localhost:7234/api/doctors/available?specialisation=Psychiatrist&date=2026-07-10 - 401 0 null 10.484ms
2026-07-09 14:32:22.440 +05:30 [INF] Request starting HTTP/2 OPTIONS https://localhost:7234/api/doctors/available?specialisation=Orthopedic&date=2026-07-10 - null null
2026-07-09 14:32:22.444 +05:30 [INF] CORS policy execution successful.
2026-07-09 14:32:22.445 +05:30 [INF] API Request: OPTIONS /api/doctors/available responded 204
2026-07-09 14:32:22.446 +05:30 [INF] Request finished HTTP/2 OPTIONS https://localhost:7234/api/doctors/available?specialisation=Orthopedic&date=2026-07-10 - 204 null null 6.4844ms
2026-07-09 14:32:22.449 +05:30 [INF] Request starting HTTP/2 GET https://localhost:7234/api/doctors/available?specialisation=Orthopedic&date=2026-07-10 - null null
2026-07-09 14:32:22.452 +05:30 [INF] CORS policy execution successful.
2026-07-09 14:32:22.453 +05:30 [INF] Failed to validate the token.
Microsoft.IdentityModel.Tokens.SecurityTokenExpiredException: IDX10223: Lifetime validation failed. The token is expired. ValidTo (UTC): '09-07-2026 08:55:19 AM', Current time (UTC): '09-07-2026 09:02:22 AM'.
   at Microsoft.IdentityModel.Tokens.ValidatorUtilities.ValidateLifetime(Nullable`1 notBefore, Nullable`1 expires, SecurityToken securityToken, TokenValidationParameters validationParameters)
   at Microsoft.IdentityModel.Tokens.Validators.ValidateLifetime(Nullable`1 notBefore, Nullable`1 expires, SecurityToken securityToken, TokenValidationParameters validationParameters)
   at Microsoft.IdentityModel.JsonWebTokens.JsonWebTokenHandler.ValidateTokenPayloadAsync(JsonWebToken jsonWebToken, TokenValidationParameters validationParameters, BaseConfiguration configuration)
   at Microsoft.IdentityModel.JsonWebTokens.JsonWebTokenHandler.ValidateJWSAsync(JsonWebToken jsonWebToken, TokenValidationParameters validationParameters, BaseConfiguration configuration)
2026-07-09 14:32:22.455 +05:30 [INF] Bearer was not authenticated. Failure message: IDX10223: Lifetime validation failed. The token is expired. ValidTo (UTC): '09-07-2026 08:55:19 AM', Current time (UTC): '09-07-2026 09:02:22 AM'.
2026-07-09 14:32:22.456 +05:30 [INF] Authorization failed. These requirements were not met:
DenyAnonymousAuthorizationRequirement: Requires an authenticated user.
RolesAuthorizationRequirement:User.IsInRole must be true for one of the following roles: (Patient)
2026-07-09 14:32:22.457 +05:30 [INF] AuthenticationScheme: Bearer was challenged.
2026-07-09 14:32:22.458 +05:30 [INF] API Request: GET /api/doctors/available responded 401
2026-07-09 14:32:22.459 +05:30 [INF] Request finished HTTP/2 GET https://localhost:7234/api/doctors/available?specialisation=Orthopedic&date=2026-07-10 - 401 0 null 10.142ms
2026-07-09 14:32:55.159 +05:30 [INF] User profile is available. Using 'C:\Users\310508\AppData\Local\ASP.NET\DataProtection-Keys' as key repository and Windows DPAPI to encrypt keys at rest.
2026-07-09 14:32:56.611 +05:30 [INF] Executed DbCommand (61ms) [Parameters=[@normalizedName='?' (Size = 256)], CommandType='"Text"', CommandTimeout='30']
SELECT TOP(1) [a].[Id], [a].[ConcurrencyStamp], [a].[Name], [a].[NormalizedName]
FROM [AspNetRoles] AS [a]
WHERE [a].[NormalizedName] = @normalizedName
2026-07-09 14:32:56.717 +05:30 [INF] Executed DbCommand (2ms) [Parameters=[@normalizedName='?' (Size = 256)], CommandType='"Text"', CommandTimeout='30']
SELECT TOP(1) [a].[Id], [a].[ConcurrencyStamp], [a].[Name], [a].[NormalizedName]
FROM [AspNetRoles] AS [a]
WHERE [a].[NormalizedName] = @normalizedName
2026-07-09 14:32:56.723 +05:30 [INF] Executed DbCommand (1ms) [Parameters=[@normalizedName='?' (Size = 256)], CommandType='"Text"', CommandTimeout='30']
SELECT TOP(1) [a].[Id], [a].[ConcurrencyStamp], [a].[Name], [a].[NormalizedName]
FROM [AspNetRoles] AS [a]
WHERE [a].[NormalizedName] = @normalizedName
2026-07-09 14:32:56.729 +05:30 [INF] Executed DbCommand (1ms) [Parameters=[@normalizedName='?' (Size = 256)], CommandType='"Text"', CommandTimeout='30']
SELECT TOP(1) [a].[Id], [a].[ConcurrencyStamp], [a].[Name], [a].[NormalizedName]
FROM [AspNetRoles] AS [a]
WHERE [a].[NormalizedName] = @normalizedName
2026-07-09 14:32:56.737 +05:30 [INF] Executed DbCommand (1ms) [Parameters=[@normalizedName='?' (Size = 256)], CommandType='"Text"', CommandTimeout='30']
SELECT TOP(1) [a].[Id], [a].[ConcurrencyStamp], [a].[Name], [a].[NormalizedName]
FROM [AspNetRoles] AS [a]
WHERE [a].[NormalizedName] = @normalizedName
2026-07-09 14:32:56.742 +05:30 [INF] Executed DbCommand (1ms) [Parameters=[@normalizedName='?' (Size = 256)], CommandType='"Text"', CommandTimeout='30']
SELECT TOP(1) [a].[Id], [a].[ConcurrencyStamp], [a].[Name], [a].[NormalizedName]
FROM [AspNetRoles] AS [a]
WHERE [a].[NormalizedName] = @normalizedName
2026-07-09 14:32:56.778 +05:30 [INF] Executed DbCommand (4ms) [Parameters=[@normalizedEmail='?' (Size = 256)], CommandType='"Text"', CommandTimeout='30']
SELECT TOP(2) [a].[Id], [a].[AccessFailedCount], [a].[ConcurrencyStamp], [a].[Discriminator], [a].[Email], [a].[EmailConfirmed], [a].[LockoutEnabled], [a].[LockoutEnd], [a].[NormalizedEmail], [a].[NormalizedUserName], [a].[PasswordHash], [a].[PhoneNumber], [a].[PhoneNumberConfirmed], [a].[SecurityStamp], [a].[TwoFactorEnabled], [a].[UserName]
FROM [AspNetUsers] AS [a]
WHERE [a].[Discriminator] = N'User' AND [a].[NormalizedEmail] = @normalizedEmail
2026-07-09 14:32:57.360 +05:30 [INF] Configured endpoint AppointmentBooked, Consumer: HealthCare.Api.Consumers.AppointmentBookedConsumer
2026-07-09 14:32:57.893 +05:30 [INF] Now listening on: https://localhost:7234
2026-07-09 14:32:57.898 +05:30 [INF] Bus started: "rabbitmq://localhost/"
2026-07-09 14:32:57.900 +05:30 [INF] Now listening on: http://localhost:5225
2026-07-09 14:32:57.981 +05:30 [INF] Application started. Press Ctrl+C to shut down.
2026-07-09 14:32:57.983 +05:30 [INF] Hosting environment: Development
2026-07-09 14:32:57.985 +05:30 [INF] Content root path: C:\Users\310508\source\repos\UST-Live-01\HealthCare\HealthCare.Api
2026-07-09 14:37:57.946 +05:30 [INF] Usage Telemetry: {"id":"74600000-e56a-1944-651f-08dedd98de9c","created":"2026-07-09T14:32:57.2749465\u002B05:30","host":{"framework_version":"10.0.8","mass_transit_version":"8.4.1.0","operating_system_version":"Microsoft Windows NT 10.0.26200.0","time_zone_info":"(UTC\u002B05:30) Chennai, Kolkata, Mumbai, New Delhi","commit_hash":"8c7e467cd2edf26ecef95e98a99e3633a7325676"},"bus":[{"created":"2026-07-09T14:32:57.2770948\u002B05:30","configured":"2026-07-09T14:32:57.4872101\u002B05:30","started":"2026-07-09T14:32:57.8961065\u002B05:30","name":"IBus","endpoints":[{"name":"AppointmentBooked","type":"RabbitMQ","prefetch_count":16,"consumer_count":1,"message_count":1},{"name":"_bus_","type":"RabbitMQ","prefetch_count":16}]}]}
2026-07-09 15:00:22.249 +05:30 [INF] User profile is available. Using 'C:\Users\310508\AppData\Local\ASP.NET\DataProtection-Keys' as key repository and Windows DPAPI to encrypt keys at rest.
2026-07-09 15:00:24.919 +05:30 [INF] Executed DbCommand (95ms) [Parameters=[@normalizedName='?' (Size = 256)], CommandType='"Text"', CommandTimeout='30']
SELECT TOP(1) [a].[Id], [a].[ConcurrencyStamp], [a].[Name], [a].[NormalizedName]
FROM [AspNetRoles] AS [a]
WHERE [a].[NormalizedName] = @normalizedName
2026-07-09 15:00:25.057 +05:30 [INF] Executed DbCommand (4ms) [Parameters=[@normalizedName='?' (Size = 256)], CommandType='"Text"', CommandTimeout='30']
SELECT TOP(1) [a].[Id], [a].[ConcurrencyStamp], [a].[Name], [a].[NormalizedName]
FROM [AspNetRoles] AS [a]
WHERE [a].[NormalizedName] = @normalizedName
2026-07-09 15:00:25.066 +05:30 [INF] Executed DbCommand (1ms) [Parameters=[@normalizedName='?' (Size = 256)], CommandType='"Text"', CommandTimeout='30']
SELECT TOP(1) [a].[Id], [a].[ConcurrencyStamp], [a].[Name], [a].[NormalizedName]
FROM [AspNetRoles] AS [a]
WHERE [a].[NormalizedName] = @normalizedName
2026-07-09 15:00:25.076 +05:30 [INF] Executed DbCommand (1ms) [Parameters=[@normalizedName='?' (Size = 256)], CommandType='"Text"', CommandTimeout='30']
SELECT TOP(1) [a].[Id], [a].[ConcurrencyStamp], [a].[Name], [a].[NormalizedName]
FROM [AspNetRoles] AS [a]
WHERE [a].[NormalizedName] = @normalizedName
2026-07-09 15:00:25.091 +05:30 [INF] Executed DbCommand (1ms) [Parameters=[@normalizedName='?' (Size = 256)], CommandType='"Text"', CommandTimeout='30']
SELECT TOP(1) [a].[Id], [a].[ConcurrencyStamp], [a].[Name], [a].[NormalizedName]
FROM [AspNetRoles] AS [a]
WHERE [a].[NormalizedName] = @normalizedName
2026-07-09 15:00:25.100 +05:30 [INF] Executed DbCommand (1ms) [Parameters=[@normalizedName='?' (Size = 256)], CommandType='"Text"', CommandTimeout='30']
SELECT TOP(1) [a].[Id], [a].[ConcurrencyStamp], [a].[Name], [a].[NormalizedName]
FROM [AspNetRoles] AS [a]
WHERE [a].[NormalizedName] = @normalizedName
2026-07-09 15:00:25.143 +05:30 [INF] Executed DbCommand (6ms) [Parameters=[@normalizedEmail='?' (Size = 256)], CommandType='"Text"', CommandTimeout='30']
SELECT TOP(2) [a].[Id], [a].[AccessFailedCount], [a].[ConcurrencyStamp], [a].[Discriminator], [a].[Email], [a].[EmailConfirmed], [a].[LockoutEnabled], [a].[LockoutEnd], [a].[NormalizedEmail], [a].[NormalizedUserName], [a].[PasswordHash], [a].[PhoneNumber], [a].[PhoneNumberConfirmed], [a].[SecurityStamp], [a].[TwoFactorEnabled], [a].[UserName]
FROM [AspNetUsers] AS [a]
WHERE [a].[Discriminator] = N'User' AND [a].[NormalizedEmail] = @normalizedEmail
2026-07-09 15:00:25.821 +05:30 [INF] Configured endpoint appointment.events.queue, Consumer: HealthCare.Api.Consumers.AppointmentBookedConsumer
2026-07-09 15:00:26.295 +05:30 [INF] Bus started: "rabbitmq://localhost/"
2026-07-09 15:00:26.309 +05:30 [INF] Now listening on: https://localhost:7234
2026-07-09 15:00:26.313 +05:30 [INF] Now listening on: http://localhost:5225
2026-07-09 15:00:26.403 +05:30 [INF] Application started. Press Ctrl+C to shut down.
2026-07-09 15:00:26.405 +05:30 [INF] Hosting environment: Development
2026-07-09 15:00:26.407 +05:30 [INF] Content root path: C:\Users\310508\source\repos\UST-Live-01\HealthCare\HealthCare.Api
2026-07-09 15:00:35.599 +05:30 [INF] Request starting HTTP/2 OPTIONS https://localhost:7234/api/auth/login - null null
2026-07-09 15:00:35.701 +05:30 [INF] CORS policy execution successful.
2026-07-09 15:00:35.710 +05:30 [INF] API Request: OPTIONS /api/auth/login responded 204
2026-07-09 15:00:35.727 +05:30 [INF] Request finished HTTP/2 OPTIONS https://localhost:7234/api/auth/login - 204 null null 132.3241ms
2026-07-09 15:00:35.733 +05:30 [INF] Request starting HTTP/2 POST https://localhost:7234/api/auth/login - application/json 51
2026-07-09 15:00:35.748 +05:30 [INF] CORS policy execution successful.
2026-07-09 15:00:35.760 +05:30 [INF] Executing endpoint 'HealthCare.Api.Controllers.AuthController.Login (HealthCare.Api)'
2026-07-09 15:00:35.785 +05:30 [INF] Route matched with {action = "Login", controller = "Auth"}. Executing controller action with signature System.Threading.Tasks.Task`1[Microsoft.AspNetCore.Mvc.IActionResult] Login(HealthCare.Api.DTOs.Auth.LoginDto) on controller HealthCare.Api.Controllers.AuthController (HealthCare.Api).
2026-07-09 15:00:35.938 +05:30 [WRN] You do not have a valid license key for the Lucky Penny software AutoMapper. This is allowed for development and testing scenarios. If you are running in production you are required to have a licensed version. Please visit https://luckypennysoftware.com to obtain a valid license.
2026-07-09 15:00:36.070 +05:30 [INF] Executed DbCommand (1ms) [Parameters=[@normalizedEmail='?' (Size = 256)], CommandType='"Text"', CommandTimeout='30']
SELECT TOP(2) [a].[Id], [a].[AccessFailedCount], [a].[ConcurrencyStamp], [a].[Discriminator], [a].[Email], [a].[EmailConfirmed], [a].[LockoutEnabled], [a].[LockoutEnd], [a].[NormalizedEmail], [a].[NormalizedUserName], [a].[PasswordHash], [a].[PhoneNumber], [a].[PhoneNumberConfirmed], [a].[SecurityStamp], [a].[TwoFactorEnabled], [a].[UserName]
FROM [AspNetUsers] AS [a]
WHERE [a].[Discriminator] = N'User' AND [a].[NormalizedEmail] = @normalizedEmail
2026-07-09 15:00:36.341 +05:30 [INF] Executed DbCommand (9ms) [Parameters=[@userId='?' (Size = 450)], CommandType='"Text"', CommandTimeout='30']
SELECT [a0].[Name]
FROM [AspNetUserRoles] AS [a]
INNER JOIN [AspNetRoles] AS [a0] ON [a].[RoleId] = [a0].[Id]
WHERE [a].[UserId] = @userId
2026-07-09 15:00:36.365 +05:30 [INF] Executed DbCommand (6ms) [Parameters=[@userId='?' (Size = 450)], CommandType='"Text"', CommandTimeout='30']
SELECT TOP(1) [p].[PatientId], [p].[CreatedDate], [p].[DateOfBirth], [p].[FullName], [p].[Gender], [p].[InsuranceId], [p].[IsActive], [p].[PhoneNumber], [p].[UserId]
FROM [Patients] AS [p]
WHERE [p].[UserId] = @userId
2026-07-09 15:00:36.432 +05:30 [INF] Executed DbCommand (1ms) [Parameters=[@userId='?' (Size = 450)], CommandType='"Text"', CommandTimeout='30']
SELECT [a0].[Name]
FROM [AspNetUserRoles] AS [a]
INNER JOIN [AspNetRoles] AS [a0] ON [a].[RoleId] = [a0].[Id]
WHERE [a].[UserId] = @userId
2026-07-09 15:00:36.485 +05:30 [INF] Executing OkObjectResult, writing value of type 'HealthCare.Api.DTOs.Auth.AuthResponseDto'.
2026-07-09 15:00:36.502 +05:30 [INF] Executed action HealthCare.Api.Controllers.AuthController.Login (HealthCare.Api) in 710.4111ms
2026-07-09 15:00:36.504 +05:30 [INF] Executed endpoint 'HealthCare.Api.Controllers.AuthController.Login (HealthCare.Api)'
2026-07-09 15:00:36.507 +05:30 [INF] API Request: POST /api/auth/login responded 200
2026-07-09 15:00:36.517 +05:30 [INF] Request finished HTTP/2 POST https://localhost:7234/api/auth/login - 200 null application/json; charset=utf-8 783.6579ms
2026-07-09 15:00:36.848 +05:30 [INF] Request starting HTTP/2 OPTIONS https://localhost:7234/api/appointments/patient/upcoming - null null
2026-07-09 15:00:36.848 +05:30 [INF] Request starting HTTP/2 OPTIONS https://localhost:7234/api/records/my-records - null null
2026-07-09 15:00:36.855 +05:30 [INF] CORS policy execution successful.
2026-07-09 15:00:36.856 +05:30 [INF] CORS policy execution successful.
2026-07-09 15:00:36.857 +05:30 [INF] API Request: OPTIONS /api/appointments/patient/upcoming responded 204
2026-07-09 15:00:36.858 +05:30 [INF] API Request: OPTIONS /api/records/my-records responded 204
2026-07-09 15:00:36.860 +05:30 [INF] Request finished HTTP/2 OPTIONS https://localhost:7234/api/appointments/patient/upcoming - 204 null null 11.3008ms
2026-07-09 15:00:36.862 +05:30 [INF] Request finished HTTP/2 OPTIONS https://localhost:7234/api/records/my-records - 204 null null 13.2862ms
2026-07-09 15:00:36.862 +05:30 [INF] Request starting HTTP/2 GET https://localhost:7234/api/appointments/patient/upcoming - null null
2026-07-09 15:00:36.866 +05:30 [INF] Request starting HTTP/2 GET https://localhost:7234/api/records/my-records - null null
2026-07-09 15:00:36.883 +05:30 [INF] CORS policy execution successful.
2026-07-09 15:00:36.884 +05:30 [INF] CORS policy execution successful.
2026-07-09 15:00:37.008 +05:30 [INF] Executing endpoint 'HealthCare.Api.Controllers.AppointmentController.GetAppointmentByPatient (HealthCare.Api)'
2026-07-09 15:00:37.008 +05:30 [INF] Executing endpoint 'HealthCare.Api.Controllers.HealthRecordController.GetHealthRecordByPatient (HealthCare.Api)'
2026-07-09 15:00:37.027 +05:30 [INF] Route matched with {action = "GetHealthRecordByPatient", controller = "HealthRecord"}. Executing controller action with signature System.Threading.Tasks.Task`1[Microsoft.AspNetCore.Mvc.IActionResult] GetHealthRecordByPatient() on controller HealthCare.Api.Controllers.HealthRecordController (HealthCare.Api).
2026-07-09 15:00:37.028 +05:30 [INF] Route matched with {action = "GetAppointmentByPatient", controller = "Appointment"}. Executing controller action with signature System.Threading.Tasks.Task`1[Microsoft.AspNetCore.Mvc.IActionResult] GetAppointmentByPatient() on controller HealthCare.Api.Controllers.AppointmentController (HealthCare.Api).
2026-07-09 15:00:37.180 +05:30 [INF] Executed DbCommand (21ms) [Parameters=[@id='?' (DbType = Int32)], CommandType='"Text"', CommandTimeout='30']
SELECT [h].[RecordId], [p].[FullName] AS [PatientName], [d].[FullName] AS [DoctorName], [h].[VisitDate], [h].[Diagnosis], [h].[Prescription], [h].[Notes]
FROM [HealthRecords] AS [h]
INNER JOIN [Patients] AS [p] ON [h].[PatientId] = [p].[PatientId]
INNER JOIN [Doctors] AS [d] ON [h].[DoctorId] = [d].[DoctorId]
WHERE [h].[PatientId] = @id
2026-07-09 15:00:37.186 +05:30 [INF] Executing OkObjectResult, writing value of type 'System.Collections.Generic.List`1[[HealthCare.Api.DTOs.HealthRecord.HealthRecordListDto, HealthCare.Shared, Version=1.0.0.0, Culture=neutral, PublicKeyToken=null]]'.
2026-07-09 15:00:37.199 +05:30 [INF] Executed action HealthCare.Api.Controllers.HealthRecordController.GetHealthRecordByPatient (HealthCare.Api) in 165.5829ms
2026-07-09 15:00:37.201 +05:30 [INF] Executed endpoint 'HealthCare.Api.Controllers.HealthRecordController.GetHealthRecordByPatient (HealthCare.Api)'
2026-07-09 15:00:37.203 +05:30 [INF] API Request: GET /api/records/my-records responded 200
2026-07-09 15:00:37.206 +05:30 [INF] Request finished HTTP/2 GET https://localhost:7234/api/records/my-records - 200 null application/json; charset=utf-8 339.6582ms
2026-07-09 15:00:37.548 +05:30 [INF] Executed DbCommand (17ms) [Parameters=[@id='?' (DbType = Int32)], CommandType='"Text"', CommandTimeout='30']
SELECT [a].[AppointmentId], [a].[PatientId], [p].[FullName] AS [PatientName], [d].[FullName] AS [DoctorName], [a].[ScheduledDate], [a].[TimeSlot], [a].[Status]
FROM [Appointments] AS [a]
INNER JOIN [Patients] AS [p] ON [a].[PatientId] = [p].[PatientId]
INNER JOIN [Doctors] AS [d] ON [a].[DoctorId] = [d].[DoctorId]
WHERE [a].[PatientId] = @id AND [a].[ScheduledDate] >= CAST(CONVERT(date, GETDATE()) AS date)
2026-07-09 15:00:37.556 +05:30 [INF] Executing OkObjectResult, writing value of type 'System.Collections.Generic.List`1[[HealthCare.Api.DTOs.Appointment.AppointmentListDto, HealthCare.Shared, Version=1.0.0.0, Culture=neutral, PublicKeyToken=null]]'.
2026-07-09 15:00:37.572 +05:30 [INF] Executed action HealthCare.Api.Controllers.AppointmentController.GetAppointmentByPatient (HealthCare.Api) in 534.7683ms
2026-07-09 15:00:37.575 +05:30 [INF] Executed endpoint 'HealthCare.Api.Controllers.AppointmentController.GetAppointmentByPatient (HealthCare.Api)'
2026-07-09 15:00:37.578 +05:30 [INF] API Request: GET /api/appointments/patient/upcoming responded 200
2026-07-09 15:00:37.581 +05:30 [INF] Request finished HTTP/2 GET https://localhost:7234/api/appointments/patient/upcoming - 200 null application/json; charset=utf-8 719.1553ms
2026-07-09 15:01:05.193 +05:30 [INF] Request starting HTTP/2 OPTIONS https://localhost:7234/api/doctors/available?specialisation=Cardiologist&date=2026-07-14 - null null
2026-07-09 15:01:05.198 +05:30 [INF] CORS policy execution successful.
2026-07-09 15:01:05.199 +05:30 [INF] API Request: OPTIONS /api/doctors/available responded 204
2026-07-09 15:01:05.201 +05:30 [INF] Request finished HTTP/2 OPTIONS https://localhost:7234/api/doctors/available?specialisation=Cardiologist&date=2026-07-14 - 204 null null 8.4542ms
2026-07-09 15:01:05.204 +05:30 [INF] Request starting HTTP/2 GET https://localhost:7234/api/doctors/available?specialisation=Cardiologist&date=2026-07-14 - null null
2026-07-09 15:01:05.212 +05:30 [INF] CORS policy execution successful.
2026-07-09 15:01:05.217 +05:30 [INF] Executing endpoint 'HealthCare.Api.Controllers.DoctorController.GetAvailableDoctors (HealthCare.Api)'
2026-07-09 15:01:05.228 +05:30 [INF] Route matched with {action = "GetAvailableDoctors", controller = "Doctor"}. Executing controller action with signature System.Threading.Tasks.Task`1[Microsoft.AspNetCore.Mvc.IActionResult] GetAvailableDoctors(System.String, System.DateOnly) on controller HealthCare.Api.Controllers.DoctorController (HealthCare.Api).
2026-07-09 15:01:05.828 +05:30 [INF] Executed DbCommand (39ms) [Parameters=[@specialisation='?' (Size = 50), @date='?' (DbType = Date)], CommandType='"Text"', CommandTimeout='30']
SELECT [d].[DoctorId], [d].[FullName], [d].[Specialisation], [d].[ConsultationFee], [d].[IsActive]
FROM [Doctors] AS [d]
WHERE [d].[Specialisation] = @specialisation AND [d].[IsActive] = CAST(1 AS bit) AND NOT EXISTS (
    SELECT 1
    FROM [DoctorLeaves] AS [d0]
    WHERE [d].[DoctorId] = [d0].[DoctorId] AND [d0].[LeaveDate] = @date) AND EXISTS (
    SELECT 1
    FROM (
        SELECT [d1].[TimeSlot]
        FROM [DoctorAvailableSlots] AS [d1]
        WHERE [d].[DoctorId] = [d1].[DoctorId]
        EXCEPT
        SELECT [a].[TimeSlot]
        FROM [Appointments] AS [a]
        WHERE [d].[DoctorId] = [a].[DoctorId] AND [a].[ScheduledDate] = @date AND [a].[Status] <> N'Cancelled'
    ) AS [e])
2026-07-09 15:01:05.931 +05:30 [INF] Executing OkObjectResult, writing value of type 'System.Collections.Generic.List`1[[HealthCare.Api.DTOs.Doctor.DoctorListDto, HealthCare.Shared, Version=1.0.0.0, Culture=neutral, PublicKeyToken=null]]'.
2026-07-09 15:01:05.937 +05:30 [INF] Executed action HealthCare.Api.Controllers.DoctorController.GetAvailableDoctors (HealthCare.Api) in 705.4533ms
2026-07-09 15:01:05.940 +05:30 [INF] Executed endpoint 'HealthCare.Api.Controllers.DoctorController.GetAvailableDoctors (HealthCare.Api)'
2026-07-09 15:01:05.942 +05:30 [INF] API Request: GET /api/doctors/available responded 200
2026-07-09 15:01:05.947 +05:30 [INF] Request finished HTTP/2 GET https://localhost:7234/api/doctors/available?specialisation=Cardiologist&date=2026-07-14 - 200 null application/json; charset=utf-8 743.269ms
2026-07-09 15:01:09.908 +05:30 [INF] Request starting HTTP/2 OPTIONS https://localhost:7234/api/doctors/available?specialisation=Psychiatrist&date=2026-07-14 - null null
2026-07-09 15:01:09.912 +05:30 [INF] CORS policy execution successful.
2026-07-09 15:01:09.914 +05:30 [INF] API Request: OPTIONS /api/doctors/available responded 204
2026-07-09 15:01:09.916 +05:30 [INF] Request finished HTTP/2 OPTIONS https://localhost:7234/api/doctors/available?specialisation=Psychiatrist&date=2026-07-14 - 204 null null 7.567ms
2026-07-09 15:01:09.919 +05:30 [INF] Request starting HTTP/2 GET https://localhost:7234/api/doctors/available?specialisation=Psychiatrist&date=2026-07-14 - null null
2026-07-09 15:01:09.922 +05:30 [INF] CORS policy execution successful.
2026-07-09 15:01:09.923 +05:30 [INF] Executing endpoint 'HealthCare.Api.Controllers.DoctorController.GetAvailableDoctors (HealthCare.Api)'
2026-07-09 15:01:09.925 +05:30 [INF] Route matched with {action = "GetAvailableDoctors", controller = "Doctor"}. Executing controller action with signature System.Threading.Tasks.Task`1[Microsoft.AspNetCore.Mvc.IActionResult] GetAvailableDoctors(System.String, System.DateOnly) on controller HealthCare.Api.Controllers.DoctorController (HealthCare.Api).
2026-07-09 15:01:09.935 +05:30 [INF] Executed DbCommand (1ms) [Parameters=[@specialisation='?' (Size = 50), @date='?' (DbType = Date)], CommandType='"Text"', CommandTimeout='30']
SELECT [d].[DoctorId], [d].[FullName], [d].[Specialisation], [d].[ConsultationFee], [d].[IsActive]
FROM [Doctors] AS [d]
WHERE [d].[Specialisation] = @specialisation AND [d].[IsActive] = CAST(1 AS bit) AND NOT EXISTS (
    SELECT 1
    FROM [DoctorLeaves] AS [d0]
    WHERE [d].[DoctorId] = [d0].[DoctorId] AND [d0].[LeaveDate] = @date) AND EXISTS (
    SELECT 1
    FROM (
        SELECT [d1].[TimeSlot]
        FROM [DoctorAvailableSlots] AS [d1]
        WHERE [d].[DoctorId] = [d1].[DoctorId]
        EXCEPT
        SELECT [a].[TimeSlot]
        FROM [Appointments] AS [a]
        WHERE [d].[DoctorId] = [a].[DoctorId] AND [a].[ScheduledDate] = @date AND [a].[Status] <> N'Cancelled'
    ) AS [e])
2026-07-09 15:01:09.938 +05:30 [INF] Executing OkObjectResult, writing value of type 'System.Collections.Generic.List`1[[HealthCare.Api.DTOs.Doctor.DoctorListDto, HealthCare.Shared, Version=1.0.0.0, Culture=neutral, PublicKeyToken=null]]'.
2026-07-09 15:01:09.940 +05:30 [INF] Executed action HealthCare.Api.Controllers.DoctorController.GetAvailableDoctors (HealthCare.Api) in 14.1989ms
2026-07-09 15:01:09.942 +05:30 [INF] Executed endpoint 'HealthCare.Api.Controllers.DoctorController.GetAvailableDoctors (HealthCare.Api)'
2026-07-09 15:01:09.943 +05:30 [INF] API Request: GET /api/doctors/available responded 200
2026-07-09 15:01:09.945 +05:30 [INF] Request finished HTTP/2 GET https://localhost:7234/api/doctors/available?specialisation=Psychiatrist&date=2026-07-14 - 200 null application/json; charset=utf-8 25.9231ms
2026-07-09 15:01:12.932 +05:30 [INF] Request starting HTTP/2 OPTIONS https://localhost:7234/api/doctors/available?specialisation=Orthopedic&date=2026-07-14 - null null
2026-07-09 15:01:12.936 +05:30 [INF] CORS policy execution successful.
2026-07-09 15:01:12.937 +05:30 [INF] API Request: OPTIONS /api/doctors/available responded 204
2026-07-09 15:01:12.939 +05:30 [INF] Request finished HTTP/2 OPTIONS https://localhost:7234/api/doctors/available?specialisation=Orthopedic&date=2026-07-14 - 204 null null 7.2279ms
2026-07-09 15:01:12.941 +05:30 [INF] Request starting HTTP/2 GET https://localhost:7234/api/doctors/available?specialisation=Orthopedic&date=2026-07-14 - null null
2026-07-09 15:01:12.945 +05:30 [INF] CORS policy execution successful.
2026-07-09 15:01:12.947 +05:30 [INF] Executing endpoint 'HealthCare.Api.Controllers.DoctorController.GetAvailableDoctors (HealthCare.Api)'
2026-07-09 15:01:12.948 +05:30 [INF] Route matched with {action = "GetAvailableDoctors", controller = "Doctor"}. Executing controller action with signature System.Threading.Tasks.Task`1[Microsoft.AspNetCore.Mvc.IActionResult] GetAvailableDoctors(System.String, System.DateOnly) on controller HealthCare.Api.Controllers.DoctorController (HealthCare.Api).
2026-07-09 15:01:12.955 +05:30 [INF] Executed DbCommand (1ms) [Parameters=[@specialisation='?' (Size = 50), @date='?' (DbType = Date)], CommandType='"Text"', CommandTimeout='30']
SELECT [d].[DoctorId], [d].[FullName], [d].[Specialisation], [d].[ConsultationFee], [d].[IsActive]
FROM [Doctors] AS [d]
WHERE [d].[Specialisation] = @specialisation AND [d].[IsActive] = CAST(1 AS bit) AND NOT EXISTS (
    SELECT 1
    FROM [DoctorLeaves] AS [d0]
    WHERE [d].[DoctorId] = [d0].[DoctorId] AND [d0].[LeaveDate] = @date) AND EXISTS (
    SELECT 1
    FROM (
        SELECT [d1].[TimeSlot]
        FROM [DoctorAvailableSlots] AS [d1]
        WHERE [d].[DoctorId] = [d1].[DoctorId]
        EXCEPT
        SELECT [a].[TimeSlot]
        FROM [Appointments] AS [a]
        WHERE [d].[DoctorId] = [a].[DoctorId] AND [a].[ScheduledDate] = @date AND [a].[Status] <> N'Cancelled'
    ) AS [e])
2026-07-09 15:01:12.958 +05:30 [INF] Executing OkObjectResult, writing value of type 'System.Collections.Generic.List`1[[HealthCare.Api.DTOs.Doctor.DoctorListDto, HealthCare.Shared, Version=1.0.0.0, Culture=neutral, PublicKeyToken=null]]'.
2026-07-09 15:01:12.960 +05:30 [INF] Executed action HealthCare.Api.Controllers.DoctorController.GetAvailableDoctors (HealthCare.Api) in 9.4432ms
2026-07-09 15:01:12.962 +05:30 [INF] Executed endpoint 'HealthCare.Api.Controllers.DoctorController.GetAvailableDoctors (HealthCare.Api)'
2026-07-09 15:01:12.963 +05:30 [INF] API Request: GET /api/doctors/available responded 200
2026-07-09 15:01:12.964 +05:30 [INF] Request finished HTTP/2 GET https://localhost:7234/api/doctors/available?specialisation=Orthopedic&date=2026-07-14 - 200 null application/json; charset=utf-8 22.9634ms
2026-07-09 15:01:14.757 +05:30 [INF] Request starting HTTP/2 OPTIONS https://localhost:7234/api/appointments/available-slots?date=2026-07-14&doctorId=5 - null null
2026-07-09 15:01:14.761 +05:30 [INF] CORS policy execution successful.
2026-07-09 15:01:14.762 +05:30 [INF] API Request: OPTIONS /api/appointments/available-slots responded 204
2026-07-09 15:01:14.764 +05:30 [INF] Request finished HTTP/2 OPTIONS https://localhost:7234/api/appointments/available-slots?date=2026-07-14&doctorId=5 - 204 null null 6.9985ms
2026-07-09 15:01:14.767 +05:30 [INF] Request starting HTTP/2 GET https://localhost:7234/api/appointments/available-slots?date=2026-07-14&doctorId=5 - null null
2026-07-09 15:01:14.770 +05:30 [INF] CORS policy execution successful.
2026-07-09 15:01:14.771 +05:30 [INF] Executing endpoint 'HealthCare.Api.Controllers.AppointmentController.GetAvailableTimeSlots (HealthCare.Api)'
2026-07-09 15:01:14.779 +05:30 [INF] Route matched with {action = "GetAvailableTimeSlots", controller = "Appointment"}. Executing controller action with signature System.Threading.Tasks.Task`1[Microsoft.AspNetCore.Mvc.IActionResult] GetAvailableTimeSlots(System.DateOnly, Int32) on controller HealthCare.Api.Controllers.AppointmentController (HealthCare.Api).
2026-07-09 15:01:14.791 +05:30 [INF] Executed DbCommand (2ms) [Parameters=[@doctorId='?' (DbType = Int32)], CommandType='"Text"', CommandTimeout='30']
SELECT [d].[TimeSlot]
FROM [DoctorAvailableSlots] AS [d]
WHERE [d].[DoctorId] = @doctorId
2026-07-09 15:01:14.802 +05:30 [INF] Executed DbCommand (3ms) [Parameters=[@date='?' (DbType = Date), @doctorId='?' (DbType = Int32)], CommandType='"Text"', CommandTimeout='30']
SELECT [a].[TimeSlot]
FROM [Appointments] AS [a]
WHERE [a].[ScheduledDate] = @date AND [a].[DoctorId] = @doctorId AND [a].[Status] <> N'Cancelled'
2026-07-09 15:01:14.805 +05:30 [INF] Executing OkObjectResult, writing value of type 'System.Collections.Generic.List`1[[System.String, System.Private.CoreLib, Version=10.0.0.0, Culture=neutral, PublicKeyToken=7cec85d7bea7798e]]'.
2026-07-09 15:01:14.809 +05:30 [INF] Executed action HealthCare.Api.Controllers.AppointmentController.GetAvailableTimeSlots (HealthCare.Api) in 27.7674ms
2026-07-09 15:01:14.811 +05:30 [INF] Executed endpoint 'HealthCare.Api.Controllers.AppointmentController.GetAvailableTimeSlots (HealthCare.Api)'
2026-07-09 15:01:14.812 +05:30 [INF] API Request: GET /api/appointments/available-slots responded 200
2026-07-09 15:01:14.814 +05:30 [INF] Request finished HTTP/2 GET https://localhost:7234/api/appointments/available-slots?date=2026-07-14&doctorId=5 - 200 null application/json; charset=utf-8 47.1437ms
2026-07-09 15:01:18.854 +05:30 [INF] Request starting HTTP/2 OPTIONS https://localhost:7234/api/appointments/book - null null
2026-07-09 15:01:18.860 +05:30 [INF] CORS policy execution successful.
2026-07-09 15:01:18.862 +05:30 [INF] API Request: OPTIONS /api/appointments/book responded 204
2026-07-09 15:01:18.864 +05:30 [INF] Request finished HTTP/2 OPTIONS https://localhost:7234/api/appointments/book - 204 null null 9.7452ms
2026-07-09 15:01:18.866 +05:30 [INF] Request starting HTTP/2 POST https://localhost:7234/api/appointments/book - application/json 65
2026-07-09 15:01:18.871 +05:30 [INF] CORS policy execution successful.
2026-07-09 15:01:18.873 +05:30 [INF] Executing endpoint 'HealthCare.Api.Controllers.AppointmentController.BookAppointment (HealthCare.Api)'
2026-07-09 15:01:18.879 +05:30 [INF] Route matched with {action = "BookAppointment", controller = "Appointment"}. Executing controller action with signature System.Threading.Tasks.Task`1[Microsoft.AspNetCore.Mvc.IActionResult] BookAppointment(HealthCare.Shared.DTOs.Appointment.CreateAppointmentDto) on controller HealthCare.Api.Controllers.AppointmentController (HealthCare.Api).
2026-07-09 15:01:18.913 +05:30 [INF] Executed DbCommand (6ms) [Parameters=[@date='?' (DbType = Date), @doctorId='?' (DbType = Int32), @timeSlot='?' (Size = 20)], CommandType='"Text"', CommandTimeout='30']
SELECT CASE
    WHEN EXISTS (
        SELECT 1
        FROM [Appointments] AS [a]
        WHERE [a].[ScheduledDate] = @date AND [a].[DoctorId] = @doctorId AND [a].[TimeSlot] = @timeSlot AND [a].[Status] <> N'Cancelled') THEN CAST(1 AS bit)
    ELSE CAST(0 AS bit)
END
2026-07-09 15:01:19.115 +05:30 [INF] Executed DbCommand (13ms) [Parameters=[@p0='?' (Size = 500), @p1='?' (DbType = DateTimeOffset), @p2='?' (DbType = Int32), @p3='?' (DbType = Int32), @p4='?' (DbType = Date), @p5='?' (Size = 20), @p6='?' (Size = 20)], CommandType='"Text"', CommandTimeout='30']
SET IMPLICIT_TRANSACTIONS OFF;
SET NOCOUNT ON;
INSERT INTO [Appointments] ([CancellationReason], [CreatedDate], [DoctorId], [PatientId], [ScheduledDate], [Status], [TimeSlot])
OUTPUT INSERTED.[AppointmentId]
VALUES (@p0, @p1, @p2, @p3, @p4, @p5, @p6);
2026-07-09 15:01:19.149 +05:30 [INF] Appointment booked: AppointmentId 1016
2026-07-09 15:01:19.162 +05:30 [INF] Executed DbCommand (5ms) [Parameters=[@patientId='?' (DbType = Int32)], CommandType='"Text"', CommandTimeout='30']
SELECT TOP(1) [p].[PatientId], [p].[CreatedDate], [p].[DateOfBirth], [p].[FullName], [p].[Gender], [p].[InsuranceId], [p].[IsActive], [p].[PhoneNumber], [p].[UserId]
FROM [Patients] AS [p]
WHERE [p].[PatientId] = @patientId
2026-07-09 15:01:19.362 +05:30 [INF] Executing OkObjectResult, writing value of type '<>f__AnonymousType0`1[[System.String, System.Private.CoreLib, Version=10.0.0.0, Culture=neutral, PublicKeyToken=7cec85d7bea7798e]]'.
2026-07-09 15:01:19.366 +05:30 [INF] Executed action HealthCare.Api.Controllers.AppointmentController.BookAppointment (HealthCare.Api) in 485.0987ms
2026-07-09 15:01:19.368 +05:30 [INF] Executed endpoint 'HealthCare.Api.Controllers.AppointmentController.BookAppointment (HealthCare.Api)'
2026-07-09 15:01:19.369 +05:30 [INF] API Request: POST /api/appointments/book responded 200
2026-07-09 15:01:19.371 +05:30 [INF] Request finished HTTP/2 POST https://localhost:7234/api/appointments/book - 200 null application/json; charset=utf-8 504.9641ms
2026-07-09 15:01:19.436 +05:30 [INF] Executed DbCommand (9ms) [Parameters=[@p0='?' (DbType = DateTime2), @p1='?' (DbType = Int32), @p2='?' (DbType = Boolean), @p3='?' (Size = 500)], CommandType='"Text"', CommandTimeout='30']
SET IMPLICIT_TRANSACTIONS OFF;
SET NOCOUNT ON;
INSERT INTO [Notifications] ([CreatedAtUtc], [DoctorId], [IsRead], [Message])
OUTPUT INSERTED.[NotificationId]
VALUES (@p0, @p1, @p2, @p3);
2026-07-09 15:01:19.442 +05:30 [INF] Notification created for DoctorId 5 from AppointmentId 1016
2026-07-09 15:05:26.352 +05:30 [INF] Usage Telemetry: {"id":"0c950000-e56a-1944-b15c-08dedd9cb52f","created":"2026-07-09T15:00:25.7629001\u002B05:30","host":{"framework_version":"10.0.8","mass_transit_version":"8.4.1.0","operating_system_version":"Microsoft Windows NT 10.0.26200.0","time_zone_info":"(UTC\u002B05:30) Chennai, Kolkata, Mumbai, New Delhi","commit_hash":"8c7e467cd2edf26ecef95e98a99e3633a7325676"},"bus":[{"created":"2026-07-09T15:00:25.7659987\u002B05:30","configured":"2026-07-09T15:00:25.9689483\u002B05:30","started":"2026-07-09T15:00:26.2935433\u002B05:30","name":"IBus","endpoints":[{"name":"appointment.events.queue","type":"RabbitMQ","prefetch_count":16,"consumer_count":1,"message_count":1},{"name":"_bus_","type":"RabbitMQ","prefetch_count":16}]}]}
2026-07-09 17:17:19.180 +05:30 [INF] User profile is available. Using 'C:\Users\310508\AppData\Local\ASP.NET\DataProtection-Keys' as key repository and Windows DPAPI to encrypt keys at rest.
2026-07-09 17:17:22.466 +05:30 [INF] Executed DbCommand (120ms) [Parameters=[@normalizedName='?' (Size = 256)], CommandType='"Text"', CommandTimeout='30']
SELECT TOP(1) [a].[Id], [a].[ConcurrencyStamp], [a].[Name], [a].[NormalizedName]
FROM [AspNetRoles] AS [a]
WHERE [a].[NormalizedName] = @normalizedName
2026-07-09 17:17:22.626 +05:30 [INF] Executed DbCommand (3ms) [Parameters=[@normalizedName='?' (Size = 256)], CommandType='"Text"', CommandTimeout='30']
SELECT TOP(1) [a].[Id], [a].[ConcurrencyStamp], [a].[Name], [a].[NormalizedName]
FROM [AspNetRoles] AS [a]
WHERE [a].[NormalizedName] = @normalizedName
2026-07-09 17:17:22.631 +05:30 [INF] Executed DbCommand (1ms) [Parameters=[@normalizedName='?' (Size = 256)], CommandType='"Text"', CommandTimeout='30']
SELECT TOP(1) [a].[Id], [a].[ConcurrencyStamp], [a].[Name], [a].[NormalizedName]
FROM [AspNetRoles] AS [a]
WHERE [a].[NormalizedName] = @normalizedName
2026-07-09 17:17:22.642 +05:30 [INF] Executed DbCommand (1ms) [Parameters=[@normalizedName='?' (Size = 256)], CommandType='"Text"', CommandTimeout='30']
SELECT TOP(1) [a].[Id], [a].[ConcurrencyStamp], [a].[Name], [a].[NormalizedName]
FROM [AspNetRoles] AS [a]
WHERE [a].[NormalizedName] = @normalizedName
2026-07-09 17:17:22.654 +05:30 [INF] Executed DbCommand (1ms) [Parameters=[@normalizedName='?' (Size = 256)], CommandType='"Text"', CommandTimeout='30']
SELECT TOP(1) [a].[Id], [a].[ConcurrencyStamp], [a].[Name], [a].[NormalizedName]
FROM [AspNetRoles] AS [a]
WHERE [a].[NormalizedName] = @normalizedName
2026-07-09 17:17:22.659 +05:30 [INF] Executed DbCommand (0ms) [Parameters=[@normalizedName='?' (Size = 256)], CommandType='"Text"', CommandTimeout='30']
SELECT TOP(1) [a].[Id], [a].[ConcurrencyStamp], [a].[Name], [a].[NormalizedName]
FROM [AspNetRoles] AS [a]
WHERE [a].[NormalizedName] = @normalizedName
2026-07-09 17:17:22.708 +05:30 [INF] Executed DbCommand (10ms) [Parameters=[@normalizedEmail='?' (Size = 256)], CommandType='"Text"', CommandTimeout='30']
SELECT TOP(2) [a].[Id], [a].[AccessFailedCount], [a].[ConcurrencyStamp], [a].[Discriminator], [a].[Email], [a].[EmailConfirmed], [a].[LockoutEnabled], [a].[LockoutEnd], [a].[NormalizedEmail], [a].[NormalizedUserName], [a].[PasswordHash], [a].[PhoneNumber], [a].[PhoneNumberConfirmed], [a].[SecurityStamp], [a].[TwoFactorEnabled], [a].[UserName]
FROM [AspNetUsers] AS [a]
WHERE [a].[Discriminator] = N'User' AND [a].[NormalizedEmail] = @normalizedEmail
2026-07-09 17:17:23.291 +05:30 [INF] Configured endpoint appointment.events.queue, Consumer: HealthCare.Api.Consumers.AppointmentBookedConsumer
2026-07-09 17:17:23.792 +05:30 [INF] Now listening on: https://localhost:7234
2026-07-09 17:17:23.794 +05:30 [INF] Now listening on: http://localhost:5225
2026-07-09 17:17:23.834 +05:30 [INF] Bus started: "rabbitmq://localhost/"
2026-07-09 17:17:23.934 +05:30 [INF] Application started. Press Ctrl+C to shut down.
2026-07-09 17:17:23.974 +05:30 [INF] Hosting environment: Development
2026-07-09 17:17:23.981 +05:30 [INF] Content root path: C:\Users\310508\source\repos\UST-Live-01\HealthCare\HealthCare.Api
2026-07-09 17:18:34.990 +05:30 [INF] Request starting HTTP/2 OPTIONS https://localhost:7234/api/auth/login - null null
2026-07-09 17:18:35.056 +05:30 [INF] CORS policy execution successful.
2026-07-09 17:18:35.062 +05:30 [INF] API Request: OPTIONS /api/auth/login responded 204
2026-07-09 17:18:35.071 +05:30 [INF] Request finished HTTP/2 OPTIONS https://localhost:7234/api/auth/login - 204 null null 84.4706ms
2026-07-09 17:18:35.077 +05:30 [INF] Request starting HTTP/2 POST https://localhost:7234/api/auth/login - application/json 51
2026-07-09 17:18:35.091 +05:30 [INF] CORS policy execution successful.
2026-07-09 17:18:35.106 +05:30 [INF] Executing endpoint 'HealthCare.Api.Controllers.AuthController.Login (HealthCare.Api)'
2026-07-09 17:18:35.151 +05:30 [INF] Route matched with {action = "Login", controller = "Auth"}. Executing controller action with signature System.Threading.Tasks.Task`1[Microsoft.AspNetCore.Mvc.IActionResult] Login(HealthCare.Api.DTOs.Auth.LoginDto) on controller HealthCare.Api.Controllers.AuthController (HealthCare.Api).
2026-07-09 17:18:35.256 +05:30 [WRN] You do not have a valid license key for the Lucky Penny software AutoMapper. This is allowed for development and testing scenarios. If you are running in production you are required to have a licensed version. Please visit https://luckypennysoftware.com to obtain a valid license.
2026-07-09 17:18:35.365 +05:30 [INF] Executed DbCommand (6ms) [Parameters=[@normalizedEmail='?' (Size = 256)], CommandType='"Text"', CommandTimeout='30']
SELECT TOP(2) [a].[Id], [a].[AccessFailedCount], [a].[ConcurrencyStamp], [a].[Discriminator], [a].[Email], [a].[EmailConfirmed], [a].[LockoutEnabled], [a].[LockoutEnd], [a].[NormalizedEmail], [a].[NormalizedUserName], [a].[PasswordHash], [a].[PhoneNumber], [a].[PhoneNumberConfirmed], [a].[SecurityStamp], [a].[TwoFactorEnabled], [a].[UserName]
FROM [AspNetUsers] AS [a]
WHERE [a].[Discriminator] = N'User' AND [a].[NormalizedEmail] = @normalizedEmail
2026-07-09 17:18:35.588 +05:30 [INF] Executed DbCommand (8ms) [Parameters=[@userId='?' (Size = 450)], CommandType='"Text"', CommandTimeout='30']
SELECT [a0].[Name]
FROM [AspNetUserRoles] AS [a]
INNER JOIN [AspNetRoles] AS [a0] ON [a].[RoleId] = [a0].[Id]
WHERE [a].[UserId] = @userId
2026-07-09 17:18:35.623 +05:30 [INF] Executed DbCommand (7ms) [Parameters=[@userId='?' (Size = 450)], CommandType='"Text"', CommandTimeout='30']
SELECT TOP(1) [p].[PatientId], [p].[CreatedDate], [p].[DateOfBirth], [p].[FullName], [p].[Gender], [p].[InsuranceId], [p].[IsActive], [p].[PhoneNumber], [p].[UserId]
FROM [Patients] AS [p]
WHERE [p].[UserId] = @userId
2026-07-09 17:18:35.708 +05:30 [INF] Executed DbCommand (1ms) [Parameters=[@userId='?' (Size = 450)], CommandType='"Text"', CommandTimeout='30']
SELECT [a0].[Name]
FROM [AspNetUserRoles] AS [a]
INNER JOIN [AspNetRoles] AS [a0] ON [a].[RoleId] = [a0].[Id]
WHERE [a].[UserId] = @userId
2026-07-09 17:18:35.766 +05:30 [INF] Executing OkObjectResult, writing value of type 'HealthCare.Api.DTOs.Auth.AuthResponseDto'.
2026-07-09 17:18:35.782 +05:30 [INF] Executed action HealthCare.Api.Controllers.AuthController.Login (HealthCare.Api) in 623.274ms
2026-07-09 17:18:35.785 +05:30 [INF] Executed endpoint 'HealthCare.Api.Controllers.AuthController.Login (HealthCare.Api)'
2026-07-09 17:18:35.790 +05:30 [INF] API Request: POST /api/auth/login responded 200
2026-07-09 17:18:35.799 +05:30 [INF] Request finished HTTP/2 POST https://localhost:7234/api/auth/login - 200 null application/json; charset=utf-8 722.5778ms
2026-07-09 17:18:36.143 +05:30 [INF] Request starting HTTP/2 OPTIONS https://localhost:7234/api/appointments/patient/upcoming - null null
2026-07-09 17:18:36.143 +05:30 [INF] Request starting HTTP/2 OPTIONS https://localhost:7234/api/records/my-records - null null
2026-07-09 17:18:36.147 +05:30 [INF] CORS policy execution successful.
2026-07-09 17:18:36.149 +05:30 [INF] CORS policy execution successful.
2026-07-09 17:18:36.150 +05:30 [INF] API Request: OPTIONS /api/appointments/patient/upcoming responded 204
2026-07-09 17:18:36.150 +05:30 [INF] API Request: OPTIONS /api/records/my-records responded 204
2026-07-09 17:18:36.151 +05:30 [INF] Request finished HTTP/2 OPTIONS https://localhost:7234/api/appointments/patient/upcoming - 204 null null 8.3602ms
2026-07-09 17:18:36.153 +05:30 [INF] Request finished HTTP/2 OPTIONS https://localhost:7234/api/records/my-records - 204 null null 9.5734ms
2026-07-09 17:18:36.154 +05:30 [INF] Request starting HTTP/2 GET https://localhost:7234/api/appointments/patient/upcoming - null null
2026-07-09 17:18:36.155 +05:30 [INF] Request starting HTTP/2 GET https://localhost:7234/api/records/my-records - null null
2026-07-09 17:18:36.167 +05:30 [INF] CORS policy execution successful.
2026-07-09 17:18:36.167 +05:30 [INF] CORS policy execution successful.
2026-07-09 17:18:36.250 +05:30 [INF] Executing endpoint 'HealthCare.Api.Controllers.HealthRecordController.GetHealthRecordByPatient (HealthCare.Api)'
2026-07-09 17:18:36.251 +05:30 [INF] Executing endpoint 'HealthCare.Api.Controllers.AppointmentController.GetAppointmentByPatient (HealthCare.Api)'
2026-07-09 17:18:36.259 +05:30 [INF] Route matched with {action = "GetHealthRecordByPatient", controller = "HealthRecord"}. Executing controller action with signature System.Threading.Tasks.Task`1[Microsoft.AspNetCore.Mvc.IActionResult] GetHealthRecordByPatient() on controller HealthCare.Api.Controllers.HealthRecordController (HealthCare.Api).
2026-07-09 17:18:36.260 +05:30 [INF] Route matched with {action = "GetAppointmentByPatient", controller = "Appointment"}. Executing controller action with signature System.Threading.Tasks.Task`1[Microsoft.AspNetCore.Mvc.IActionResult] GetAppointmentByPatient() on controller HealthCare.Api.Controllers.AppointmentController (HealthCare.Api).
2026-07-09 17:18:36.359 +05:30 [INF] Executed DbCommand (14ms) [Parameters=[@id='?' (DbType = Int32)], CommandType='"Text"', CommandTimeout='30']
SELECT [h].[RecordId], [p].[FullName] AS [PatientName], [d].[FullName] AS [DoctorName], [h].[VisitDate], [h].[Diagnosis], [h].[Prescription], [h].[Notes]
FROM [HealthRecords] AS [h]
INNER JOIN [Patients] AS [p] ON [h].[PatientId] = [p].[PatientId]
INNER JOIN [Doctors] AS [d] ON [h].[DoctorId] = [d].[DoctorId]
WHERE [h].[PatientId] = @id
2026-07-09 17:18:36.364 +05:30 [INF] Executing OkObjectResult, writing value of type 'System.Collections.Generic.List`1[[HealthCare.Api.DTOs.HealthRecord.HealthRecordListDto, HealthCare.Shared, Version=1.0.0.0, Culture=neutral, PublicKeyToken=null]]'.
2026-07-09 17:18:36.376 +05:30 [INF] Executed action HealthCare.Api.Controllers.HealthRecordController.GetHealthRecordByPatient (HealthCare.Api) in 114.5382ms
2026-07-09 17:18:36.378 +05:30 [INF] Executed endpoint 'HealthCare.Api.Controllers.HealthRecordController.GetHealthRecordByPatient (HealthCare.Api)'
2026-07-09 17:18:36.379 +05:30 [INF] API Request: GET /api/records/my-records responded 200
2026-07-09 17:18:36.381 +05:30 [INF] Request finished HTTP/2 GET https://localhost:7234/api/records/my-records - 200 null application/json; charset=utf-8 225.4147ms
2026-07-09 17:18:36.534 +05:30 [INF] Executed DbCommand (12ms) [Parameters=[@id='?' (DbType = Int32)], CommandType='"Text"', CommandTimeout='30']
SELECT [a].[AppointmentId], [a].[PatientId], [p].[FullName] AS [PatientName], [d].[FullName] AS [DoctorName], [a].[ScheduledDate], [a].[TimeSlot], [a].[Status]
FROM [Appointments] AS [a]
INNER JOIN [Patients] AS [p] ON [a].[PatientId] = [p].[PatientId]
INNER JOIN [Doctors] AS [d] ON [a].[DoctorId] = [d].[DoctorId]
WHERE [a].[PatientId] = @id AND [a].[ScheduledDate] >= CAST(CONVERT(date, GETDATE()) AS date)
2026-07-09 17:18:36.540 +05:30 [INF] Executing OkObjectResult, writing value of type 'System.Collections.Generic.List`1[[HealthCare.Api.DTOs.Appointment.AppointmentListDto, HealthCare.Shared, Version=1.0.0.0, Culture=neutral, PublicKeyToken=null]]'.
2026-07-09 17:18:36.556 +05:30 [INF] Executed action HealthCare.Api.Controllers.AppointmentController.GetAppointmentByPatient (HealthCare.Api) in 293.4828ms
2026-07-09 17:18:36.559 +05:30 [INF] Executed endpoint 'HealthCare.Api.Controllers.AppointmentController.GetAppointmentByPatient (HealthCare.Api)'
2026-07-09 17:18:36.560 +05:30 [INF] API Request: GET /api/appointments/patient/upcoming responded 200
2026-07-09 17:18:36.561 +05:30 [INF] Request finished HTTP/2 GET https://localhost:7234/api/appointments/patient/upcoming - 200 null application/json; charset=utf-8 406.7588ms
2026-07-09 17:18:38.340 +05:30 [INF] Request starting HTTP/2 GET https://localhost:7234/api/appointments/patient/upcoming - null null
2026-07-09 17:18:38.344 +05:30 [INF] CORS policy execution successful.
2026-07-09 17:18:38.350 +05:30 [INF] Executing endpoint 'HealthCare.Api.Controllers.AppointmentController.GetAppointmentByPatient (HealthCare.Api)'
2026-07-09 17:18:38.351 +05:30 [INF] Route matched with {action = "GetAppointmentByPatient", controller = "Appointment"}. Executing controller action with signature System.Threading.Tasks.Task`1[Microsoft.AspNetCore.Mvc.IActionResult] GetAppointmentByPatient() on controller HealthCare.Api.Controllers.AppointmentController (HealthCare.Api).
2026-07-09 17:18:38.368 +05:30 [INF] Executed DbCommand (9ms) [Parameters=[@id='?' (DbType = Int32)], CommandType='"Text"', CommandTimeout='30']
SELECT [a].[AppointmentId], [a].[PatientId], [p].[FullName] AS [PatientName], [d].[FullName] AS [DoctorName], [a].[ScheduledDate], [a].[TimeSlot], [a].[Status]
FROM [Appointments] AS [a]
INNER JOIN [Patients] AS [p] ON [a].[PatientId] = [p].[PatientId]
INNER JOIN [Doctors] AS [d] ON [a].[DoctorId] = [d].[DoctorId]
WHERE [a].[PatientId] = @id AND [a].[ScheduledDate] >= CAST(CONVERT(date, GETDATE()) AS date)
2026-07-09 17:18:38.371 +05:30 [INF] Executing OkObjectResult, writing value of type 'System.Collections.Generic.List`1[[HealthCare.Api.DTOs.Appointment.AppointmentListDto, HealthCare.Shared, Version=1.0.0.0, Culture=neutral, PublicKeyToken=null]]'.
2026-07-09 17:18:38.373 +05:30 [INF] Executed action HealthCare.Api.Controllers.AppointmentController.GetAppointmentByPatient (HealthCare.Api) in 18.9591ms
2026-07-09 17:18:38.374 +05:30 [INF] Executed endpoint 'HealthCare.Api.Controllers.AppointmentController.GetAppointmentByPatient (HealthCare.Api)'
2026-07-09 17:18:38.377 +05:30 [INF] API Request: GET /api/appointments/patient/upcoming responded 200
2026-07-09 17:18:38.379 +05:30 [INF] Request finished HTTP/2 GET https://localhost:7234/api/appointments/patient/upcoming - 200 null application/json; charset=utf-8 39.4009ms
2026-07-09 17:19:27.546 +05:30 [INF] Request starting HTTP/2 OPTIONS https://localhost:7234/api/doctors/available?specialisation=Cardiologist&date=2026-07-24 - null null
2026-07-09 17:19:27.550 +05:30 [INF] CORS policy execution successful.
2026-07-09 17:19:27.551 +05:30 [INF] API Request: OPTIONS /api/doctors/available responded 204
2026-07-09 17:19:27.552 +05:30 [INF] Request finished HTTP/2 OPTIONS https://localhost:7234/api/doctors/available?specialisation=Cardiologist&date=2026-07-24 - 204 null null 5.9962ms
2026-07-09 17:19:27.554 +05:30 [INF] Request starting HTTP/2 GET https://localhost:7234/api/doctors/available?specialisation=Cardiologist&date=2026-07-24 - null null
2026-07-09 17:19:27.559 +05:30 [INF] CORS policy execution successful.
2026-07-09 17:19:27.560 +05:30 [INF] Executing endpoint 'HealthCare.Api.Controllers.DoctorController.GetAvailableDoctors (HealthCare.Api)'
2026-07-09 17:19:27.566 +05:30 [INF] Route matched with {action = "GetAvailableDoctors", controller = "Doctor"}. Executing controller action with signature System.Threading.Tasks.Task`1[Microsoft.AspNetCore.Mvc.IActionResult] GetAvailableDoctors(System.String, System.DateOnly) on controller HealthCare.Api.Controllers.DoctorController (HealthCare.Api).
2026-07-09 17:19:36.626 +05:30 [INF] Request starting HTTP/2 OPTIONS https://localhost:7234/api/doctors/available?specialisation=Orthopedic&date=2026-07-24 - null null
2026-07-09 17:19:36.629 +05:30 [INF] CORS policy execution successful.
2026-07-09 17:19:36.630 +05:30 [INF] API Request: OPTIONS /api/doctors/available responded 204
2026-07-09 17:19:36.632 +05:30 [INF] Request finished HTTP/2 OPTIONS https://localhost:7234/api/doctors/available?specialisation=Orthopedic&date=2026-07-24 - 204 null null 6.2047ms
2026-07-09 17:19:36.634 +05:30 [INF] Request starting HTTP/2 GET https://localhost:7234/api/doctors/available?specialisation=Orthopedic&date=2026-07-24 - null null
2026-07-09 17:19:36.637 +05:30 [INF] CORS policy execution successful.
2026-07-09 17:19:36.638 +05:30 [INF] Executing endpoint 'HealthCare.Api.Controllers.DoctorController.GetAvailableDoctors (HealthCare.Api)'
2026-07-09 17:19:36.639 +05:30 [INF] Route matched with {action = "GetAvailableDoctors", controller = "Doctor"}. Executing controller action with signature System.Threading.Tasks.Task`1[Microsoft.AspNetCore.Mvc.IActionResult] GetAvailableDoctors(System.String, System.DateOnly) on controller HealthCare.Api.Controllers.DoctorController (HealthCare.Api).
2026-07-09 17:19:41.821 +05:30 [INF] Executed action HealthCare.Api.Controllers.DoctorController.GetAvailableDoctors (HealthCare.Api) in 14253.1674ms
2026-07-09 17:19:41.821 +05:30 [INF] Executed action HealthCare.Api.Controllers.DoctorController.GetAvailableDoctors (HealthCare.Api) in 5179.7699ms
2026-07-09 17:19:41.824 +05:30 [INF] Executed endpoint 'HealthCare.Api.Controllers.DoctorController.GetAvailableDoctors (HealthCare.Api)'
2026-07-09 17:19:41.825 +05:30 [INF] Executed endpoint 'HealthCare.Api.Controllers.DoctorController.GetAvailableDoctors (HealthCare.Api)'
2026-07-09 17:19:41.833 +05:30 [ERR] Exception occurred while processing GET /api/doctors/available
StackExchange.Redis.RedisConnectionException: The message timed out in the backlog attempting to send because no connection became available (5000ms) - Last Connection Exception: It was not possible to connect to the redis server(s). ConnectTimeout, command=HMGET, timeout: 5000, inst: 0, qu: 0, qs: 0, aw: False, bw: CheckingForTimeout, rs: NotStarted, ws: Idle, in: 0, last-in: 0, cur-in: 0, sync-ops: 0, async-ops: 2, serverEndpoint: localhost:6379, conn-sec: n/a, aoc: 0, mc: 1/1/0, mgr: 10 of 10 available, clientName: 25012S3(SE.Redis-v2.7.27.49176), IOCP: (Busy=0,Free=1000,Min=1,Max=1000), WORKER: (Busy=1,Free=32766,Min=8,Max=32767), POOL: (Threads=5,QueuedItems=0,CompletedItems=893,Timers=10), v: 2.7.27.49176 (Please take a look at this article for some common client-side issues that can cause timeouts: https://stackexchange.github.io/StackExchange.Redis/Timeouts)
 ---> StackExchange.Redis.RedisConnectionException: It was not possible to connect to the redis server(s). ConnectTimeout
   --- End of inner exception stack trace ---
   at Microsoft.Extensions.Caching.StackExchangeRedis.RedisCache.GetAndRefreshAsync(String key, Boolean getData, CancellationToken token)
   at Microsoft.Extensions.Caching.StackExchangeRedis.RedisCache.GetAsync(String key, CancellationToken token)
   at Microsoft.Extensions.Caching.Distributed.DistributedCacheExtensions.GetStringAsync(IDistributedCache cache, String key, CancellationToken token)
   at HealthCare.Api.Services.Implementations.DoctorService.AvailableDoctors(String specialisation, DateOnly date) in C:\Users\310508\source\repos\UST-Live-01\HealthCare\HealthCare.Api\Services\Implementations\DoctorService.cs:line 273
   at HealthCare.Api.Controllers.DoctorController.GetAvailableDoctors(String specialisation, DateOnly date) in C:\Users\310508\source\repos\UST-Live-01\HealthCare\HealthCare.Api\Controllers\DoctorController.cs:line 55
   at Microsoft.AspNetCore.Mvc.Infrastructure.ActionMethodExecutor.TaskOfIActionResultExecutor.Execute(ActionContext actionContext, IActionResultTypeMapper mapper, ObjectMethodExecutor executor, Object controller, Object[] arguments)
   at Microsoft.AspNetCore.Mvc.Infrastructure.ControllerActionInvoker.<InvokeActionMethodAsync>g__Awaited|12_0(ControllerActionInvoker invoker, ValueTask`1 actionResultValueTask)
   at Microsoft.AspNetCore.Mvc.Infrastructure.ControllerActionInvoker.<InvokeNextActionFilterAsync>g__Awaited|10_0(ControllerActionInvoker invoker, Task lastTask, State next, Scope scope, Object state, Boolean isCompleted)
   at Microsoft.AspNetCore.Mvc.Infrastructure.ControllerActionInvoker.Rethrow(ActionExecutedContextSealed context)
   at Microsoft.AspNetCore.Mvc.Infrastructure.ControllerActionInvoker.Next(State& next, Scope& scope, Object& state, Boolean& isCompleted)
   at Microsoft.AspNetCore.Mvc.Infrastructure.ControllerActionInvoker.<InvokeInnerFilterAsync>g__Awaited|13_0(ControllerActionInvoker invoker, Task lastTask, State next, Scope scope, Object state, Boolean isCompleted)
   at Microsoft.AspNetCore.Mvc.Infrastructure.ResourceInvoker.<InvokeFilterPipelineAsync>g__Awaited|20_0(ResourceInvoker invoker, Task lastTask, State next, Scope scope, Object state, Boolean isCompleted)
   at Microsoft.AspNetCore.Mvc.Infrastructure.ResourceInvoker.<InvokeAsync>g__Logged|17_1(ResourceInvoker invoker)
   at Microsoft.AspNetCore.Mvc.Infrastructure.ResourceInvoker.<InvokeAsync>g__Logged|17_1(ResourceInvoker invoker)
   at Microsoft.AspNetCore.Routing.EndpointMiddleware.<Invoke>g__AwaitRequestTask|7_0(Endpoint endpoint, Task requestTask, ILogger logger)
   at Microsoft.AspNetCore.Authorization.AuthorizationMiddleware.Invoke(HttpContext context)
   at Microsoft.AspNetCore.Authentication.AuthenticationMiddleware.Invoke(HttpContext context)
   at Swashbuckle.AspNetCore.SwaggerUI.SwaggerUIMiddleware.Invoke(HttpContext httpContext)
   at Swashbuckle.AspNetCore.Swagger.SwaggerMiddleware.Invoke(HttpContext httpContext, ISwaggerProvider swaggerProvider)
   at Program.<>c.<<<Main>$>b__0_8>d.MoveNext() in C:\Users\310508\source\repos\UST-Live-01\HealthCare\HealthCare.Api\Program.cs:line 193
--- End of stack trace from previous location ---
   at Microsoft.AspNetCore.Diagnostics.ExceptionHandlerMiddlewareImpl.<Invoke>g__Awaited|10_0(ExceptionHandlerMiddlewareImpl middleware, HttpContext context, Task task)
2026-07-09 17:19:41.834 +05:30 [ERR] Exception occurred while processing GET /api/doctors/available
StackExchange.Redis.RedisConnectionException: The message timed out in the backlog attempting to send because no connection became available (5000ms) - Last Connection Exception: It was not possible to connect to the redis server(s). ConnectTimeout, command=HMGET, timeout: 5000, inst: 0, qu: 1, qs: 0, aw: False, bw: CheckingForTimeout, rs: NotStarted, ws: Idle, in: 0, last-in: 0, cur-in: 0, sync-ops: 0, async-ops: 2, serverEndpoint: localhost:6379, conn-sec: n/a, aoc: 0, mc: 1/1/0, mgr: 10 of 10 available, clientName: 25012S3(SE.Redis-v2.7.27.49176), IOCP: (Busy=0,Free=1000,Min=1,Max=1000), WORKER: (Busy=0,Free=32767,Min=8,Max=32767), POOL: (Threads=5,QueuedItems=0,CompletedItems=893,Timers=10), v: 2.7.27.49176 (Please take a look at this article for some common client-side issues that can cause timeouts: https://stackexchange.github.io/StackExchange.Redis/Timeouts)
 ---> StackExchange.Redis.RedisConnectionException: It was not possible to connect to the redis server(s). ConnectTimeout
   --- End of inner exception stack trace ---
   at Microsoft.Extensions.Caching.StackExchangeRedis.RedisCache.GetAndRefreshAsync(String key, Boolean getData, CancellationToken token)
   at Microsoft.Extensions.Caching.StackExchangeRedis.RedisCache.GetAsync(String key, CancellationToken token)
   at Microsoft.Extensions.Caching.Distributed.DistributedCacheExtensions.GetStringAsync(IDistributedCache cache, String key, CancellationToken token)
   at HealthCare.Api.Services.Implementations.DoctorService.AvailableDoctors(String specialisation, DateOnly date) in C:\Users\310508\source\repos\UST-Live-01\HealthCare\HealthCare.Api\Services\Implementations\DoctorService.cs:line 273
   at HealthCare.Api.Controllers.DoctorController.GetAvailableDoctors(String specialisation, DateOnly date) in C:\Users\310508\source\repos\UST-Live-01\HealthCare\HealthCare.Api\Controllers\DoctorController.cs:line 55
   at Microsoft.AspNetCore.Mvc.Infrastructure.ActionMethodExecutor.TaskOfIActionResultExecutor.Execute(ActionContext actionContext, IActionResultTypeMapper mapper, ObjectMethodExecutor executor, Object controller, Object[] arguments)
   at Microsoft.AspNetCore.Mvc.Infrastructure.ControllerActionInvoker.<InvokeActionMethodAsync>g__Awaited|12_0(ControllerActionInvoker invoker, ValueTask`1 actionResultValueTask)
   at Microsoft.AspNetCore.Mvc.Infrastructure.ControllerActionInvoker.<InvokeNextActionFilterAsync>g__Awaited|10_0(ControllerActionInvoker invoker, Task lastTask, State next, Scope scope, Object state, Boolean isCompleted)
   at Microsoft.AspNetCore.Mvc.Infrastructure.ControllerActionInvoker.Rethrow(ActionExecutedContextSealed context)
   at Microsoft.AspNetCore.Mvc.Infrastructure.ControllerActionInvoker.Next(State& next, Scope& scope, Object& state, Boolean& isCompleted)
   at Microsoft.AspNetCore.Mvc.Infrastructure.ControllerActionInvoker.<InvokeInnerFilterAsync>g__Awaited|13_0(ControllerActionInvoker invoker, Task lastTask, State next, Scope scope, Object state, Boolean isCompleted)
   at Microsoft.AspNetCore.Mvc.Infrastructure.ResourceInvoker.<InvokeFilterPipelineAsync>g__Awaited|20_0(ResourceInvoker invoker, Task lastTask, State next, Scope scope, Object state, Boolean isCompleted)
   at Microsoft.AspNetCore.Mvc.Infrastructure.ResourceInvoker.<InvokeAsync>g__Logged|17_1(ResourceInvoker invoker)
   at Microsoft.AspNetCore.Mvc.Infrastructure.ResourceInvoker.<InvokeAsync>g__Logged|17_1(ResourceInvoker invoker)
   at Microsoft.AspNetCore.Routing.EndpointMiddleware.<Invoke>g__AwaitRequestTask|7_0(Endpoint endpoint, Task requestTask, ILogger logger)
   at Microsoft.AspNetCore.Authorization.AuthorizationMiddleware.Invoke(HttpContext context)
   at Microsoft.AspNetCore.Authentication.AuthenticationMiddleware.Invoke(HttpContext context)
   at Swashbuckle.AspNetCore.SwaggerUI.SwaggerUIMiddleware.Invoke(HttpContext httpContext)
   at Swashbuckle.AspNetCore.Swagger.SwaggerMiddleware.Invoke(HttpContext httpContext, ISwaggerProvider swaggerProvider)
   at Program.<>c.<<<Main>$>b__0_8>d.MoveNext() in C:\Users\310508\source\repos\UST-Live-01\HealthCare\HealthCare.Api\Program.cs:line 193
--- End of stack trace from previous location ---
   at Microsoft.AspNetCore.Diagnostics.ExceptionHandlerMiddlewareImpl.<Invoke>g__Awaited|10_0(ExceptionHandlerMiddlewareImpl middleware, HttpContext context, Task task)
2026-07-09 17:19:41.867 +05:30 [INF] Request finished HTTP/2 GET https://localhost:7234/api/doctors/available?specialisation=Orthopedic&date=2026-07-24 - 500 null application/json; charset=utf-8 5232.5236ms
2026-07-09 17:19:41.867 +05:30 [INF] Request finished HTTP/2 GET https://localhost:7234/api/doctors/available?specialisation=Cardiologist&date=2026-07-24 - 500 null application/json; charset=utf-8 14312.3085ms
2026-07-09 17:20:10.527 +05:30 [INF] Request starting HTTP/2 OPTIONS https://localhost:7234/api/doctors/available?specialisation=Cardiologist&date=2026-07-24 - null null
2026-07-09 17:20:10.531 +05:30 [INF] CORS policy execution successful.
2026-07-09 17:20:10.532 +05:30 [INF] API Request: OPTIONS /api/doctors/available responded 204
2026-07-09 17:20:10.534 +05:30 [INF] Request finished HTTP/2 OPTIONS https://localhost:7234/api/doctors/available?specialisation=Cardiologist&date=2026-07-24 - 204 null null 7.0952ms
2026-07-09 17:20:10.536 +05:30 [INF] Request starting HTTP/2 GET https://localhost:7234/api/doctors/available?specialisation=Cardiologist&date=2026-07-24 - null null
2026-07-09 17:20:10.540 +05:30 [INF] CORS policy execution successful.
2026-07-09 17:20:10.541 +05:30 [INF] Executing endpoint 'HealthCare.Api.Controllers.DoctorController.GetAvailableDoctors (HealthCare.Api)'
2026-07-09 17:20:10.542 +05:30 [INF] Route matched with {action = "GetAvailableDoctors", controller = "Doctor"}. Executing controller action with signature System.Threading.Tasks.Task`1[Microsoft.AspNetCore.Mvc.IActionResult] GetAvailableDoctors(System.String, System.DateOnly) on controller HealthCare.Api.Controllers.DoctorController (HealthCare.Api).
2026-07-09 17:20:10.553 +05:30 [INF] Cache MISS for key: doctors:available:cardiologist:2026-07-24
2026-07-09 17:20:10.636 +05:30 [INF] Executed DbCommand (41ms) [Parameters=[@specialisation='?' (Size = 50), @date='?' (DbType = Date)], CommandType='"Text"', CommandTimeout='30']
SELECT [d].[DoctorId], [d].[FullName], [d].[Specialisation], [d].[ConsultationFee], [d].[IsActive]
FROM [Doctors] AS [d]
WHERE [d].[Specialisation] = @specialisation AND [d].[IsActive] = CAST(1 AS bit) AND NOT EXISTS (
    SELECT 1
    FROM [DoctorLeaves] AS [d0]
    WHERE [d].[DoctorId] = [d0].[DoctorId] AND [d0].[LeaveDate] = @date) AND EXISTS (
    SELECT 1
    FROM (
        SELECT [d1].[TimeSlot]
        FROM [DoctorAvailableSlots] AS [d1]
        WHERE [d].[DoctorId] = [d1].[DoctorId]
        EXCEPT
        SELECT [a].[TimeSlot]
        FROM [Appointments] AS [a]
        WHERE [d].[DoctorId] = [a].[DoctorId] AND [a].[ScheduledDate] = @date AND [a].[Status] <> N'Cancelled'
    ) AS [e])
2026-07-09 17:20:10.724 +05:30 [INF] Cache SET for key: doctors:available:cardiologist:2026-07-24 with 5 minutes TTL
2026-07-09 17:20:10.727 +05:30 [INF] Executing OkObjectResult, writing value of type 'System.Collections.Generic.List`1[[HealthCare.Api.DTOs.Doctor.DoctorListDto, HealthCare.Shared, Version=1.0.0.0, Culture=neutral, PublicKeyToken=null]]'.
2026-07-09 17:20:10.730 +05:30 [INF] Executed action HealthCare.Api.Controllers.DoctorController.GetAvailableDoctors (HealthCare.Api) in 186.5912ms
2026-07-09 17:20:10.733 +05:30 [INF] Executed endpoint 'HealthCare.Api.Controllers.DoctorController.GetAvailableDoctors (HealthCare.Api)'
2026-07-09 17:20:10.734 +05:30 [INF] API Request: GET /api/doctors/available responded 200
2026-07-09 17:20:10.736 +05:30 [INF] Request finished HTTP/2 GET https://localhost:7234/api/doctors/available?specialisation=Cardiologist&date=2026-07-24 - 200 null application/json; charset=utf-8 199.8842ms
2026-07-09 17:20:12.628 +05:30 [INF] Request starting HTTP/2 OPTIONS https://localhost:7234/api/appointments/available-slots?date=2026-07-24&doctorId=3 - null null
2026-07-09 17:20:12.632 +05:30 [INF] CORS policy execution successful.
2026-07-09 17:20:12.633 +05:30 [INF] API Request: OPTIONS /api/appointments/available-slots responded 204
2026-07-09 17:20:12.635 +05:30 [INF] Request finished HTTP/2 OPTIONS https://localhost:7234/api/appointments/available-slots?date=2026-07-24&doctorId=3 - 204 null null 7.0203ms
2026-07-09 17:20:12.637 +05:30 [INF] Request starting HTTP/2 GET https://localhost:7234/api/appointments/available-slots?date=2026-07-24&doctorId=3 - null null
2026-07-09 17:20:12.641 +05:30 [INF] CORS policy execution successful.
2026-07-09 17:20:12.642 +05:30 [INF] Executing endpoint 'HealthCare.Api.Controllers.AppointmentController.GetAvailableTimeSlots (HealthCare.Api)'
2026-07-09 17:20:12.650 +05:30 [INF] Route matched with {action = "GetAvailableTimeSlots", controller = "Appointment"}. Executing controller action with signature System.Threading.Tasks.Task`1[Microsoft.AspNetCore.Mvc.IActionResult] GetAvailableTimeSlots(System.DateOnly, Int32) on controller HealthCare.Api.Controllers.AppointmentController (HealthCare.Api).
2026-07-09 17:20:12.660 +05:30 [INF] Executed DbCommand (2ms) [Parameters=[@doctorId='?' (DbType = Int32)], CommandType='"Text"', CommandTimeout='30']
SELECT [d].[TimeSlot]
FROM [DoctorAvailableSlots] AS [d]
WHERE [d].[DoctorId] = @doctorId
2026-07-09 17:20:12.669 +05:30 [INF] Executed DbCommand (3ms) [Parameters=[@date='?' (DbType = Date), @doctorId='?' (DbType = Int32)], CommandType='"Text"', CommandTimeout='30']
SELECT [a].[TimeSlot]
FROM [Appointments] AS [a]
WHERE [a].[ScheduledDate] = @date AND [a].[DoctorId] = @doctorId AND [a].[Status] <> N'Cancelled'
2026-07-09 17:20:12.672 +05:30 [INF] Executing OkObjectResult, writing value of type 'System.Collections.Generic.List`1[[System.String, System.Private.CoreLib, Version=10.0.0.0, Culture=neutral, PublicKeyToken=7cec85d7bea7798e]]'.
2026-07-09 17:20:12.675 +05:30 [INF] Executed action HealthCare.Api.Controllers.AppointmentController.GetAvailableTimeSlots (HealthCare.Api) in 22.8216ms
2026-07-09 17:20:12.676 +05:30 [INF] Executed endpoint 'HealthCare.Api.Controllers.AppointmentController.GetAvailableTimeSlots (HealthCare.Api)'
2026-07-09 17:20:12.677 +05:30 [INF] API Request: GET /api/appointments/available-slots responded 200
2026-07-09 17:20:12.678 +05:30 [INF] Request finished HTTP/2 GET https://localhost:7234/api/appointments/available-slots?date=2026-07-24&doctorId=3 - 200 null application/json; charset=utf-8 41.0166ms
2026-07-09 17:21:04.174 +05:30 [INF] Request starting HTTP/2 OPTIONS https://localhost:7234/api/appointments/book - null null
2026-07-09 17:21:04.177 +05:30 [INF] CORS policy execution successful.
2026-07-09 17:21:04.178 +05:30 [INF] API Request: OPTIONS /api/appointments/book responded 204
2026-07-09 17:21:04.179 +05:30 [INF] Request finished HTTP/2 OPTIONS https://localhost:7234/api/appointments/book - 204 null null 5.0947ms
2026-07-09 17:21:04.181 +05:30 [INF] Request starting HTTP/2 POST https://localhost:7234/api/appointments/book - application/json 64
2026-07-09 17:21:04.186 +05:30 [INF] CORS policy execution successful.
2026-07-09 17:21:04.187 +05:30 [INF] Executing endpoint 'HealthCare.Api.Controllers.AppointmentController.BookAppointment (HealthCare.Api)'
2026-07-09 17:21:04.193 +05:30 [INF] Route matched with {action = "BookAppointment", controller = "Appointment"}. Executing controller action with signature System.Threading.Tasks.Task`1[Microsoft.AspNetCore.Mvc.IActionResult] BookAppointment(HealthCare.Shared.DTOs.Appointment.CreateAppointmentDto) on controller HealthCare.Api.Controllers.AppointmentController (HealthCare.Api).
2026-07-09 17:21:04.226 +05:30 [INF] Executed DbCommand (9ms) [Parameters=[@date='?' (DbType = Date), @doctorId='?' (DbType = Int32), @timeSlot='?' (Size = 20)], CommandType='"Text"', CommandTimeout='30']
SELECT CASE
    WHEN EXISTS (
        SELECT 1
        FROM [Appointments] AS [a]
        WHERE [a].[ScheduledDate] = @date AND [a].[DoctorId] = @doctorId AND [a].[TimeSlot] = @timeSlot AND [a].[Status] <> N'Cancelled') THEN CAST(1 AS bit)
    ELSE CAST(0 AS bit)
END
2026-07-09 17:21:04.452 +05:30 [INF] Executed DbCommand (23ms) [Parameters=[@p0='?' (Size = 500), @p1='?' (DbType = DateTimeOffset), @p2='?' (DbType = Int32), @p3='?' (DbType = Int32), @p4='?' (DbType = Date), @p5='?' (Size = 20), @p6='?' (Size = 20)], CommandType='"Text"', CommandTimeout='30']
SET IMPLICIT_TRANSACTIONS OFF;
SET NOCOUNT ON;
INSERT INTO [Appointments] ([CancellationReason], [CreatedDate], [DoctorId], [PatientId], [ScheduledDate], [Status], [TimeSlot])
OUTPUT INSERTED.[AppointmentId]
VALUES (@p0, @p1, @p2, @p3, @p4, @p5, @p6);
2026-07-09 17:21:04.489 +05:30 [INF] Appointment booked: AppointmentId 1017
2026-07-09 17:21:04.501 +05:30 [INF] Executed DbCommand (2ms) [Parameters=[@patientId='?' (DbType = Int32)], CommandType='"Text"', CommandTimeout='30']
SELECT TOP(1) [p].[PatientId], [p].[CreatedDate], [p].[DateOfBirth], [p].[FullName], [p].[Gender], [p].[InsuranceId], [p].[IsActive], [p].[PhoneNumber], [p].[UserId]
FROM [Patients] AS [p]
WHERE [p].[PatientId] = @patientId
2026-07-09 17:21:04.759 +05:30 [INF] Executing OkObjectResult, writing value of type '<>f__AnonymousType0`1[[System.String, System.Private.CoreLib, Version=10.0.0.0, Culture=neutral, PublicKeyToken=7cec85d7bea7798e]]'.
2026-07-09 17:21:04.764 +05:30 [INF] Executed action HealthCare.Api.Controllers.AppointmentController.BookAppointment (HealthCare.Api) in 569.4927ms
2026-07-09 17:21:04.767 +05:30 [INF] Executed endpoint 'HealthCare.Api.Controllers.AppointmentController.BookAppointment (HealthCare.Api)'
2026-07-09 17:21:04.768 +05:30 [INF] API Request: POST /api/appointments/book responded 200
2026-07-09 17:21:04.770 +05:30 [INF] Request finished HTTP/2 POST https://localhost:7234/api/appointments/book - 200 null application/json; charset=utf-8 588.3952ms
2026-07-09 17:21:04.839 +05:30 [INF] Executed DbCommand (6ms) [Parameters=[@p0='?' (DbType = DateTime2), @p1='?' (DbType = Int32), @p2='?' (DbType = Boolean), @p3='?' (Size = 500)], CommandType='"Text"', CommandTimeout='30']
SET IMPLICIT_TRANSACTIONS OFF;
SET NOCOUNT ON;
INSERT INTO [Notifications] ([CreatedAtUtc], [DoctorId], [IsRead], [Message])
OUTPUT INSERTED.[NotificationId]
VALUES (@p0, @p1, @p2, @p3);
2026-07-09 17:21:04.846 +05:30 [INF] Notification created for DoctorId 3 from AppointmentId 1017
2026-07-09 17:22:23.859 +05:30 [INF] Usage Telemetry: {"id":"e0050000-e56a-1944-a075-08deddafd72f","created":"2026-07-09T17:17:23.2428148\u002B05:30","host":{"framework_version":"10.0.8","mass_transit_version":"8.4.1.0","operating_system_version":"Microsoft Windows NT 10.0.26200.0","time_zone_info":"(UTC\u002B05:30) Chennai, Kolkata, Mumbai, New Delhi","commit_hash":"8c7e467cd2edf26ecef95e98a99e3633a7325676"},"bus":[{"created":"2026-07-09T17:17:23.2447599\u002B05:30","configured":"2026-07-09T17:17:23.3937445\u002B05:30","started":"2026-07-09T17:17:23.8308100\u002B05:30","name":"IBus","endpoints":[{"name":"appointment.events.queue","type":"RabbitMQ","prefetch_count":16,"consumer_count":1,"message_count":1},{"name":"_bus_","type":"RabbitMQ","prefetch_count":16}]}]}
2026-07-09 17:22:45.039 +05:30 [INF] Request starting HTTP/2 OPTIONS https://localhost:7234/api/patients/profile - null null
2026-07-09 17:22:45.048 +05:30 [INF] CORS policy execution successful.
2026-07-09 17:22:45.051 +05:30 [INF] API Request: OPTIONS /api/patients/profile responded 204
2026-07-09 17:22:45.053 +05:30 [INF] Request finished HTTP/2 OPTIONS https://localhost:7234/api/patients/profile - 204 null null 14.6901ms
2026-07-09 17:22:45.055 +05:30 [INF] Request starting HTTP/2 GET https://localhost:7234/api/patients/profile - null null
2026-07-09 17:22:45.058 +05:30 [INF] CORS policy execution successful.
2026-07-09 17:22:45.059 +05:30 [INF] Executing endpoint 'HealthCare.Api.Controllers.PatientController.GetMyProfile (HealthCare.Api)'
2026-07-09 17:22:45.067 +05:30 [INF] Route matched with {action = "GetMyProfile", controller = "Patient"}. Executing controller action with signature System.Threading.Tasks.Task`1[Microsoft.AspNetCore.Mvc.IActionResult] GetMyProfile() on controller HealthCare.Api.Controllers.PatientController (HealthCare.Api).
2026-07-09 17:22:45.092 +05:30 [INF] Executed DbCommand (7ms) [Parameters=[@patientId='?' (DbType = Int32)], CommandType='"Text"', CommandTimeout='30']
SELECT TOP(1) [p].[PatientId], [p].[FullName], COALESCE([a].[Email], N'') AS [Email], [p].[PhoneNumber], [p].[DateOfBirth], [p].[Gender], [p].[InsuranceId]
FROM [Patients] AS [p]
INNER JOIN [AspNetUsers] AS [a] ON [p].[UserId] = [a].[Id]
WHERE [p].[PatientId] = @patientId
2026-07-09 17:22:45.095 +05:30 [INF] Executing OkObjectResult, writing value of type 'HealthCare.Shared.DTOs.Patient.PatientProfileDto'.
2026-07-09 17:22:45.102 +05:30 [INF] Executed action HealthCare.Api.Controllers.PatientController.GetMyProfile (HealthCare.Api) in 32.951ms
2026-07-09 17:22:45.103 +05:30 [INF] Executed endpoint 'HealthCare.Api.Controllers.PatientController.GetMyProfile (HealthCare.Api)'
2026-07-09 17:22:45.104 +05:30 [INF] API Request: GET /api/patients/profile responded 200
2026-07-09 17:22:45.106 +05:30 [INF] Request finished HTTP/2 GET https://localhost:7234/api/patients/profile - 200 null application/json; charset=utf-8 50.7839ms
2026-07-09 17:24:14.523 +05:30 [INF] Request starting HTTP/2 OPTIONS https://localhost:7234/api/doctors/available?specialisation=Cardiologist&date=2026-07-24 - null null
2026-07-09 17:24:14.526 +05:30 [INF] CORS policy execution successful.
2026-07-09 17:24:14.528 +05:30 [INF] API Request: OPTIONS /api/doctors/available responded 204
2026-07-09 17:24:14.529 +05:30 [INF] Request finished HTTP/2 OPTIONS https://localhost:7234/api/doctors/available?specialisation=Cardiologist&date=2026-07-24 - 204 null null 6.3124ms
2026-07-09 17:24:14.532 +05:30 [INF] Request starting HTTP/2 GET https://localhost:7234/api/doctors/available?specialisation=Cardiologist&date=2026-07-24 - null null
2026-07-09 17:24:14.534 +05:30 [INF] CORS policy execution successful.
2026-07-09 17:24:14.535 +05:30 [INF] Executing endpoint 'HealthCare.Api.Controllers.DoctorController.GetAvailableDoctors (HealthCare.Api)'
2026-07-09 17:24:14.536 +05:30 [INF] Route matched with {action = "GetAvailableDoctors", controller = "Doctor"}. Executing controller action with signature System.Threading.Tasks.Task`1[Microsoft.AspNetCore.Mvc.IActionResult] GetAvailableDoctors(System.String, System.DateOnly) on controller HealthCare.Api.Controllers.DoctorController (HealthCare.Api).
2026-07-09 17:24:14.547 +05:30 [INF] Cache HIT for key: doctors:available:cardiologist:2026-07-24
2026-07-09 17:24:14.550 +05:30 [INF] Executing OkObjectResult, writing value of type 'System.Collections.Generic.List`1[[HealthCare.Api.DTOs.Doctor.DoctorListDto, HealthCare.Shared, Version=1.0.0.0, Culture=neutral, PublicKeyToken=null]]'.
2026-07-09 17:24:14.551 +05:30 [INF] Executed action HealthCare.Api.Controllers.DoctorController.GetAvailableDoctors (HealthCare.Api) in 13.8619ms
2026-07-09 17:24:14.552 +05:30 [INF] Executed endpoint 'HealthCare.Api.Controllers.DoctorController.GetAvailableDoctors (HealthCare.Api)'
2026-07-09 17:24:14.553 +05:30 [INF] API Request: GET /api/doctors/available responded 200
2026-07-09 17:24:14.554 +05:30 [INF] Request finished HTTP/2 GET https://localhost:7234/api/doctors/available?specialisation=Cardiologist&date=2026-07-24 - 200 null application/json; charset=utf-8 22.3067ms
2026-07-09 17:24:17.034 +05:30 [INF] Request starting HTTP/2 OPTIONS https://localhost:7234/api/appointments/available-slots?date=2026-07-24&doctorId=3 - null null
2026-07-09 17:24:17.037 +05:30 [INF] CORS policy execution successful.
2026-07-09 17:24:17.038 +05:30 [INF] API Request: OPTIONS /api/appointments/available-slots responded 204
2026-07-09 17:24:17.040 +05:30 [INF] Request finished HTTP/2 OPTIONS https://localhost:7234/api/appointments/available-slots?date=2026-07-24&doctorId=3 - 204 null null 5.5575ms
2026-07-09 17:24:17.044 +05:30 [INF] Request starting HTTP/2 GET https://localhost:7234/api/appointments/available-slots?date=2026-07-24&doctorId=3 - null null
2026-07-09 17:24:17.047 +05:30 [INF] CORS policy execution successful.
2026-07-09 17:24:17.048 +05:30 [INF] Executing endpoint 'HealthCare.Api.Controllers.AppointmentController.GetAvailableTimeSlots (HealthCare.Api)'
2026-07-09 17:24:17.048 +05:30 [INF] Route matched with {action = "GetAvailableTimeSlots", controller = "Appointment"}. Executing controller action with signature System.Threading.Tasks.Task`1[Microsoft.AspNetCore.Mvc.IActionResult] GetAvailableTimeSlots(System.DateOnly, Int32) on controller HealthCare.Api.Controllers.AppointmentController (HealthCare.Api).
2026-07-09 17:24:17.061 +05:30 [INF] Executed DbCommand (10ms) [Parameters=[@doctorId='?' (DbType = Int32)], CommandType='"Text"', CommandTimeout='30']
SELECT [d].[TimeSlot]
FROM [DoctorAvailableSlots] AS [d]
WHERE [d].[DoctorId] = @doctorId
2026-07-09 17:24:17.066 +05:30 [INF] Executed DbCommand (3ms) [Parameters=[@date='?' (DbType = Date), @doctorId='?' (DbType = Int32)], CommandType='"Text"', CommandTimeout='30']
SELECT [a].[TimeSlot]
FROM [Appointments] AS [a]
WHERE [a].[ScheduledDate] = @date AND [a].[DoctorId] = @doctorId AND [a].[Status] <> N'Cancelled'
2026-07-09 17:24:17.068 +05:30 [INF] Executing OkObjectResult, writing value of type 'System.Collections.Generic.List`1[[System.String, System.Private.CoreLib, Version=10.0.0.0, Culture=neutral, PublicKeyToken=7cec85d7bea7798e]]'.
2026-07-09 17:24:17.070 +05:30 [INF] Executed action HealthCare.Api.Controllers.AppointmentController.GetAvailableTimeSlots (HealthCare.Api) in 19.5486ms
2026-07-09 17:24:17.071 +05:30 [INF] Executed endpoint 'HealthCare.Api.Controllers.AppointmentController.GetAvailableTimeSlots (HealthCare.Api)'
2026-07-09 17:24:17.072 +05:30 [INF] API Request: GET /api/appointments/available-slots responded 200
2026-07-09 17:24:17.074 +05:30 [INF] Request finished HTTP/2 GET https://localhost:7234/api/appointments/available-slots?date=2026-07-24&doctorId=3 - 200 null application/json; charset=utf-8 29.9632ms
2026-07-09 17:52:41.363 +05:30 [INF] User profile is available. Using 'C:\Users\310508\AppData\Local\ASP.NET\DataProtection-Keys' as key repository and Windows DPAPI to encrypt keys at rest.
2026-07-09 17:52:45.500 +05:30 [INF] Executed DbCommand (213ms) [Parameters=[@normalizedName='?' (Size = 256)], CommandType='"Text"', CommandTimeout='30']
SELECT TOP(1) [a].[Id], [a].[ConcurrencyStamp], [a].[Name], [a].[NormalizedName]
FROM [AspNetRoles] AS [a]
WHERE [a].[NormalizedName] = @normalizedName
2026-07-09 17:52:45.836 +05:30 [INF] Executed DbCommand (41ms) [Parameters=[@normalizedName='?' (Size = 256)], CommandType='"Text"', CommandTimeout='30']
SELECT TOP(1) [a].[Id], [a].[ConcurrencyStamp], [a].[Name], [a].[NormalizedName]
FROM [AspNetRoles] AS [a]
WHERE [a].[NormalizedName] = @normalizedName
2026-07-09 17:52:45.846 +05:30 [INF] Executed DbCommand (2ms) [Parameters=[@normalizedName='?' (Size = 256)], CommandType='"Text"', CommandTimeout='30']
SELECT TOP(1) [a].[Id], [a].[ConcurrencyStamp], [a].[Name], [a].[NormalizedName]
FROM [AspNetRoles] AS [a]
WHERE [a].[NormalizedName] = @normalizedName
2026-07-09 17:52:45.863 +05:30 [INF] Executed DbCommand (2ms) [Parameters=[@normalizedName='?' (Size = 256)], CommandType='"Text"', CommandTimeout='30']
SELECT TOP(1) [a].[Id], [a].[ConcurrencyStamp], [a].[Name], [a].[NormalizedName]
FROM [AspNetRoles] AS [a]
WHERE [a].[NormalizedName] = @normalizedName
2026-07-09 17:52:45.893 +05:30 [INF] Executed DbCommand (9ms) [Parameters=[@normalizedName='?' (Size = 256)], CommandType='"Text"', CommandTimeout='30']
SELECT TOP(1) [a].[Id], [a].[ConcurrencyStamp], [a].[Name], [a].[NormalizedName]
FROM [AspNetRoles] AS [a]
WHERE [a].[NormalizedName] = @normalizedName
2026-07-09 17:52:45.912 +05:30 [INF] Executed DbCommand (6ms) [Parameters=[@normalizedName='?' (Size = 256)], CommandType='"Text"', CommandTimeout='30']
SELECT TOP(1) [a].[Id], [a].[ConcurrencyStamp], [a].[Name], [a].[NormalizedName]
FROM [AspNetRoles] AS [a]
WHERE [a].[NormalizedName] = @normalizedName
2026-07-09 17:52:46.002 +05:30 [INF] Executed DbCommand (16ms) [Parameters=[@normalizedEmail='?' (Size = 256)], CommandType='"Text"', CommandTimeout='30']
SELECT TOP(2) [a].[Id], [a].[AccessFailedCount], [a].[ConcurrencyStamp], [a].[Discriminator], [a].[Email], [a].[EmailConfirmed], [a].[LockoutEnabled], [a].[LockoutEnd], [a].[NormalizedEmail], [a].[NormalizedUserName], [a].[PasswordHash], [a].[PhoneNumber], [a].[PhoneNumberConfirmed], [a].[SecurityStamp], [a].[TwoFactorEnabled], [a].[UserName]
FROM [AspNetUsers] AS [a]
WHERE [a].[Discriminator] = N'User' AND [a].[NormalizedEmail] = @normalizedEmail
2026-07-09 17:52:47.737 +05:30 [INF] Configured endpoint appointment.events.queue, Consumer: HealthCare.Api.Consumers.AppointmentBookedConsumer
2026-07-09 17:52:48.790 +05:30 [INF] Now listening on: https://localhost:7234
2026-07-09 17:52:48.794 +05:30 [INF] Now listening on: http://localhost:5225
2026-07-09 17:52:48.813 +05:30 [INF] Bus started: "rabbitmq://localhost/"
2026-07-09 17:52:48.943 +05:30 [INF] Application started. Press Ctrl+C to shut down.
2026-07-09 17:52:48.947 +05:30 [INF] Hosting environment: Development
2026-07-09 17:52:48.951 +05:30 [INF] Content root path: C:\Users\310508\source\repos\UST-Live-01\HealthCare\HealthCare.Api
2026-07-09 17:57:48.904 +05:30 [INF] Usage Telemetry: {"id":"cca50000-e56a-1944-449c-08deddb4c96b","created":"2026-07-09T17:52:47.6296375\u002B05:30","host":{"framework_version":"10.0.8","mass_transit_version":"8.4.1.0","operating_system_version":"Microsoft Windows NT 10.0.26200.0","time_zone_info":"(UTC\u002B05:30) Chennai, Kolkata, Mumbai, New Delhi","commit_hash":"8c7e467cd2edf26ecef95e98a99e3633a7325676"},"bus":[{"created":"2026-07-09T17:52:47.6360934\u002B05:30","configured":"2026-07-09T17:52:48.0680316\u002B05:30","started":"2026-07-09T17:52:48.8086845\u002B05:30","name":"IBus","endpoints":[{"name":"appointment.events.queue","type":"RabbitMQ","prefetch_count":16,"consumer_count":1,"message_count":1},{"name":"_bus_","type":"RabbitMQ","prefetch_count":16}]}]}
2026-07-09 17:58:48.943 +05:30 [INF] Request starting HTTP/2 OPTIONS https://localhost:7234/api/auth/login - null null
2026-07-09 17:58:49.060 +05:30 [INF] CORS policy execution successful.
2026-07-09 17:58:49.071 +05:30 [INF] API Request: OPTIONS /api/auth/login responded 204
2026-07-09 17:58:49.093 +05:30 [INF] Request finished HTTP/2 OPTIONS https://localhost:7234/api/auth/login - 204 null null 153.4669ms
2026-07-09 17:58:49.101 +05:30 [INF] Request starting HTTP/2 POST https://localhost:7234/api/auth/login - application/json 59
2026-07-09 17:58:49.123 +05:30 [INF] CORS policy execution successful.
2026-07-09 17:58:49.152 +05:30 [INF] Executing endpoint 'HealthCare.Api.Controllers.AuthController.Login (HealthCare.Api)'
2026-07-09 17:58:49.209 +05:30 [INF] Route matched with {action = "Login", controller = "Auth"}. Executing controller action with signature System.Threading.Tasks.Task`1[Microsoft.AspNetCore.Mvc.IActionResult] Login(HealthCare.Api.DTOs.Auth.LoginDto) on controller HealthCare.Api.Controllers.AuthController (HealthCare.Api).
2026-07-09 17:58:49.454 +05:30 [WRN] You do not have a valid license key for the Lucky Penny software AutoMapper. This is allowed for development and testing scenarios. If you are running in production you are required to have a licensed version. Please visit https://luckypennysoftware.com to obtain a valid license.
2026-07-09 17:58:49.817 +05:30 [INF] Executed DbCommand (41ms) [Parameters=[@normalizedEmail='?' (Size = 256)], CommandType='"Text"', CommandTimeout='30']
SELECT TOP(2) [a].[Id], [a].[AccessFailedCount], [a].[ConcurrencyStamp], [a].[Discriminator], [a].[Email], [a].[EmailConfirmed], [a].[LockoutEnabled], [a].[LockoutEnd], [a].[NormalizedEmail], [a].[NormalizedUserName], [a].[PasswordHash], [a].[PhoneNumber], [a].[PhoneNumberConfirmed], [a].[SecurityStamp], [a].[TwoFactorEnabled], [a].[UserName]
FROM [AspNetUsers] AS [a]
WHERE [a].[Discriminator] = N'User' AND [a].[NormalizedEmail] = @normalizedEmail
2026-07-09 17:58:50.290 +05:30 [INF] Executed DbCommand (19ms) [Parameters=[@userId='?' (Size = 450)], CommandType='"Text"', CommandTimeout='30']
SELECT [a0].[Name]
FROM [AspNetUserRoles] AS [a]
INNER JOIN [AspNetRoles] AS [a0] ON [a].[RoleId] = [a0].[Id]
WHERE [a].[UserId] = @userId
2026-07-09 17:58:50.343 +05:30 [INF] Executed DbCommand (10ms) [Parameters=[@userId='?' (Size = 450)], CommandType='"Text"', CommandTimeout='30']
SELECT TOP(1) [p].[PatientId], [p].[CreatedDate], [p].[DateOfBirth], [p].[FullName], [p].[Gender], [p].[InsuranceId], [p].[IsActive], [p].[PhoneNumber], [p].[UserId]
FROM [Patients] AS [p]
WHERE [p].[UserId] = @userId
2026-07-09 17:58:50.571 +05:30 [INF] Executed DbCommand (1ms) [Parameters=[@userId='?' (Size = 450)], CommandType='"Text"', CommandTimeout='30']
SELECT [a0].[Name]
FROM [AspNetUserRoles] AS [a]
INNER JOIN [AspNetRoles] AS [a0] ON [a].[RoleId] = [a0].[Id]
WHERE [a].[UserId] = @userId
2026-07-09 17:58:50.666 +05:30 [INF] Executing OkObjectResult, writing value of type 'HealthCare.Api.DTOs.Auth.AuthResponseDto'.
2026-07-09 17:58:50.705 +05:30 [INF] Executed action HealthCare.Api.Controllers.AuthController.Login (HealthCare.Api) in 1479.0436ms
2026-07-09 17:58:50.712 +05:30 [INF] Executed endpoint 'HealthCare.Api.Controllers.AuthController.Login (HealthCare.Api)'
2026-07-09 17:58:50.722 +05:30 [INF] API Request: POST /api/auth/login responded 200
2026-07-09 17:58:50.746 +05:30 [INF] Request finished HTTP/2 POST https://localhost:7234/api/auth/login - 200 null application/json; charset=utf-8 1644.5416ms
2026-07-09 17:58:51.119 +05:30 [INF] Request starting HTTP/2 OPTIONS https://localhost:7234/api/records/my-records - null null
2026-07-09 17:58:51.119 +05:30 [INF] Request starting HTTP/2 OPTIONS https://localhost:7234/api/appointments/patient/upcoming - null null
2026-07-09 17:58:51.128 +05:30 [INF] CORS policy execution successful.
2026-07-09 17:58:51.134 +05:30 [INF] CORS policy execution successful.
2026-07-09 17:58:51.136 +05:30 [INF] API Request: OPTIONS /api/records/my-records responded 204
2026-07-09 17:58:51.137 +05:30 [INF] API Request: OPTIONS /api/appointments/patient/upcoming responded 204
2026-07-09 17:58:51.141 +05:30 [INF] Request finished HTTP/2 OPTIONS https://localhost:7234/api/records/my-records - 204 null null 21.8193ms
2026-07-09 17:58:51.143 +05:30 [INF] Request starting HTTP/2 GET https://localhost:7234/api/records/my-records - null null
2026-07-09 17:58:51.144 +05:30 [INF] Request finished HTTP/2 OPTIONS https://localhost:7234/api/appointments/patient/upcoming - 204 null null 25.3586ms
2026-07-09 17:58:51.150 +05:30 [INF] Request starting HTTP/2 GET https://localhost:7234/api/appointments/patient/upcoming - null null
2026-07-09 17:58:51.173 +05:30 [INF] CORS policy execution successful.
2026-07-09 17:58:51.191 +05:30 [INF] CORS policy execution successful.
2026-07-09 17:58:51.357 +05:30 [INF] Executing endpoint 'HealthCare.Api.Controllers.AppointmentController.GetAppointmentByPatient (HealthCare.Api)'
2026-07-09 17:58:51.358 +05:30 [INF] Executing endpoint 'HealthCare.Api.Controllers.HealthRecordController.GetHealthRecordByPatient (HealthCare.Api)'
2026-07-09 17:58:51.381 +05:30 [INF] Route matched with {action = "GetAppointmentByPatient", controller = "Appointment"}. Executing controller action with signature System.Threading.Tasks.Task`1[Microsoft.AspNetCore.Mvc.IActionResult] GetAppointmentByPatient() on controller HealthCare.Api.Controllers.AppointmentController (HealthCare.Api).
2026-07-09 17:58:51.382 +05:30 [INF] Route matched with {action = "GetHealthRecordByPatient", controller = "HealthRecord"}. Executing controller action with signature System.Threading.Tasks.Task`1[Microsoft.AspNetCore.Mvc.IActionResult] GetHealthRecordByPatient() on controller HealthCare.Api.Controllers.HealthRecordController (HealthCare.Api).
2026-07-09 17:58:51.555 +05:30 [INF] Executed DbCommand (26ms) [Parameters=[@id='?' (DbType = Int32)], CommandType='"Text"', CommandTimeout='30']
SELECT [h].[RecordId], [p].[FullName] AS [PatientName], [d].[FullName] AS [DoctorName], [h].[VisitDate], [h].[Diagnosis], [h].[Prescription], [h].[Notes]
FROM [HealthRecords] AS [h]
INNER JOIN [Patients] AS [p] ON [h].[PatientId] = [p].[PatientId]
INNER JOIN [Doctors] AS [d] ON [h].[DoctorId] = [d].[DoctorId]
WHERE [h].[PatientId] = @id
2026-07-09 17:58:51.564 +05:30 [INF] Executing OkObjectResult, writing value of type 'System.Collections.Generic.List`1[[HealthCare.Api.DTOs.HealthRecord.HealthRecordListDto, HealthCare.Shared, Version=1.0.0.0, Culture=neutral, PublicKeyToken=null]]'.
2026-07-09 17:58:51.581 +05:30 [INF] Executed action HealthCare.Api.Controllers.HealthRecordController.GetHealthRecordByPatient (HealthCare.Api) in 187.2479ms
2026-07-09 17:58:51.585 +05:30 [INF] Executed endpoint 'HealthCare.Api.Controllers.HealthRecordController.GetHealthRecordByPatient (HealthCare.Api)'
2026-07-09 17:58:51.588 +05:30 [INF] API Request: GET /api/records/my-records responded 200
2026-07-09 17:58:51.591 +05:30 [INF] Request finished HTTP/2 GET https://localhost:7234/api/records/my-records - 200 null application/json; charset=utf-8 448.0805ms
2026-07-09 17:58:52.136 +05:30 [INF] Executed DbCommand (43ms) [Parameters=[@id='?' (DbType = Int32)], CommandType='"Text"', CommandTimeout='30']
SELECT [a].[AppointmentId], [a].[PatientId], [p].[FullName] AS [PatientName], [d].[FullName] AS [DoctorName], [a].[ScheduledDate], [a].[TimeSlot], [a].[Status]
FROM [Appointments] AS [a]
INNER JOIN [Patients] AS [p] ON [a].[PatientId] = [p].[PatientId]
INNER JOIN [Doctors] AS [d] ON [a].[DoctorId] = [d].[DoctorId]
WHERE [a].[PatientId] = @id AND [a].[ScheduledDate] >= CAST(CONVERT(date, GETDATE()) AS date)
2026-07-09 17:58:52.146 +05:30 [INF] Executing OkObjectResult, writing value of type 'System.Collections.Generic.List`1[[HealthCare.Api.DTOs.Appointment.AppointmentListDto, HealthCare.Shared, Version=1.0.0.0, Culture=neutral, PublicKeyToken=null]]'.
2026-07-09 17:58:52.161 +05:30 [INF] Executed action HealthCare.Api.Controllers.AppointmentController.GetAppointmentByPatient (HealthCare.Api) in 773.9065ms
2026-07-09 17:58:52.167 +05:30 [INF] Executed endpoint 'HealthCare.Api.Controllers.AppointmentController.GetAppointmentByPatient (HealthCare.Api)'
2026-07-09 17:58:52.171 +05:30 [INF] API Request: GET /api/appointments/patient/upcoming responded 200
2026-07-09 17:58:52.176 +05:30 [INF] Request finished HTTP/2 GET https://localhost:7234/api/appointments/patient/upcoming - 200 null application/json; charset=utf-8 1026.1498ms
